00-0039352,M.Liufau,Marist Liufau,LB,LB,"https://static.www.nfl.com/image/upload/f_auto,q_auto/league/i81dbzylyw2mv7odmdck",2025,9,REG,2025_09_ARI_DAL,DAL,ARI,0,0,0,0,0,0,0,0,0,0,0,0,,,0,,0,0,0,0,0,0,0,0,0,0,,0,0,0,0,0,0,0,0,0,0,0,0,0,0,,0,0,0,0,0,,0,0,0,0,1,0,0,0,0,0,0,0,0,0,0,0,0,0,0,0,0,0,0,0,0,0,0,0,0,0,0,0,0,0,0,0,0,0,0,0,0,0,0,0,0,,,0,0,0,0,0,0,0,0,0,0,0,0,,,,0,0,0,0,0,0,0,,0,0,0,0,0,0,0,,0,0,0,0,0,0,0,0,0,0,0,0
00-0039353,J.Jones,Jarrian Jones,CB,DB,"https://static.www.nfl.com/image/upload/f_auto,q_auto/league/zauu0tt26tt32qevyvtm",2025,9,REG,2025_09_JAX_LV,JAX,LV,0,0,0,0,0,0,0,0,0,0,0,0,,,0,,0,0,0,0,0,0,0,0,0,0,,0,0,0,0,0,0,0,0,0,0,0,0,0,0,,0,0,0,0,0,,0,0,0,0,5,1,4,0,0,0,0,0,0,0,0,1,0,0,0,0,0,0,0,0,0,0,0,0,0,0,1,12,0,0,0,0,0,0,0,0,0,0,0,0,0,,,0,0,0,0,0,0,0,0,0,0,0,0,,,,0,0,0,0,0,0,0,,0,0,0,0,0,0,0,,0,0,0,0,0,0,0,0,0,0,0,0
00-0039355,L.McCaffrey,Luke McCaffrey,WR,WR,"https://static.www.nfl.com/image/upload/f_auto,q_auto/league/xtxiwlkniuldrqg65n3q",2025,9,REG,2025_09_SEA_WAS,WAS,SEA,0,0,0,0,0,0,0,0,0,0,0,0,,,0,,0,0,0,0,0,0,0,0,0,0,,0,0,0,0,0,0,0,0,0,0,0,0,0,0,,0,0,0,0,0,,0,0,0,0,0,0,0,0,0,0,0,0,0,0,0,0,0,0,0,0,0,0,0,0,0,0,0,0,0,0,0,0,0,0,0,0,0,0,0,1,19,0,0,0,0,,,0,0,0,0,0,0,0,0,0,0,0,0,,,,0,0,0,0,0,0,0,,0,0,0,0,0,0,0,,0,0,0,0,0,0,0,0,0,0,0,0
00-0039356,J.Sanders,Ja'Tavion Sanders,TE,TE,"https://static.www.nfl.com/image/upload/f_auto,q_auto/league/le2akm1cbou170ioctxl",2025,9,REG,2025_09_CAR_GB,CAR,GB,0,0,0,0,0,0,0,0,0,0,0,0,,,0,,0,0,0,0,0,0,0,0,0,0,,0,0,0,0,0,1,1,5,0,0,0,5,0,0,0.187038218718953,0,0,0,0,0,1,0.0526315789473684,0.04,0.106947368421053,0,1,0,0,0,0,0,0,0,0,0,0,0,0,0,0,0,0,0,0,0,0,0,0,0,0,0,0,0,0,0,0,0,0,0,0,0,0,0,0,0,0,,,0,0,0,0,0,0,0,0,0,0,0,0,,,,0,0,0,0,0,0,0,,0,0,0,0,0,0,0,,0,0,0,0,0,0,0,0,0,0,0.5,1.5
00-0039357,D.Richardson,Decamerion Richardson,CB,DB,"https://static.www.nfl.com/image/upload/f_auto,q_auto/league/glaqpoapm3t8ponuj55p",2025,9,REG,2025_09_JAX_LV,LV,JAX,0,0,0,0,0,0,0,0,0,0,0,0,,,0,,0,0,0,0,0,0,0,0,0,0,,0,0,0,0,0,0,0,0,0,0,0,0,0,0,,0,0,0,0,0,,0,0,0,0,0,0,0,0,0,0,0,0,0,0,0,0,0,0,0,0,0,0,0,0,0,0,0,0,0,0,1,5,0,0,0,0,0,0,0,0,0,0,0,0,0,,,0,0,0,0,0,0,0,0,0,0,0,0,,,,0,0,0,0,0,0,0,,0,0,0,0,0,0,0,,0,0,0,0,0,0,0,0,0,0,0,0
00-0039360,M.Mustapha,Malik Mustapha,SAF,DB,"https://static.www.nfl.com/image/upload/f_auto,q_auto/league/pufbixooejmh540h5qhi",2025,9,REG,2025_09_SF_NYG,SF,NYG,0,0,0,0,0,0,0,0,0,0,0,0,,,0,,0,0,0,0,0,0,0,0,0,0,,0,0,0,0,0,0,0,0,0,0,0,0,0,0,,0,0,0,0,0,,0,0,0,0,3,0,2,0,0,0,0,0,0,0,0,0,0,0,0,0,0,0,0,0,0,0,0,0,0,0,0,0,0,0,0,0,0,0,0,0,0,0,0,0,0,,,0,0,0,0,0,0,0,0,0,0,0,0,,,,0,0,0,0,0,0,0,,0,0,0,0,0,0,0,,0,0,0,0,0,0,0,0,0,0,0,0
00-0039363,I.Guerendo,Isaac Guerendo,RB,RB,"https://static.www.nfl.com/image/upload/f_auto,q_auto/league/uy1bdu0dokosyzl4ohmi",2025,9,REG,2025_09_SF_NYG,SF,NYG,0,0,0,0,0,0,0,0,0,0,0,0,,,0,,0,0,0,0,0,0,0,0,0,0,,0,0,0,0,0,0,0,0,0,0,0,0,0,0,,0,0,0,0,0,,0,0,0,0,0,0,1,0,0,0,0,0,0,0,0,0,0,0,0,0,0,0,0,0,0,0,0,0,0,0,0,0,0,0,0,0,0,0,0,0,0,0,0,0,0,,,0,0,0,0,0,0,0,0,0,0,0,0,,,,0,0,0,0,0,0,0,,0,0,0,0,0,0,0,,0,0,0,0,0,0,0,0,0,0,0,0
00-0039364,S.Vaki,Sione Vaki,RB,RB,"https://static.www.nfl.com/image/upload/f_auto,q_auto/league/abqcluf2gbejhiyjjtoz",2025,9,REG,2025_09_MIN_DET,DET,MIN,0,0,0,0,0,0,0,0,0,0,0,0,,,0,,0,0,0,0,0,0,0,0,0,0,,0,0,0,0,0,0,0,0,0,0,0,0,0,0,,0,0,0,0,0,,0,0,0,0,1,0,1,0,0,0,0,0,0,0,0,0,0,0,0,0,0,0,0,0,0,0,0,0,0,0,0,0,0,0,0,0,0,0,0,0,0,0,0,0,0,,,0,0,0,0,0,0,0,0,0,0,0,0,,,,0,0,0,0,0,0,0,,0,0,0,0,0,0,0,,0,0,0,0,0,0,0,0,0,0,0,0
00-0039368,J.Magee,Jordan Magee,LB,LB,"https://static.www.nfl.com/image/upload/f_auto,q_auto/league/smdokbnjckcbpc9yfxwt",2025,9,REG,2025_09_SEA_WAS,WAS,SEA,0,0,0,0,0,0,0,0,0,0,0,0,,,0,,0,0,0,0,0,0,0,0,0,0,,0,0,0,0,0,0,0,0,0,0,0,0,0,0,,0,0,0,0,0,,0,0,0,0,2,0,3,0,0,0,0,0,0,0,0,0,0,0,0,0,0,0,0,0,0,0,0,0,0,0,0,0,0,0,0,0,0,0,0,0,0,0,0,0,0,,,0,0,0,0,0,0,0,0,0,0,0,0,,,,0,0,0,0,0,0,0,,0,0,0,0,0,0,0,,0,0,0,0,0,0,0,0,0,0,0,0
00-0039369,C.Hart,Cam Hart,CB,DB,"https://static.www.nfl.com/image/upload/f_auto,q_auto/league/khd8lmp7idmluahgvk3u",2025,9,REG,2025_09_LAC_TEN,LAC,TEN,0,0,0,0,0,0,0,0,0,0,0,0,,,0,,0,0,0,0,0,0,0,0,0,0,,0,0,0,0,0,0,0,0,0,0,0,0,0,0,,0,0,0,0,0,,0,0,0,0,1,0,2,0,0,0,0,0,0,0,0,1,0,0,0,0,0,0,0,0,0,0,0,0,0,0,0,0,0,0,0,0,0,0,0,0,0,0,0,0,0,,,0,0,0,0,0,0,0,0,0,0,0,0,,,,0,0,0,0,0,0,0,,0,0,0,0,0,0,0,,0,0,0,0,0,0,0,0,0,0,0,0
00-0039370,J.Bertrand,JD Bertrand,LB,LB,"https://static.www.nfl.com/image/upload/f_auto,q_auto/league/pem7wfoxovov0cjuopjv",2025,9,REG,2025_09_ATL_NE,ATL,NE,0,0,0,0,0,0,0,0,0,0,0,0,,,0,,0,0,0,0,0,0,0,0,0,0,,0,0,0,0,0,0,0,0,0,0,0,0,0,0,,0,0,0,0,0,,0,0,0,0,4,0,1,0,0,0,0,0,0,0,0,0,0,0,0,0,0,0,0,0,0,0,0,0,0,0,0,0,0,0,0,0,0,0,0,0,0,0,0,0,0,,,0,0,0,0,0,0,0,0,0,0,0,0,,,,0,0,0,0,0,0,0,,0,0,0,0,0,0,0,,0,0,0,0,0,0,0,0,0,0,0,0
00-0039371,K.Abrams-Draine,Kris Abrams-Draine,CB,DB,"https://static.www.nfl.com/image/upload/f_auto,q_auto/league/hc2oebsxs7vx7ydwiozy",2025,9,REG,2025_09_DEN_HOU,DEN,HOU,0,0,0,0,0,0,0,0,0,0,0,0,,,0,,0,0,0,0,0,0,0,0,0,0,,0,0,0,0,0,0,0,0,0,0,0,0,0,0,,0,0,0,0,0,,0,0,0,0,5,0,2,1,1,0,0,0,0,0,0,0,0,0,0,0,0,0,0,0,0,0,0,0,0,0,0,0,0,0,0,0,0,0,0,0,0,0,0,0,0,,,0,0,0,0,0,0,0,0,0,0,0,0,,,,0,0,0,0,0,0,0,,0,0,0,0,0,0,0,,0,0,0,0,0,0,0,0,0,0,0,0
00-0039374,T.Eichenberg,Tommy Eichenberg,LB,LB,"https://static.www.nfl.com/image/upload/f_auto,q_auto/league/nzujkx5ycu6leuz2ctie",2025,9,REG,2025_09_JAX_LV,LV,JAX,0,0,0,0,0,0,0,0,0,0,0,0,,,0,,0,0,0,0,0,0,0,0,0,0,,0,0,0,0,0,0,0,0,0,0,0,0,0,0,,0,0,0,0,0,,0,0,0,0,1,0,1,0,0,0,0,0,0,0,0,0,0,0,0,0,0,0,0,0,0,0,0,0,0,0,0,0,0,0,0,0,0,0,0,0,0,0,0,0,0,,,0,0,0,0,0,0,0,0,0,0,0,0,,,,0,0,0,0,0,0,0,,0,0,0,0,0,0,0,,0,0,0,0,0,0,0,0,0,0,0,0
00-0039375,J.Newton,Josh Newton,CB,DB,"https://static.www.nfl.com/image/upload/f_auto,q_auto/league/hhgmda9fcpjbpp2bhxng",2025,9,REG,2025_09_CHI_CIN,CIN,CHI,0,0,0,0,0,0,0,0,0,0,0,0,,,0,,0,0,0,0,0,0,0,0,0,0,,0,0,0,0,0,0,0,0,0,0,0,0,0,0,,0,0,0,0,0,,0,0,0,0,2,0,0,0,0,0,0,0,0,0,0,0,0,0,0,0,0,0,0,0,0,0,0,0,0,0,0,0,0,0,0,0,0,0,0,0,0,0,0,0,0,,,0,0,0,0,0,0,0,0,0,0,0,0,,,,0,0,0,0,0,0,0,,0,0,0,0,0,0,0,,0,0,0,0,0,0,0,0,0,0,0,0
00-0039380,C.Smith-Wade,Chau Smith-Wade,CB,DB,"https://static.www.nfl.com/image/upload/f_auto,q_auto/league/hkbpogql05pnyegi6itv",2025,9,REG,2025_09_CAR_GB,CAR,GB,0,0,0,0,0,0,0,0,0,0,0,0,,,0,,0,0,0,0,0,0,0,0,0,0,,0,0,0,0,0,0,0,0,0,0,0,0,0,0,,0,0,0,0,0,,0,0,0,0,1,0,0,0,0,0,0,0,0,0,0,0,0,0,0,0,0,0,0,0,0,0,0,0,0,0,0,0,0,0,0,0,0,0,0,0,0,0,0,0,0,,,0,0,0,0,0,0,0,0,0,0,0,0,,,,0,0,0,0,0,0,0,,0,0,0,0,0,0,0,,0,0,0,0,0,0,0,0,0,0,0,0
00-0039384,T.Tracy,Tyrone Tracy Jr.,RB,RB,"https://static.www.nfl.com/image/upload/f_auto,q_auto/league/b9nje50lohbprf06xoom",2025,9,REG,2025_09_SF_NYG,NYG,SF,0,0,0,0,0,0,0,0,0,0,0,0,,,0,,0,0,0,0,5,18,0,0,0,1,-0.641398687497713,0,1,0,0,0,3,4,19,0,0,0,-3,25,2,1.20959363970906,0,1,0,0,0,-6.33333333333333,0.125,-0.0138248847926267,0.177822580645161,0,0,0,0,0,0,0,0,0,0,0,0,0,0,0,0,0,0,0,0,0,0,0,0,0,0,0,0,0,0,0,0,0,0,0,0,0,0,0,0,0,0,,,0,0,0,0,0,0,0,0,0,0,0,0,,,,0,0,0,0,0,0,0,,0,0,0,0,0,0,0,,0,0,0,0,0,0,0,0,0,0,3.7,6.7
00-0039387,C.Carson,Caelen Carson,DB,DB,"https://static.www.nfl.com/image/upload/f_auto,q_auto/league/hcwdub8jq0t7at4smblo",2025,9,REG,2025_09_ARI_DAL,DAL,ARI,0,0,0,0,0,0,0,0,0,0,0,0,,,0,,0,0,0,0,0,0,0,0,0,0,,0,0,0,0,0,0,0,0,0,0,0,0,0,0,,0,0,0,0,0,,0,0,0,0,0,0,1,0,0,0,0,0,0,0,0,0,0,0,0,0,0,0,0,0,0,0,0,0,0,0,1,10,0,0,0,0,0,0,0,0,0,0,0,0,0,,,0,0,0,0,0,0,0,0,0,0,0,0,,,,0,0,0,0,0,0,0,,0,0,0,0,0,0,0,,0,0,0,0,0,0,0,0,0,0,0,0
00-0039391,K.Vidal,Kimani Vidal,RB,RB,"https://static.www.nfl.com/image/upload/f_auto,q_auto/league/tqdctdun0bv60d5ziwtl",2025,9,REG,2025_09_LAC_TEN,LAC,TEN,0,0,0,0,0,0,0,0,0,0,0,0,,,0,,0,0,0,0,12,30,0,1,0,1,-1.3811913068057,0,0,0,0,0,0,1,0,0,0,0,7,0,0,-0.757407131488435,0,0,0,0,0,0,0.0357142857142857,0.022508038585209,0.0693270555810749,0,0,0,0,0,0,0,0,0,0,0,0,0,0,0,0,0,0,0,0,0,0,1,0,0,0,0,0,0,1,0,0,1,0,0,0,0,0,0,0,0,0,,,0,0,0,0,0,0,0,0,0,0,0,0,,,,0,0,0,0,0,0,0,,0,0,0,0,0,0,0,,0,0,0,0,0,0,0,0,0,0,3,3
00-0039395,J.Hill,Jamal Hill,LB,LB,"https://static.www.nfl.com/image/upload/f_auto,q_auto/league/wmxibtpnomcoopmuv8fi",2025,9,REG,2025_09_DEN_HOU,HOU,DEN,0,0,0,0,0,0,0,0,0,0,0,0,,,0,,0,0,0,0,0,0,0,0,0,0,,0,0,0,0,0,0,0,0,0,0,0,0,0,0,,0,0,0,0,0,,0,0,0,0,0,0,1,0,0,0,0,0,0,0,0,0,0,0,0,0,0,0,0,0,0,0,0,0,0,0,0,0,0,0,0,0,0,0,0,0,0,0,0,0,0,,,0,0,0,0,0,0,0,0,0,0,0,0,,,,0,0,0,0,0,0,0,,0,0,0,0,0,0,0,,0,0,0,0,0,0,0,0,0,0,0,0
00-0039404,W.Reichard,Will Reichard,K,SPEC,"https://static.www.nfl.com/image/upload/f_auto,q_auto/league/wv1h4umuddkfss96uutw",2025,9,REG,2025_09_MIN_DET,MIN,DET,0,0,0,0,0,0,0,0,0,0,0,0,,,0,,0,0,0,0,0,0,0,0,0,0,,0,0,0,0,0,0,0,0,0,0,0,0,0,0,,0,0,0,0,0,,0,0,0,0,0,0,0,0,0,0,0,0,0,0,0,0,0,0,0,0,0,0,0,0,0,0,0,0,0,0,0,0,0,0,0,0,0,0,0,0,0,2,2,0,0,50,1,0,1,0,0,1,0,0,0,0,0,0,0,50;20,,,70,0,0,3,3,0,0,1,0,0,0,0,0,0,0,,0,0,0,0,0,0,0,0,0,0,0,0
00-0039407,D.Laube,Dylan Laube,RB,RB,"https://static.www.nfl.com/image/upload/f_auto,q_auto/league/lpizdza73bgksstymv5t",2025,9,REG,2025_09_JAX_LV,LV,JAX,0,0,0,0,0,0,0,0,0,0,0,0,,,0,,0,0,0,0,0,0,0,0,0,0,,0,0,0,0,0,0,0,0,0,0,0,0,0,0,,0,0,0,0,0,,0,0,0,0,0,0,0,0,0,0,0,0,0,0,0,0,0,0,0,0,0,0,0,0,0,0,0,0,0,0,0,0,0,0,0,0,0,0,0,1,30,0,0,0,0,,,0,0,0,0,0,0,0,0,0,0,0,0,,,,0,0,0,0,0,0,0,,0,0,0,0,0,0,0,,0,0,0,0,0,0,0,0,0,0,0,0
00-0039409,C.Little,Cam Little,K,SPEC,"https://static.www.nfl.com/image/upload/f_auto,q_auto/league/mc9goepr7mglrx6ek1fi",2025,9,REG,2025_09_JAX_LV,JAX,LV,0,0,0,0,0,0,0,0,0,0,0,0,,,0,,0,0,0,0,0,0,0,0,0,0,,0,0,0,0,0,0,0,0,0,0,0,0,0,0,,0,0,0,0,0,,0,0,0,0,0,0,1,0,0,0,0,0,0,0,0,0,0,0,0,0,0,0,0,0,0,0,0,0,0,0,0,0,0,0,0,0,0,0,0,0,0,3,3,0,0,68,1,0,0,1,1,0,1,0,0,0,0,0,0,68;33;48,,,149,0,0,3,3,0,0,1,0,0,0,0,0,0,0,,0,0,0,0,0,0,0,0,0,0,0,0
00-0039410,R.Flournoy,Ryan Flournoy,WR,WR,"https://static.www.nfl.com/image/upload/f_auto,q_auto/league/tqwq3cgpqu7j9hzoyicx",2025,9,REG,2025_09_ARI_DAL,DAL,ARI,0,0,0,0,0,0,0,0,0,0,0,0,,,0,,0,0,0,0,0,0,0,0,0,0,,0,0,0,0,0,2,2,12,1,0,0,12,0,2,2.5210021166713,0,0,0,0,0,1,0.0555555555555556,0.03,0.104333333333333,0,0,0,1,0,0,0,0,0,0,0,0,0,0,0,0,0,0,0,0,0,0,0,0,0,0,0,0,0,0,0,0,0,0,0,0,0,0,0,0,0,0,,,0,0,0,0,0,0,0,0,0,0,0,0,,,,0,0,0,0,0,0,0,,0,0,0,0,0,0,0,,0,0,0,0,0,0,0,0,0,0,7.2,9.2
00-0039421,L.Rodriguez,Levi Drake Rodriguez,DL,DL,"https://static.www.nfl.com/image/upload/f_auto,q_auto/league/omsedg4telmr0fvhhegj",2025,9,REG,2025_09_MIN_DET,MIN,DET,0,0,0,0,0,0,0,0,0,0,0,0,,,0,,0,0,0,0,0,0,0,0,0,0,,0,0,0,0,0,0,0,0,0,0,0,0,0,0,,0,0,0,0,0,,0,0,0,0,1,0,1,1,6,0,1,6,2,0,0,0,0,0,0,0,0,1,0,0,0,0,0,0,0,0,0,0,0,0,0,0,0,0,0,0,0,0,0,0,0,,,0,0,0,0,0,0,0,0,0,0,0,0,,,,0,0,0,0,0,0,0,,0,0,0,0,0,0,0,,0,0,0,0,0,0,0,0,0,0,0,0
00-0039423,J.Laulu,Jonah Laulu,DT,DL,"https://static.www.nfl.com/image/upload/f_auto,q_auto/league/kxxw0cwdafdxbsvh5un9",2025,9,REG,2025_09_JAX_LV,LV,JAX,0,0,0,0,0,0,0,0,0,0,0,0,,,0,,0,0,0,0,0,0,0,0,0,0,,0,0,0,0,0,0,0,0,0,0,0,0,0,0,,0,0,0,0,0,,0,0,0,0,2,0,2,0,0,0,0,0,0,0,0,0,0,0,0,0,0,0,0,0,0,0,0,0,0,0,0,0,0,0,0,0,0,0,0,0,0,0,0,0,0,,,0,0,0,0,0,0,0,0,0,0,0,0,,,,0,0,0,0,0,0,0,,0,0,0,0,0,0,0,,0,0,0,0,0,0,0,0,0,0,0,0
00-0039435,T.Bethune,Tatum Bethune,LB,LB,"https://static.www.nfl.com/image/upload/f_auto,q_auto/league/l2s0tyb8yoet0rohrik5",2025,9,REG,2025_09_SF_NYG,SF,NYG,0,0,0,0,0,0,0,0,0,0,0,0,,,0,,0,0,0,0,0,0,0,0,0,0,,0,0,0,0,0,0,0,0,0,0,0,0,0,0,,0,0,0,0,0,,0,0,0,0,8,0,8,0,0,0,0,0,0,0,0,1,0,0,0,0,0,0,0,0,0,0,0,0,0,0,1,10,0,0,0,0,0,0,0,0,0,0,0,0,0,,,0,0,0,0,0,0,0,0,0,0,0,0,,,,0,0,0,0,0,0,0,,0,0,0,0,0,0,0,,0,0,0,0,0,0,0,0,0,0,0,0
00-0039436,J.Harrell,Jaylen Harrell,DE,DL,"https://static.www.nfl.com/image/upload/f_auto,q_auto/league/tlijnhz6kshuwcnjha1m",2025,9,REG,2025_09_LAC_TEN,TEN,LAC,0,0,0,0,0,0,0,0,0,0,0,0,,,0,,0,0,0,0,0,0,0,0,0,0,,0,0,0,0,0,0,0,0,0,0,0,0,0,0,,0,0,0,0,0,,0,0,0,0,0,0,2,0,0,0,0,0,0,0,0,0,0,0,0,0,0,0,0,0,0,0,0,0,0,0,0,0,0,0,0,0,0,0,0,0,0,0,0,0,0,,,0,0,0,0,0,0,0,0,0,0,0,0,,,,0,0,0,0,0,0,0,,0,0,0,0,0,0,0,,0,0,0,0,0,0,0,0,0,0,0,0
00-0039459,T.Benedet,Theo Benedet,OL,OL,"https://static.www.nfl.com/image/upload/f_auto,q_auto/league/jar87gerxyz6bhf3xezu",2025,9,REG,2025_09_CHI_CIN,CHI,CIN,0,0,0,0,0,0,0,0,0,0,0,0,,,0,,0,0,0,0,0,0,0,0,0,0,,0,0,0,0,0,0,0,0,0,0,0,0,0,0,,0,0,0,0,0,,0,0,0,0,0,0,0,0,0,0,0,0,0,0,0,0,0,0,0,0,0,0,0,0,0,0,0,0,0,0,2,12,0,0,0,0,0,0,0,0,0,0,0,0,0,,,0,0,0,0,0,0,0,0,0,0,0,0,,,,0,0,0,0,0,0,0,,0,0,0,0,0,0,0,,0,0,0,0,0,0,0,0,0,0,0,0
00-0039460,C.Jones,Carl Jones,LB,LB,"https://static.www.nfl.com/image/upload/f_auto,q_auto/league/l4vvhcbssti8qvjhxigf",2025,9,REG,2025_09_CHI_CIN,CHI,CIN,0,0,0,0,0,0,0,0,0,0,0,0,,,0,,0,0,0,0,0,0,0,0,0,0,,0,0,0,0,0,0,0,0,0,0,0,0,0,0,,0,0,0,0,0,,0,0,0,0,0,0,2,0,0,0,0,0,0,0,0,0,0,0,0,0,0,0,0,0,0,0,0,0,0,0,0,0,0,0,0,0,0,0,0,0,0,0,0,0,0,,,0,0,0,0,0,0,0,0,0,0,0,0,,,,0,0,0,0,0,0,0,,0,0,0,0,0,0,0,,0,0,0,0,0,0,0,0,0,0,0,0
00-0039465,R.Steward,Reddy Steward,DB,DB,"https://static.www.nfl.com/image/upload/f_auto,q_auto/league/e7fvszuuhvqn17ruftl0",2025,9,REG,2025_09_ARI_DAL,DAL,ARI,0,0,0,0,0,0,0,0,0,0,0,0,,,0,,0,0,0,0,0,0,0,0,0,0,,0,0,0,0,0,0,0,0,0,0,0,0,0,0,,0,0,0,0,0,,0,0,0,0,2,0,0,1,7,0,1,7,1,0,0,0,0,0,0,0,0,0,0,0,0,0,0,0,0,0,0,0,0,0,0,0,0,0,0,0,0,0,0,0,0,,,0,0,0,0,0,0,0,0,0,0,0,0,,,,0,0,0,0,0,0,0,,0,0,0,0,0,0,0,,0,0,0,0,0,0,0,0,0,0,0,0
00-0039483,I.Johnson,Isaiah Johnson,CB,DB,"https://static.www.nfl.com/image/upload/f_auto,q_auto/league/z8wqepet6gpcqnhehgyj",2025,9,REG,2025_09_BAL_MIA,MIA,BAL,0,0,0,0,0,0,0,0,0,0,0,0,,,0,,0,0,0,0,0,0,0,0,0,0,,0,0,0,0,0,0,0,0,0,0,0,0,0,0,,0,0,0,0,0,,0,0,0,0,1,0,0,0,0,0,0,0,0,0,0,0,0,0,0,0,0,0,0,0,0,0,0,0,0,0,0,0,0,0,0,0,0,0,0,0,0,0,0,0,0,,,0,0,0,0,0,0,0,0,0,0,0,0,,,,0,0,0,0,0,0,0,,0,0,0,0,0,0,0,,0,0,0,0,0,0,0,0,0,0,0,0
00-0039491,J.Coker,Jalen Coker,WR,WR,"https://static.www.nfl.com/image/upload/f_auto,q_auto/league/yynz8rxen6tsvhojggiv",2025,9,REG,2025_09_CAR_GB,CAR,GB,0,0,0,0,0,0,0,0,0,0,0,0,,,0,,0,0,0,0,0,0,0,0,0,0,,0,0,0,0,0,1,1,9,0,0,0,9,0,1,0.705368778551929,0,0,0,0,0,1,0.0526315789473684,0.072,0.129347368421053,0,0,0,0,0,0,0,0,0,0,0,0,0,0,0,0,0,0,0,0,0,0,0,0,0,0,0,0,0,0,0,0,0,0,0,0,0,0,0,0,0,0,,,0,0,0,0,0,0,0,0,0,0,0,0,,,,0,0,0,0,0,0,0,,0,0,0,0,0,0,0,,0,0,0,0,0,0,0,0,0,0,0.9,1.9
00-0039530,B.Spann-Ford,Brevyn Spann-Ford,TE,TE,"https://static.www.nfl.com/image/upload/f_auto,q_auto/league/sko2pmuqociwa92ep1ad",2025,9,REG,2025_09_ARI_DAL,DAL,ARI,0,0,0,0,0,0,0,0,0,0,0,0,,,0,,0,0,0,0,0,0,0,0,0,0,,0,0,0,0,0,0,0,0,0,0,0,0,0,0,,0,0,0,0,0,,0,0,0,0,1,0,0,0,0,0,0,0,0,0,0,0,0,0,0,0,0,0,0,0,0,0,0,0,0,0,0,0,0,0,0,0,0,0,0,0,0,0,0,0,0,,,0,0,0,0,0,0,0,0,0,0,0,0,,,,0,0,0,0,0,0,0,,0,0,0,0,0,0,0,,0,0,0,0,0,0,0,0,0,0,0,0
00-0039601,D.Richardson,Demani Richardson,SAF,DB,"https://static.www.nfl.com/image/upload/f_auto,q_auto/league/gjav3xshmapw1yybykxz",2025,9,REG,2025_09_CAR_GB,CAR,GB,0,0,0,0,0,0,0,0,0,0,0,0,,,0,,0,0,0,0,0,0,0,0,0,0,,0,0,0,0,0,0,0,0,0,0,0,0,0,0,,0,0,0,0,0,,0,0,0,0,0,0,1,0,0,0,0,0,0,0,0,0,0,0,0,0,0,0,0,0,0,0,0,0,0,0,0,0,0,0,0,0,0,0,0,0,0,0,0,0,0,,,0,0,0,0,0,0,0,0,0,0,0,0,,,,0,0,0,0,0,0,0,,0,0,0,0,0,0,0,,0,0,0,0,0,0,0,0,0,0,0,0
00-0039603,B.Brooks,British Brooks,RB,RB,"https://static.www.nfl.com/image/upload/f_auto,q_auto/league/jethzcwj6oeitvdprnk8",2025,9,REG,2025_09_DEN_HOU,HOU,DEN,0,0,0,0,0,0,0,0,0,0,0,0,,,0,,0,0,0,0,2,0,0,0,0,0,-1.43675579747651,0,0,0,0,0,0,0,0,0,0,0,0,0,0,,0,0,0,0,0,,0,0,0,0,0,0,1,0,0,0,0,0,0,0,0,0,0,0,0,0,0,0,0,0,0,0,0,0,0,0,0,0,0,0,0,0,0,0,0,0,0,0,0,0,0,,,0,0,0,0,0,0,0,0,0,0,0,0,,,,0,0,0,0,0,0,0,,0,0,0,0,0,0,0,,0,0,0,0,0,0,0,0,0,0,0,0
00-0039632,P.Jules,PJ Jules,SAF,DB,"https://static.www.nfl.com/image/upload/f_auto,q_auto/league/ypmhoannzlvxolhoalkc",2025,9,REG,2025_09_CHI_CIN,CIN,CHI,0,0,0,0,0,0,0,0,0,0,0,0,,,0,,0,0,0,0,0,0,0,0,0,0,,0,0,0,0,0,0,0,0,0,0,0,0,0,0,,0,0,0,0,0,,0,0,0,0,0,0,1,0,0,0,0,0,0,0,0,0,0,0,0,0,0,0,0,0,0,0,0,0,0,0,0,0,0,0,0,0,0,0,0,0,0,0,0,0,0,,,0,0,0,0,0,0,0,0,0,0,0,0,,,,0,0,0,0,0,0,0,,0,0,0,0,0,0,0,,0,0,0,0,0,0,0,0,0,0,0,0
00-0039637,M.Njongmeta,Maema Njongmeta,LB,LB,"https://static.www.nfl.com/image/upload/f_auto,q_auto/league/xilgtxzojnxouajl01uc",2025,9,REG,2025_09_CAR_GB,CAR,GB,0,0,0,0,0,0,0,0,0,0,0,0,,,0,,0,0,0,0,0,0,0,0,0,0,,0,0,0,0,0,0,0,0,0,0,0,0,0,0,,0,0,0,0,0,,0,0,0,0,0,0,1,0,0,0,0,0,0,0,0,0,0,0,0,0,0,0,0,0,0,0,0,0,0,0,0,0,0,0,0,0,0,0,0,0,0,0,0,0,0,,,0,0,0,0,0,0,0,0,0,0,0,0,,,,0,0,0,0,0,0,0,,0,0,0,0,0,0,0,,0,0,0,0,0,0,0,0,0,0,0,0
00-0039648,D.Martin-Robinson,David Martin-Robinson,TE,TE,"https://static.www.nfl.com/image/upload/f_auto,q_auto/league/imh2h5q6jmoqno5xlpwm",2025,9,REG,2025_09_LAC_TEN,TEN,LAC,0,0,0,0,0,0,0,0,0,0,0,0,,,0,,0,0,0,0,0,0,0,0,0,0,,0,0,0,0,0,0,0,0,0,0,0,0,0,0,,0,0,0,0,0,,0,0,0,0,1,0,1,0,0,0,0,0,0,0,0,0,0,0,0,0,0,0,0,0,0,0,0,0,0,0,0,0,0,0,0,0,0,0,0,0,0,0,0,0,0,,,0,0,0,0,0,0,0,0,0,0,0,0,,,,0,0,0,0,0,0,0,,0,0,0,0,0,0,0,,0,0,0,0,0,0,0,0,0,0,0,0
00-0039660,T.Harper,Thomas Harper,SAF,DB,"https://static.www.nfl.com/image/upload/f_auto,q_auto/league/gndkodhyidctgvcqy1bk",2025,9,REG,2025_09_MIN_DET,DET,MIN,0,0,0,0,0,0,0,0,0,0,0,0,,,0,,0,0,0,0,0,0,0,0,0,0,,0,0,0,0,0,0,0,0,0,0,0,0,0,0,,0,0,0,0,0,,0,0,0,0,2,0,0,0,0,0,0,0,0,0,0,0,0,0,0,0,0,0,0,0,0,0,0,0,0,0,0,0,0,0,0,0,0,0,0,0,0,0,0,0,0,,,0,0,0,0,0,0,0,0,0,0,0,0,,,,0,0,0,0,0,0,0,,0,0,0,0,0,0,0,,0,0,0,0,0,0,0,0,0,0,0,0
00-0039681,T.Owens,Tyler Owens,DB,DB,"https://static.www.nfl.com/image/upload/f_auto,q_auto/league/rxf3jhkiysfn1vi91kvv",2025,9,REG,2025_09_SEA_WAS,WAS,SEA,0,0,0,0,0,0,0,0,0,0,0,0,,,0,,0,0,0,0,0,0,0,0,0,0,,0,0,0,0,0,0,0,0,0,0,0,0,0,0,,0,0,0,0,0,,0,0,0,0,1,0,1,0,0,0,0,0,0,0,0,0,0,0,0,0,0,0,0,0,0,0,0,0,0,0,1,5,0,0,0,0,0,0,0,0,0,0,0,0,0,,,0,0,0,0,0,0,0,0,0,0,0,0,,,,0,0,0,0,0,0,0,,0,0,0,0,0,0,0,,0,0,0,0,0,0,0,0,0,0,0,0
00-0039692,D.Pettus,Dell Pettus,SAF,DB,"https://static.www.nfl.com/image/upload/f_auto,q_auto/league/irmi15lyy3l28z6s0wgx",2025,9,REG,2025_09_ATL_NE,NE,ATL,0,0,0,0,0,0,0,0,0,0,0,0,,,0,,0,0,0,0,0,0,0,0,0,0,,0,0,0,0,0,0,0,0,0,0,0,0,0,0,,0,0,0,0,0,,0,0,0,0,0,0,0,0,0,0,0,0,0,0,0,1,0,0,0,0,0,0,0,0,0,0,0,0,0,0,0,0,0,0,0,0,0,0,0,0,0,0,0,0,0,,,0,0,0,0,0,0,0,0,0,0,0,0,,,,0,0,0,0,0,0,0,,0,0,0,0,0,0,0,,0,0,0,0,0,0,0,0,0,0,0,0
00-0039731,J.Latham,JC Latham,OT,OL,"https://static.www.nfl.com/image/upload/f_auto,q_auto/league/smrxlm1rtszojndj3wvu",2025,9,REG,2025_09_LAC_TEN,TEN,LAC,0,0,0,0,0,0,0,0,0,0,0,0,,,0,,0,0,0,0,0,0,0,0,0,0,,0,0,0,0,0,0,0,0,0,0,0,0,0,0,,0,0,0,0,0,,0,0,0,0,0,0,0,0,0,0,0,0,0,0,0,0,0,0,0,0,0,0,0,0,0,1,0,0,0,0,1,5,0,0,0,0,0,0,0,0,0,0,0,0,0,,,0,0,0,0,0,0,0,0,0,0,0,0,,,,0,0,0,0,0,0,0,,0,0,0,0,0,0,0,,0,0,0,0,0,0,0,0,0,0,0,0
00-0039732,B.Nix,Bo Nix,QB,QB,"https://static.www.nfl.com/image/upload/f_auto,q_auto/league/zvo9xatffmqn9lnukpgk",2025,9,REG,2025_09_DEN_HOU,DEN,HOU,18,37,173,2,1,1,-2,0,0,441,92,9,-3.50015967123193,-10.228743447977,1,0.392290249433107,8,4,3,0,3,36,0,0,0,1,1.77376806321408,0,1,1,1,0,0,0,0,0,0,0,0,0,0,,0,0,0,0,0,,0,0,0,0,0,0,0,0,0,0,0,0,0,0,0,0,0,0,0,0,0,0,0,0,0,0,0,0,0,0,0,0,0,0,0,0,0,0,0,0,0,0,0,0,0,,,0,0,0,0,0,0,0,0,0,0,0,0,,,,0,0,0,0,0,0,0,,0,0,0,0,0,0,0,,0,0,0,0,0,0,0,0,0,0,18.52,18.52
00-0039733,R.Orhorhoro,Ruke Orhorhoro,DT,DL,"https://static.www.nfl.com/image/upload/f_auto,q_auto/league/oeufrmiwlvyce7vggwrx",2025,9,REG,2025_09_ATL_NE,ATL,NE,0,0,0,0,0,0,0,0,0,0,0,0,,,0,,0,0,0,0,0,0,0,0,0,0,,0,0,0,0,0,0,0,0,0,0,0,0,0,0,,0,0,0,0,0,,0,0,0,0,1,0,2,0,0,0,0,0,0,0,0,0,0,0,0,0,0,0,0,0,0,0,0,0,0,0,0,0,0,0,0,0,0,0,0,0,0,0,0,0,0,,,0,0,0,0,0,0,0,0,0,0,0,0,,,,0,0,0,0,0,0,0,,0,0,0,0,0,0,0,,0,0,0,0,0,0,0,0,0,0,0,0
00-0039734,B.Fiske,Braden Fiske,DT,DL,"https://static.www.nfl.com/image/upload/f_auto,q_auto/league/nepcpkxlqw0mvpwrgvh8",2025,9,REG,2025_09_NO_LA,LA,NO,0,0,0,0,0,0,0,0,0,0,0,0,,,0,,0,0,0,0,0,0,0,0,0,0,,0,0,0,0,0,0,0,0,0,0,0,0,0,0,,0,0,0,0,0,,0,0,0,0,1,0,2,1,9,0,1,9,1,0,0,0,0,0,0,0,0,0,0,0,0,0,0,0,0,0,0,0,0,0,0,0,0,0,0,0,0,0,0,0,0,,,0,0,0,0,0,0,0,0,0,0,0,0,,,,0,0,0,0,0,0,0,,0,0,0,0,0,0,0,,0,0,0,0,0,0,0,0,0,0,0,0
00-0039738,B.Corum,Blake Corum,RB,RB,"https://static.www.nfl.com/image/upload/f_auto,q_auto/league/axzqbqjkrbwfzodwwakq",2025,9,REG,2025_09_NO_LA,LA,NO,0,0,0,0,0,0,0,0,0,0,0,0,,,0,,0,0,0,0,13,58,0,0,0,3,0.194891771010589,0,2,1,1,0,0,0,0,0,0,0,0,0,0,,0,0,0,0,0,,0,0,0,0,0,0,0,0,0,0,0,0,0,0,0,0,0,0,0,0,0,0,0,0,0,0,0,0,0,0,0,0,0,0,0,0,0,0,0,0,0,0,0,0,0,,,0,0,0,0,0,0,0,0,0,0,0,0,,,,0,0,0,0,0,0,0,,0,0,0,0,0,0,0,,0,0,0,0,0,0,0,0,0,0,5.8,5.8
00-0039739,R.Wilson,Roman Wilson,WR,WR,"https://static.www.nfl.com/image/upload/f_auto,q_auto/league/xuhjoscmhmmsutbvfmrs",2025,9,REG,2025_09_IND_PIT,PIT,IND,0,0,0,0,0,0,0,0,0,0,0,0,,,0,,0,0,0,0,0,0,0,0,0,0,,0,0,0,0,0,1,2,4,0,1,1,-6,5,0,-3.87555542809423,0,0,0,0,0,0,0.0571428571428571,-0.058252427184466,0.0449375866851595,0,0,0,0,0,0,0,0,0,0,0,0,0,0,0,0,0,0,0,0,0,0,0,0,0,0,0,0,0,1,0,0,1,1,0,0,0,0,0,0,0,0,,,0,0,0,0,0,0,0,0,0,0,0,0,,,,0,0,0,0,0,0,0,,0,0,0,0,0,0,0,,0,0,0,0,0,0,0,0,0,0,-1.6,-0.6
00-0039741,P.Wilson,Payton Wilson,LB,LB,"https://static.www.nfl.com/image/upload/f_auto,q_auto/league/zgvgobg9xpibsa2sofyw",2025,9,REG,2025_09_IND_PIT,PIT,IND,0,0,0,0,0,0,0,0,0,0,0,0,,,0,,0,0,0,0,0,0,0,0,0,0,,0,0,0,0,0,0,0,0,0,0,0,0,0,0,,0,0,0,0,0,,0,0,0,0,9,1,4,0,0,0,0,0,0,1,17,2,0,0,0,0,0,0,0,0,0,0,0,0,0,0,0,0,0,0,0,0,0,0,0,0,0,0,0,0,0,,,0,0,0,0,0,0,0,0,0,0,0,0,,,,0,0,0,0,0,0,0,,0,0,0,0,0,0,0,,0,0,0,0,0,0,0,0,0,0,0,0
00-0039743,J.Jefferson,Jordan Jefferson,DT,DL,"https://static.www.nfl.com/image/upload/f_auto,q_auto/league/wt7ym1nrxza2qq9hzaux",2025,9,REG,2025_09_CHI_CIN,CIN,CHI,0,0,0,0,0,0,0,0,0,0,0,0,,,0,,0,0,0,0,0,0,0,0,0,0,,0,0,0,0,0,0,0,0,0,0,0,0,0,0,,0,0,0,0,0,,0,0,0,0,0,0,0,0,0,0,0,0,0,0,0,0,0,0,0,0,0,0,0,0,0,0,0,0,0,0,1,4,0,0,0,0,0,0,0,0,0,0,0,0,0,,,0,0,0,0,0,0,0,0,0,0,0,0,,,,0,0,0,0,0,0,0,,0,0,0,0,0,0,0,,0,0,0,0,0,0,0,0,0,0,0,0
00-0039744,T.Bortolini,Tanor Bortolini,G,OL,"https://static.www.nfl.com/image/upload/f_auto,q_auto/league/m2gbuydcsxpusvpfcmxk",2025,9,REG,2025_09_IND_PIT,IND,PIT,0,0,0,0,0,0,0,0,0,0,0,0,,,0,,0,0,0,0,0,0,0,0,0,0,,0,0,0,0,0,0,0,0,0,0,0,0,0,0,,0,0,0,0,0,,0,0,0,0,1,0,0,0,0,0,0,0,0,0,0,0,0,0,0,0,0,0,0,0,0,0,0,0,0,0,0,0,0,0,0,0,0,0,0,0,0,0,0,0,0,,,0,0,0,0,0,0,0,0,0,0,0,0,,,,0,0,0,0,0,0,0,,0,0,0,0,0,0,0,,0,0,0,0,0,0,0,0,0,0,0,0
00-0039745,T.Taylor,Tory Taylor,P,SPEC,"https://static.www.nfl.com/image/upload/f_auto,q_auto/league/fvmwdsbi4nkpw9hfm4qj",2025,9,REG,2025_09_CHI_CIN,CHI,CIN,0,0,0,0,0,0,0,0,0,0,0,0,,,0,,0,0,0,0,0,0,0,0,0,0,,0,0,0,0,0,0,0,0,0,0,0,0,0,0,,0,0,0,0,0,,0,0,0,0,0,0,0,0,0,0,0,0,0,0,0,0,0,0,0,0,0,0,0,0,0,0,0,0,0,0,0,0,0,0,0,0,0,0,0,0,0,0,0,0,0,,,0,0,0,0,0,0,0,0,0,0,0,0,,,,0,0,0,0,0,0,0,,0,0,0,0,0,2,0,69,117,1,0,0,0,0,2,12,0,105,0,0
00-0039749,T.Davis,Tyler Davis,DE,DL,"https://static.www.nfl.com/image/upload/f_auto,q_auto/league/ych0dv47y4jomyxybenf",2025,9,REG,2025_09_NO_LA,LA,NO,0,0,0,0,0,0,0,0,0,0,0,0,,,0,,0,0,0,0,0,0,0,0,0,0,,0,0,0,0,0,0,0,0,0,0,0,0,0,0,,0,0,0,0,0,,0,0,0,0,0,0,1,0,0,0,0,0,0,0,0,1,0,0,0,0,0,0,0,0,0,0,0,0,0,0,0,0,0,0,0,0,0,0,0,0,0,0,0,0,0,,,0,0,0,0,0,0,0,0,0,0,0,0,,,,0,0,0,0,0,0,0,,0,0,0,0,0,0,0,,0,0,0,0,0,0,0,0,0,0,0,0
00-0039750,J.Karty,Joshua Karty,K,SPEC,"https://static.www.nfl.com/image/upload/f_auto,q_auto/league/j51z79en8vs3qdgkvnn5",2025,9,REG,2025_09_NO_LA,LA,NO,0,0,0,0,0,0,0,0,0,0,0,0,,,0,,0,0,0,0,0,0,0,0,0,0,,0,0,0,0,0,0,0,0,0,0,0,0,0,0,,0,0,0,0,0,,0,0,0,0,0,0,0,0,0,0,0,0,0,0,0,0,0,0,0,0,0,0,0,0,0,0,0,0,0,0,0,0,0,0,0,0,0,0,0,0,0,0,1,1,0,,0,0,0,0,0,0,0,0,0,1,0,0,0,,39,,0,39,0,4,5,1,0,0.8,0,0,0,0,0,0,0,,0,0,0,0,0,0,0,0,0,0,0,0
00-0039752,C.Johnson,Cedric Johnson,DE,DL,"https://static.www.nfl.com/image/upload/f_auto,q_auto/league/yi5naoq2xpx34pwpt25y",2025,9,REG,2025_09_CHI_CIN,CIN,CHI,0,0,0,0,0,0,0,0,0,0,0,0,,,0,,0,0,0,0,0,0,0,0,0,0,,0,0,0,0,0,0,0,0,0,0,0,0,0,0,,0,0,0,0,0,,0,0,0,0,0,0,1,0,0,0,0,0,1,0,0,0,0,0,0,0,0,0,0,0,0,0,0,0,0,0,0,0,0,0,0,0,0,0,0,0,0,0,0,0,0,,,0,0,0,0,0,0,0,0,0,0,0,0,,,,0,0,0,0,0,0,0,,0,0,0,0,0,0,0,,0,0,0,0,0,0,0,0,0,0,0,0
00-0039757,T.Jennings,Terrell Jennings,RB,RB,"https://static.www.nfl.com/image/upload/f_auto,q_auto/league/apyriqt5707yo5qgbni5",2025,9,REG,2025_09_ATL_NE,NE,ATL,0,0,0,0,0,0,0,0,0,0,0,0,,,0,,0,0,0,0,11,35,1,0,0,5,0.52273734548362,0,1,0,0,0,1,1,9,0,0,0,2,7,0,0.656292526517063,0,0,0,0,0,4.5,0.0357142857142857,0.00645161290322581,0.0580875576036866,0,0,0,2,0,0,0,0,0,0,0,0,0,0,0,0,0,0,0,0,0,0,0,0,0,0,0,0,0,0,0,0,0,0,0,0,0,0,0,0,0,0,,,0,0,0,0,0,0,0,0,0,0,0,0,,,,0,0,0,0,0,0,0,,0,0,0,0,0,0,0,,0,0,0,0,0,0,0,0,0,0,10.4,11.4
00-0039763,J.Andreessen,Joe Andreessen,LB,LB,"https://static.www.nfl.com/image/upload/f_auto,q_auto/league/cj03pufi2spczomlja71",2025,9,REG,2025_09_KC_BUF,BUF,KC,0,0,0,0,0,0,0,0,0,0,0,0,,,0,,0,0,0,0,0,0,0,0,0,0,,0,0,0,0,0,0,0,0,0,0,0,0,0,0,,0,0,0,0,0,,0,0,0,0,1,0,0,0,0,0,0,0,0,0,0,0,0,0,0,0,0,0,0,0,0,0,0,0,0,0,0,0,0,0,0,0,0,0,0,0,0,0,0,0,0,,,0,0,0,0,0,0,0,0,0,0,0,0,,,,0,0,0,0,0,0,0,,0,0,0,0,0,0,0,,0,0,0,0,0,0,0,0,0,0,0,0
00-0039774,O.Speights,Omar Speights,LB,LB,"https://static.www.nfl.com/image/upload/f_auto,q_auto/league/tbz3cgrfkc8yjsxkjhxe",2025,9,REG,2025_09_NO_LA,LA,NO,0,0,0,0,0,0,0,0,0,0,0,0,,,0,,0,0,0,0,0,0,0,0,0,0,,0,0,0,0,0,0,0,0,0,0,0,0,0,0,,0,0,0,0,0,,0,0,0,0,2,0,1,0,0,0,0,0,0,0,0,0,0,0,0,0,0,0,0,0,0,0,0,0,0,0,0,0,0,0,0,0,0,0,0,0,0,0,0,0,0,,,0,0,0,0,0,0,0,0,0,0,0,0,,,,0,0,0,0,0,0,0,,0,0,0,0,0,0,0,,0,0,0,0,0,0,0,0,0,0,0,0
00-0039776,J.McCollough,Jaylen McCollough,SAF,DB,"https://static.www.nfl.com/image/upload/f_auto,q_auto/league/g4k2pwpoyaethnwwerpy",2025,9,REG,2025_09_NO_LA,LA,NO,0,0,0,0,0,0,0,0,0,0,0,0,,,0,,0,0,0,0,0,0,0,0,0,0,,0,0,0,0,0,0,0,0,0,0,0,0,0,0,,0,0,0,0,0,,0,0,0,0,1,0,0,0,0,0,0,0,0,0,0,0,0,0,0,0,0,0,0,0,0,0,0,0,0,0,0,0,0,0,0,0,0,0,0,0,0,0,0,0,0,,,0,0,0,0,0,0,0,0,0,0,0,0,,,,0,0,0,0,0,0,0,,0,0,0,0,0,0,0,,0,0,0,0,0,0,0,0,0,0,0,0
00-0039793,A.Barner,AJ Barner,TE,TE,"https://static.www.nfl.com/image/upload/f_auto,q_auto/league/i0esiguve9if4ts5mm1q",2025,9,REG,2025_09_SEA_WAS,SEA,WAS,0,0,0,0,0,0,0,0,0,0,0,0,,,0,,0,0,0,0,1,1,1,0,0,1,1.22190560441231,0,0,0,0,0,3,4,24,0,1,0,16,11,1,2.08226011594525,0,0,0,0,0,1.5,0.166666666666667,0.0772946859903382,0.304106280193237,0,0,0,0,0,0,0,0,0,0,0,0,0,0,0,0,0,0,0,0,0,0,1,0,0,0,0,0,0,1,0,0,1,0,0,0,0,0,0,0,0,0,,,0,0,0,0,0,0,0,0,0,0,0,0,,,,0,0,0,0,0,0,0,,0,0,0,0,0,0,0,,0,0,0,0,0,0,0,0,0,0,8.5,11.5
00-0039795,N.Pritchett,Nehemiah Pritchett,CB,DB,"https://static.www.nfl.com/image/upload/f_auto,q_auto/league/zxtribbeeejhqlt43dmj",2025,9,REG,2025_09_SEA_WAS,SEA,WAS,0,0,0,0,0,0,0,0,0,0,0,0,,,0,,0,0,0,0,0,0,0,0,0,0,,0,0,0,0,0,0,0,0,0,0,0,0,0,0,,0,0,0,0,0,,0,0,0,0,0,0,1,0,0,0,0,0,0,0,0,0,0,0,0,0,0,0,0,0,0,0,0,0,0,0,0,0,0,0,0,0,0,0,0,0,0,0,0,0,0,,,0,0,0,0,0,0,0,0,0,0,0,0,,,,0,0,0,0,0,0,0,,0,0,0,0,0,0,0,,0,0,0,0,0,0,0,0,0,0,0,0
00-0039796,R.Ali,Rasheen Ali,RB,RB,"https://static.www.nfl.com/image/upload/f_auto,q_auto/league/zwjrkzu3ia3cfrwgotqt",2025,9,REG,2025_09_BAL_MIA,BAL,MIA,0,0,0,0,0,0,0,0,0,0,0,0,,,0,,0,0,0,0,0,0,0,0,0,0,,0,0,0,0,0,0,0,0,0,0,0,0,0,0,,0,0,0,0,0,,0,0,0,0,0,0,0,0,0,0,0,0,0,0,0,0,0,0,0,0,0,0,0,0,0,0,0,0,0,0,0,0,0,0,0,0,0,0,0,2,53,0,0,0,0,,,0,0,0,0,0,0,0,0,0,0,0,0,,,,0,0,0,0,0,0,0,,0,0,0,0,0,0,0,,0,0,0,0,0,0,0,0,0,0,0,0
00-0039807,M.Melton,Max Melton,CB,DB,"https://static.www.nfl.com/image/upload/f_auto,q_auto/league/xaapgpd73nebdqnztyp1",2025,9,REG,2025_09_ARI_DAL,ARI,DAL,0,0,0,0,0,0,0,0,0,0,0,0,,,0,,0,0,0,0,0,0,0,0,0,0,,0,0,0,0,0,0,0,0,0,0,0,0,0,0,,0,0,0,0,0,,0,0,0,0,3,0,1,0,0,0,0,0,0,0,0,0,0,0,0,0,0,0,0,0,0,0,0,0,0,0,0,0,0,0,0,0,0,0,0,0,0,0,0,0,0,,,0,0,0,0,0,0,0,0,0,0,0,0,,,,0,0,0,0,0,0,0,,0,0,0,0,0,0,0,,0,0,0,0,0,0,0,0,0,0,0,0
00-0039809,J.Elliss,Jonah Elliss,LB,LB,"https://static.www.nfl.com/image/upload/f_auto,q_auto/league/f3dukr2ntse8qnsyhu3b",2025,9,REG,2025_09_DEN_HOU,DEN,HOU,0,0,0,0,0,0,0,0,0,0,0,0,,,0,,0,0,0,0,0,0,0,0,0,0,,0,0,0,0,0,0,0,0,0,0,0,0,0,0,,0,0,0,0,0,,0,0,0,0,1,0,0,0,0,0,0,0,0,0,0,0,0,0,0,0,0,0,0,0,0,0,0,0,0,0,0,0,0,0,0,0,0,0,0,0,0,0,0,0,0,,,0,0,0,0,0,0,0,0,0,0,0,0,,,,0,0,0,0,0,0,0,,0,0,0,0,0,0,0,,0,0,0,0,0,0,0,0,0,0,0,0
00-0039812,T.Hopper,Ty'Ron Hopper,LB,LB,"https://static.www.nfl.com/image/upload/f_auto,q_auto/league/taqdlsfufqh99ucbl5zm",2025,9,REG,2025_09_CAR_GB,GB,CAR,0,0,0,0,0,0,0,0,0,0,0,0,,,0,,0,0,0,0,0,0,0,0,0,0,,0,0,0,0,0,0,0,0,0,0,0,0,0,0,,0,0,0,0,0,,0,0,0,0,1,0,0,0,0,0,0,0,0,0,0,0,0,0,0,0,0,0,0,0,0,0,0,0,0,0,0,0,0,0,0,0,0,0,0,0,0,0,0,0,0,,,0,0,0,0,0,0,0,0,0,0,0,0,,,,0,0,0,0,0,0,0,,0,0,0,0,0,0,0,,0,0,0,0,0,0,0,0,0,0,0,0
00-0039813,E.Williams,Evan Williams,SAF,DB,"https://static.www.nfl.com/image/upload/f_auto,q_auto/league/g3utgsouys3kewppbnb5",2025,9,REG,2025_09_CAR_GB,GB,CAR,0,0,0,0,0,0,0,0,0,0,0,0,,,0,,0,0,0,0,0,0,0,0,0,0,,0,0,0,0,0,0,0,0,0,0,0,0,0,0,,0,0,0,0,0,,0,0,0,0,2,0,6,0,0,0,0,0,0,0,0,0,0,0,0,0,0,0,0,0,0,0,0,0,0,0,0,0,0,0,0,0,0,0,0,0,0,0,0,0,0,,,0,0,0,0,0,0,0,0,0,0,0,0,,,,0,0,0,0,0,0,0,,0,0,0,0,0,0,0,,0,0,0,0,0,0,0,0,0,0,0,0
00-0039815,T.Knight,Tyrice Knight,LB,LB,"https://static.www.nfl.com/image/upload/f_auto,q_auto/league/xqi0rvphhoj5tca0wod2",2025,9,REG,2025_09_SEA_WAS,SEA,WAS,0,0,0,0,0,0,0,0,0,0,0,0,,,0,,0,0,0,0,0,0,0,0,0,0,,0,0,0,0,0,0,0,0,0,0,0,0,0,0,,0,0,0,0,0,,0,0,0,0,3,1,6,1,1,0,0,0,0,0,0,0,0,0,0,0,0,0,0,0,0,0,0,0,0,0,0,0,0,0,0,0,0,0,0,0,0,0,0,0,0,,,0,0,0,0,0,0,0,0,0,0,0,0,,,,0,0,0,0,0,0,0,,0,0,0,0,0,0,0,,0,0,0,0,0,0,0,0,0,0,0,0
00-0039821,A.Phillips,Andru Phillips,DB,DB,"https://static.www.nfl.com/image/upload/f_auto,q_auto/league/kh3iigah1t49ywg0scb9",2025,9,REG,2025_09_SF_NYG,NYG,SF,0,0,0,0,0,0,0,0,0,0,0,0,,,0,,0,0,0,0,0,0,0,0,0,0,,0,0,0,0,0,0,0,0,0,0,0,0,0,0,,0,0,0,0,0,,0,0,0,0,1,0,0,1,4,0,0,0,0,0,0,0,0,0,0,0,0,0,0,0,0,0,0,0,0,0,0,0,0,0,0,0,0,0,0,0,0,0,0,0,0,,,0,0,0,0,0,0,0,0,0,0,0,0,,,,0,0,0,0,0,0,0,,0,0,0,0,0,0,0,,0,0,0,0,0,0,0,0,0,0,0,0
00-0039825,J.Hicks,Jaden Hicks,SAF,DB,"https://static.www.nfl.com/image/upload/f_auto,q_auto/league/kg90d5bciznpqbpafke4",2025,9,REG,2025_09_KC_BUF,KC,BUF,0,0,0,0,0,0,0,0,0,0,0,0,,,0,,0,0,0,0,0,0,0,0,0,0,,0,0,0,0,0,0,0,0,0,0,0,0,0,0,,0,0,0,0,0,,0,0,0,0,2,0,0,0,0,0,0,0,0,0,0,0,0,0,0,0,0,0,0,0,0,0,0,0,0,0,0,0,0,0,0,0,0,0,0,0,0,0,0,0,0,,,0,0,0,0,0,0,0,0,0,0,0,0,,,,0,0,0,0,0,0,0,,0,0,0,0,0,0,0,,0,0,0,0,0,0,0,0,0,0,0,0
00-0039829,D.Muasau,Darius Muasau,LB,LB,"https://static.www.nfl.com/image/upload/f_auto,q_auto/league/howdtlbkf2poenfnyejl",2025,9,REG,2025_09_SF_NYG,NYG,SF,0,0,0,0,0,0,0,0,0,0,0,0,,,0,,0,0,0,0,0,0,0,0,0,0,,0,0,0,0,0,0,0,0,0,0,0,0,0,0,,0,0,0,0,0,,0,0,0,0,2,0,2,0,0,0,0,0,0,0,0,0,0,0,0,0,0,0,0,0,0,0,0,0,0,0,0,0,0,0,0,0,0,0,0,0,0,0,0,0,0,,,0,0,0,0,0,0,0,0,0,0,0,0,,,,0,0,0,0,0,0,0,,0,0,0,0,0,0,0,,0,0,0,0,0,0,0,0,0,0,0,0
00-0039834,K.Kinchens,Kamren Kinchens,SAF,DB,"https://static.www.nfl.com/image/upload/f_auto,q_auto/league/fnxdjnzzmmihkv0p2efc",2025,9,REG,2025_09_NO_LA,LA,NO,0,0,0,0,0,0,0,0,0,0,0,0,,,0,,0,0,0,0,0,0,0,0,0,0,,0,0,0,0,0,0,0,0,0,0,0,0,0,0,,0,0,0,0,0,,0,0,0,0,5,0,0,0,0,0,0,0,0,0,0,0,0,0,0,0,0,0,0,0,0,0,0,1,0,0,0,0,0,0,0,0,0,0,0,0,0,0,0,0,0,,,0,0,0,0,0,0,0,0,0,0,0,0,,,,0,0,0,0,0,0,0,,0,0,0,0,0,0,0,,0,0,0,0,0,0,0,0,0,0,0,0
00-0039835,J.Eboigbe,Justin Eboigbe,DT,DL,"https://static.www.nfl.com/image/upload/f_auto,q_auto/league/vayynevqkczp1ziitvkm",2025,9,REG,2025_09_LAC_TEN,LAC,TEN,0,0,0,0,0,0,0,0,0,0,0,0,,,0,,0,0,0,0,0,0,0,0,0,0,,0,0,0,0,0,0,0,0,0,0,0,0,0,0,,0,0,0,0,0,,0,0,0,0,1,0,0,0,0,0,0,0,0,0,0,0,0,0,0,0,0,0,0,0,0,0,0,0,0,0,0,0,0,0,0,0,0,0,0,0,0,0,0,0,0,,,0,0,0,0,0,0,0,0,0,0,0,0,,,,0,0,0,0,0,0,0,,0,0,0,0,0,0,0,,0,0,0,0,0,0,0,0,0,0,0,0
00-0039838,C.Bullock,Calen Bullock,SAF,DB,"https://static.www.nfl.com/image/upload/f_auto,q_auto/league/dp7ntdi5yxyhikjjsojs",2025,9,REG,2025_09_DEN_HOU,HOU,DEN,0,0,0,0,0,0,0,0,0,0,0,0,,,0,,0,0,0,0,0,0,0,0,0,0,,0,0,0,0,0,0,0,0,0,0,0,0,0,0,,0,0,0,0,0,,0,0,0,0,2,0,0,0,0,0,0,0,0,1,0,1,0,0,0,0,0,0,0,0,0,0,0,0,0,0,0,0,0,0,0,0,0,0,0,0,0,0,0,0,0,,,0,0,0,0,0,0,0,0,0,0,0,0,,,,0,0,0,0,0,0,0,,0,0,0,0,0,0,0,,0,0,0,0,0,0,0,0,0,0,0,0
00-0039840,A.Booker,Austin Booker,DE,DL,"https://static.www.nfl.com/image/upload/f_auto,q_auto/league/s5th0pr4mxfyrdrnlm79",2025,9,REG,2025_09_CHI_CIN,CHI,CIN,0,0,0,0,0,0,0,0,0,0,0,0,,,0,,0,0,0,0,0,0,0,0,0,0,,0,0,0,0,0,0,0,0,0,0,0,0,0,0,,0,0,0,0,0,,0,0,0,0,2,0,0,1,10,1,1,10,1,0,0,0,0,0,0,0,0,0,0,0,0,0,0,0,0,0,0,0,0,0,0,0,0,0,0,0,0,0,0,0,0,,,0,0,0,0,0,0,0,0,0,0,0,0,,,,0,0,0,0,0,0,0,,0,0,0,0,0,0,0,,0,0,0,0,0,0,0,0,0,0,0,0
00-0039847,T.Johnson,Theo Johnson,TE,TE,"https://static.www.nfl.com/image/upload/f_auto,q_auto/league/fv2jbzlocr1o3ahkru43",2025,9,REG,2025_09_SF_NYG,NYG,SF,0,0,0,0,0,0,0,0,0,0,0,0,,,0,,0,0,0,0,0,0,0,0,0,0,,0,0,0,0,0,3,6,27,1,0,0,46,17,1,0.444543064003238,0,1,0,0,0,0.586956521739131,0.1875,0.211981566820277,0.429637096774194,0,0,0,0,0,0,0,0,0,0,0,0,0,0,0,0,0,0,0,0,0,0,0,0,0,0,0,0,0,0,0,0,0,0,0,0,0,0,0,0,0,0,,,0,0,0,0,0,0,0,0,0,0,0,0,,,,0,0,0,0,0,0,0,,0,0,0,0,0,0,0,,0,0,0,0,0,0,0,0,0,0,8.7,11.7
00-0039849,M.Harrison,Marvin Harrison Jr.,WR,WR,"https://static.www.nfl.com/image/upload/f_auto,q_auto/league/hwpoo1icpnh8emjvqaii",2025,9,REG,2025_09_ARI_DAL,ARI,DAL,0,0,0,0,0,0,0,0,0,0,0,0,,,0,,0,0,0,0,0,0,0,0,0,0,,0,0,0,0,0,7,10,96,1,0,0,108,25,6,7.85198604902388,0,5,4,1,0,0.888888888888889,0.344827586206897,0.435483870967742,0.822080088987764,0,0,0,0,0,0,0,0,0,0,0,0,0,0,0,0,0,0,0,0,0,0,0,0,0,0,0,0,0,0,0,0,0,0,0,0,0,0,0,0,0,0,,,0,0,0,0,0,0,0,0,0,0,0,0,,,,0,0,0,0,0,0,0,,0,0,0,0,0,0,0,,0,0,0,0,0,0,0,0,0,0,15.6,22.6
00-0039850,E.Cooper,Edgerrin Cooper,LB,LB,"https://static.www.nfl.com/image/upload/f_auto,q_auto/league/acedii0jqmzxqm5lqtn8",2025,9,REG,2025_09_CAR_GB,GB,CAR,0,0,0,0,0,0,0,0,0,0,0,0,,,0,,0,0,0,0,0,0,0,0,0,0,,0,0,0,0,0,0,0,0,0,0,0,0,0,0,,0,0,0,0,0,,0,0,0,0,3,0,5,0,0,0,0,0,0,0,0,0,0,0,0,0,0,0,0,0,0,0,0,0,0,0,0,0,0,0,0,0,0,0,0,0,0,0,0,0,0,,,0,0,0,0,0,0,0,0,0,0,0,0,,,,0,0,0,0,0,0,0,,0,0,0,0,0,0,0,,0,0,0,0,0,0,0,0,0,0,0,0
00-0039851,D.Maye,Drake Maye,QB,QB,"https://static.www.nfl.com/image/upload/f_auto,q_auto/league/s1nmoon2xnrc3bnyulv4",2025,9,REG,2025_09_ATL_NE,NE,ATL,19,29,259,2,1,6,-38,2,1,310,111,14,0.423726848424723,5.32756373286247,0,0.835483870967742,12,6,3,1,8,20,0,0,0,2,0.329444587463513,0,1,1,0,0,0,0,0,0,0,0,0,0,0,,0,0,0,0,0,,0,0,0,0,0,0,0,0,0,0,0,0,0,0,0,0,0,0,0,0,0,0,0,0,0,1,0,0,0,0,0,0,2,0,0,2,1,0,0,0,0,0,0,0,0,,,0,0,0,0,0,0,0,0,0,0,0,0,,,,0,0,0,0,0,0,0,,0,0,0,0,0,0,0,,0,0,0,0,0,0,0,0,0,0,16.36,16.36
00-0039852,J.Verse,Jared Verse,DE,DL,"https://static.www.nfl.com/image/upload/f_auto,q_auto/league/cpa5qqc59ndeg6timqmf",2025,9,REG,2025_09_NO_LA,LA,NO,0,0,0,0,0,0,0,0,0,0,0,0,,,0,,0,0,0,0,0,0,0,0,0,0,,0,0,0,0,0,0,0,0,0,0,0,0,0,0,,0,0,0,0,0,,0,0,0,0,0,0,1,0,0,0,0,0,0,0,0,0,0,0,0,0,0,0,0,0,0,0,0,0,0,0,0,0,0,0,0,0,0,0,0,0,0,0,0,0,0,,,0,0,0,0,0,0,0,0,0,0,0,0,,,,0,0,0,0,0,0,0,,0,0,0,0,0,0,0,,0,0,0,0,0,0,0,0,0,0,0,0
00-0039854,D.Robinson,Darius Robinson,DL,DL,"https://static.www.nfl.com/image/upload/f_auto,q_auto/league/hctx4lm0ru8shpgb4vkc",2025,9,REG,2025_09_ARI_DAL,ARI,DAL,0,0,0,0,0,0,0,0,0,0,0,0,,,0,,0,0,0,0,0,0,0,0,0,0,,0,0,0,0,0,0,0,0,0,0,0,0,0,0,,0,0,0,0,0,,0,0,0,0,0,0,1,0,0,0,0,0,0,0,0,0,0,0,0,0,0,0,0,0,0,0,0,0,0,0,0,0,0,0,0,0,0,0,0,0,0,0,0,0,0,,,0,0,0,0,0,0,0,0,0,0,0,0,,,,0,0,0,0,0,0,0,,0,0,0,0,0,0,0,,0,0,0,0,0,0,0,0,0,0,0,0
00-0039858,C.Gray,Cedric Gray,LB,LB,"https://static.www.nfl.com/image/upload/f_auto,q_auto/league/y5zs5kaw54mz5cyajpbw",2025,9,REG,2025_09_LAC_TEN,TEN,LAC,0,0,0,0,0,0,0,0,0,0,0,0,,,0,,0,0,0,0,0,0,0,0,0,0,,0,0,0,0,0,0,0,0,0,0,0,0,0,0,,0,0,0,0,0,,0,0,0,0,11,0,5,1,7,0,1,7,1,0,0,0,0,0,0,0,0,0,0,0,0,0,0,0,0,0,1,15,0,0,0,0,0,0,0,0,0,0,0,0,0,,,0,0,0,0,0,0,0,0,0,0,0,0,,,,0,0,0,0,0,0,0,,0,0,0,0,0,0,0,,0,0,0,0,0,0,0,0,0,0,0,0
00-0039859,B.Dorlus,Brandon Dorlus,DE,DL,"https://static.www.nfl.com/image/upload/f_auto,q_auto/league/ijybsgxpvngj5wzlcupl",2025,9,REG,2025_09_ATL_NE,ATL,NE,0,0,0,0,0,0,0,0,0,0,0,0,,,0,,0,0,0,0,0,0,0,0,0,0,,0,0,0,0,0,0,0,0,0,0,0,0,0,0,,0,0,0,0,0,,0,0,0,0,3,0,1,2,6,0,2,6,2,0,0,0,0,0,0,0,0,0,0,0,0,0,0,0,0,0,0,0,0,0,0,0,0,0,0,0,0,0,0,0,0,,,0,0,0,0,0,0,0,0,0,0,0,0,,,,0,0,0,0,0,0,0,,0,0,0,0,0,0,0,,0,0,0,0,0,0,0,0,0,0,0,0
00-0039860,K.McKinstry,Kool-Aid McKinstry,CB,DB,"https://static.www.nfl.com/image/upload/f_auto,q_auto/league/n0yip0zx9i25jbwugzmo",2025,9,REG,2025_09_NO_LA,NO,LA,0,0,0,0,0,0,0,0,0,0,0,0,,,0,,0,0,0,0,0,0,0,0,0,0,,0,0,0,0,0,0,0,0,0,0,0,0,0,0,,0,0,0,0,0,,0,0,0,0,3,0,4,0,0,0,0,0,0,0,0,0,0,0,0,0,0,0,0,0,0,0,0,0,0,0,1,5,0,0,0,0,0,0,0,0,0,0,0,0,0,,,0,0,0,0,0,0,0,0,0,0,0,0,,,,0,0,0,0,0,0,0,,0,0,0,0,0,0,0,,0,0,0,0,0,0,0,0,0,0,0,0
00-0039861,T.Nubin,Tyler Nubin,SAF,DB,"https://static.www.nfl.com/image/upload/f_auto,q_auto/league/wu3phjekllc6yybgarbl",2025,9,REG,2025_09_SF_NYG,NYG,SF,0,0,0,0,0,0,0,0,0,0,0,0,,,0,,0,0,0,0,0,0,0,0,0,0,,0,0,0,0,0,0,0,0,0,0,0,0,0,0,,0,0,0,0,0,,0,0,0,0,3,0,5,0,0,0,0,0,0,0,0,0,0,0,0,0,0,0,0,0,0,0,0,0,0,0,0,0,0,0,0,0,0,0,0,0,0,0,0,0,0,,,0,0,0,0,0,0,0,0,0,0,0,0,,,,0,0,0,0,0,0,0,,0,0,0,0,0,0,0,,0,0,0,0,0,0,0,0,0,0,0,0
00-0039864,D.Taylor-Demerson,Dadrion Taylor-Demerson,SAF,DB,"https://static.www.nfl.com/image/upload/f_auto,q_auto/league/w4wcod46hxptpseyi6o3",2025,9,REG,2025_09_ARI_DAL,ARI,DAL,0,0,0,0,0,0,0,0,0,0,0,0,,,0,,0,0,0,0,0,0,0,0,0,0,,0,0,0,0,0,0,0,0,0,0,0,0,0,0,,0,0,0,0,0,,0,0,0,0,1,0,0,0,0,0,0,0,0,0,0,0,0,0,0,0,0,0,0,0,0,0,0,0,0,0,0,0,0,0,0,0,0,0,0,0,0,0,0,0,0,,,0,0,0,0,0,0,0,0,0,0,0,0,,,,0,0,0,0,0,0,0,,0,0,0,0,0,0,0,,0,0,0,0,0,0,0,0,0,0,0,0
00-0039867,J.Bullard,Javon Bullard,SAF,DB,"https://static.www.nfl.com/image/upload/f_auto,q_auto/league/wmpfeci7b5hm44zkjgvb",2025,9,REG,2025_09_CAR_GB,GB,CAR,0,0,0,0,0,0,0,0,0,0,0,0,,,0,,0,0,0,0,0,0,0,0,0,0,,0,0,0,0,0,0,0,0,0,0,0,0,0,0,,0,0,0,0,0,,0,0,0,0,3,0,1,0,0,0,0,0,0,0,0,0,0,0,0,0,0,0,0,0,0,0,0,0,0,0,1,5,0,0,0,0,0,0,0,0,0,0,0,0,0,,,0,0,0,0,0,0,0,0,0,0,0,0,,,,0,0,0,0,0,0,0,,0,0,0,0,0,0,0,,0,0,0,0,0,0,0,0,0,0,0,0
00-0039868,T.Franklin,Troy Franklin,WR,WR,"https://static.www.nfl.com/image/upload/f_auto,q_auto/league/wgfbgxjntyqzojpizgaj",2025,9,REG,2025_09_DEN_HOU,DEN,HOU,0,0,0,0,0,0,0,0,0,0,0,0,,,0,,0,0,0,0,2,-4,0,0,0,1,-1.05329101416282,0,0,0,0,0,4,10,27,0,0,0,195,4,1,-2.41085536913294,1,1,0,0,0,0.138461538461538,0.294117647058824,0.442176870748299,0.750700280112045,0,0,0,0,0,0,0,0,0,0,0,0,0,0,0,0,0,0,0,0,0,0,0,0,0,0,0,0,0,0,0,0,0,0,0,0,0,0,0,0,0,0,,,0,0,0,0,0,0,0,0,0,0,0,0,,,,0,0,0,0,0,0,0,,0,0,0,0,0,0,0,,0,0,0,0,0,0,0,0,0,0,4.3,8.3
00-0039872,C.Bishop,Cole Bishop,SAF,DB,"https://static.www.nfl.com/image/upload/f_auto,q_auto/league/kjvkuqb6ghv0ydbsoows",2025,9,REG,2025_09_KC_BUF,BUF,KC,0,0,0,0,0,0,0,0,0,0,0,0,,,0,,0,0,0,0,0,0,0,0,0,0,,0,0,0,0,0,0,0,0,0,0,0,0,0,0,,0,0,0,0,0,,0,0,0,0,4,0,3,1,2,0,0,0,0,0,0,4,0,0,0,0,0,0,0,0,0,0,0,0,0,0,1,5,0,0,0,0,0,0,0,0,0,0,0,0,0,,,0,0,0,0,0,0,0,0,0,0,0,0,,,,0,0,0,0,0,0,0,,0,0,0,0,0,0,0,,0,0,0,0,0,0,0,0,0,0,0,0
00-0039875,R.Davis,Ray Davis,RB,RB,"https://static.www.nfl.com/image/upload/f_auto,q_auto/league/xibwzhrl6q5xkgh3utug",2025,9,REG,2025_09_KC_BUF,BUF,KC,0,0,0,0,0,0,0,0,0,0,0,0,,,0,,0,0,0,0,0,0,0,0,0,0,,0,0,0,0,0,0,0,0,0,0,0,0,0,0,,0,0,0,0,0,,0,0,0,0,0,0,0,0,0,0,0,0,0,0,0,0,0,0,0,0,0,0,0,0,0,0,0,0,0,0,0,0,0,0,0,0,0,0,0,4,105,0,0,0,0,,,0,0,0,0,0,0,0,0,0,0,0,0,,,,0,0,0,0,0,0,0,,0,0,0,0,0,0,0,,0,0,0,0,0,0,0,0,0,0,0,0
00-0039879,J.Solomon,Javon Solomon,LB,LB,"https://static.www.nfl.com/image/upload/f_auto,q_auto/league/sjftmvhxpsr0zvtqywnt",2025,9,REG,2025_09_KC_BUF,BUF,KC,0,0,0,0,0,0,0,0,0,0,0,0,,,0,,0,0,0,0,0,0,0,0,0,0,,0,0,0,0,0,0,0,0,0,0,0,0,0,0,,0,0,0,0,0,,0,0,0,0,0,0,1,0,0,0,0,0,0,0,0,0,0,0,0,0,0,0,0,0,0,0,0,0,0,0,0,0,0,0,0,0,0,0,0,0,0,0,0,0,0,,,0,0,0,0,0,0,0,0,0,0,0,0,,,,0,0,0,0,0,0,0,,0,0,0,0,0,0,0,,0,0,0,0,0,0,0,0,0,0,0,0
00-0039880,M.Washington,Malik Washington,WR,WR,"https://static.www.nfl.com/image/upload/f_auto,q_auto/league/dmaiwnmaal9nrwfskl28",2025,9,REG,2025_09_BAL_MIA,MIA,BAL,0,0,0,0,0,0,0,0,0,0,0,0,,,0,,0,0,0,0,3,13,0,1,1,0,-5.07424258335959,0,0,0,0,0,3,3,48,0,0,0,13,35,2,3.55479567078874,0,2,1,1,0,3.69230769230769,0.0810810810810811,0.0479704797047971,0.15520095741498,0,1,0,0,0,0,0,0,0,0,0,0,0,0,0,0,0,0,0,0,0,0,0,0,0,0,0,0,0,1,0,0,1,1,2,38,0,0,0,0,0,0,,,0,0,0,0,0,0,0,0,0,0,0,0,,,,0,0,0,0,0,0,0,,0,0,0,0,0,0,0,,0,0,0,0,0,0,0,0,0,0,4.1,7.1
00-0039884,T.Washington,Tahj Washington,WR,WR,"https://static.www.nfl.com/image/upload/f_auto,q_auto/league/voyr5ajdxwydmp6cc1bw",2025,9,REG,2025_09_BAL_MIA,MIA,BAL,0,0,0,0,0,0,0,0,0,0,0,0,,,0,,0,0,0,0,0,0,0,0,0,0,,0,0,0,0,0,1,2,11,0,1,1,56,6,0,-6.17330251971725,0,1,0,0,0,0.196428571428571,0.0540540540540541,0.206642066420664,0.225730527575546,0,0,0,1,0,0,0,0,0,0,0,0,0,0,0,0,0,0,0,0,0,0,0,0,0,0,0,0,0,1,0,0,1,1,0,0,0,0,0,0,0,0,,,0,0,0,0,0,0,0,0,0,0,0,0,,,,0,0,0,0,0,0,0,,0,0,0,0,0,0,0,,0,0,0,0,0,0,0,0,0,0,-0.9,0.1
00-0039886,T.Sweat,T'Vondre Sweat,DT,DL,"https://static.www.nfl.com/image/upload/f_auto,q_auto/league/hmlpzjhnttorvhshijgn",2025,9,REG,2025_09_LAC_TEN,TEN,LAC,0,0,0,0,0,0,0,0,0,0,0,0,,,0,,0,0,0,0,0,0,0,0,0,0,,0,0,0,0,0,0,0,0,0,0,0,0,0,0,,0,0,0,0,0,,0,0,0,0,1,1,1,1,2,0,0,0,0,0,0,1,0,0,0,0,0,0,0,0,0,0,0,0,0,0,0,0,0,0,0,0,0,0,0,0,0,0,0,0,0,,,0,0,0,0,0,0,0,0,0,0,0,0,,,,0,0,0,0,0,0,0,,0,0,0,0,0,0,0,,0,0,0,0,0,0,0,0,0,0,0,0
00-0039889,M.Smith,Maason Smith,DT,DL,"https://static.www.nfl.com/image/upload/f_auto,q_auto/league/eskiw0i3z6cashics66w",2025,9,REG,2025_09_JAX_LV,JAX,LV,0,0,0,0,0,0,0,0,0,0,0,0,,,0,,0,0,0,0,0,0,0,0,0,0,,0,0,0,0,0,0,0,0,0,0,0,0,0,0,,0,0,0,0,0,,0,0,0,0,0,0,1,0,0,0,0,0,0,0,0,0,0,0,0,0,0,0,0,0,0,0,0,0,0,0,0,0,0,0,0,0,0,0,0,0,0,0,0,0,0,,,0,0,0,0,0,0,0,0,0,0,0,0,,,,0,0,0,0,0,0,0,,0,0,0,0,0,0,0,,0,0,0,0,0,0,0,0,0,0,0,0
00-0039890,A.Mitchell,Adonai Mitchell,WR,WR,"https://static.www.nfl.com/image/upload/f_auto,q_auto/league/hwwacoa3pqapd7pgahfx",2025,9,REG,2025_09_IND_PIT,IND,PIT,0,0,0,0,0,0,0,0,0,0,0,0,,,0,,0,0,0,0,0,0,0,0,0,0,,0,0,0,0,0,1,1,7,0,0,0,7,0,0,-0.163400273304433,0,0,0,0,0,1,0.0208333333333333,0.0162037037037037,0.0425925925925926,0,0,0,0,0,0,0,0,0,0,0,0,0,0,0,0,0,0,0,0,0,0,0,0,0,0,0,0,0,0,0,0,0,0,0,0,0,0,0,0,0,0,,,0,0,0,0,0,0,0,0,0,0,0,0,,,,0,0,0,0,0,0,0,,0,0,0,0,0,0,0,,0,0,0,0,0,0,0,0,0,0,0.7,1.7
00-0039893,B.Thomas,Brian Thomas Jr.,WR,WR,"https://static.www.nfl.com/image/upload/f_auto,q_auto/league/plnekkriys4cm11rnxwl",2025,9,REG,2025_09_JAX_LV,JAX,LV,0,0,0,0,0,0,0,0,0,0,0,0,,,0,,0,0,0,0,0,0,0,0,0,0,,0,0,0,0,0,3,5,55,0,0,0,83,25,2,3.7781350875739,0,3,1,1,0,0.662650602409639,0.151515151515152,0.28719723183391,0.428310789556464,0,0,0,0,0,0,0,0,0,0,0,0,0,0,0,0,0,0,0,0,0,0,0,0,0,0,0,0,0,0,0,0,0,0,0,0,0,0,0,0,0,0,,,0,0,0,0,0,0,0,0,0,0,0,0,,,,0,0,0,0,0,0,0,,0,0,0,0,0,0,0,,0,0,0,0,0,0,0,0,0,0,5.5,8.5
00-0039894,X.Worthy,Xavier Worthy,WR,WR,"https://static.www.nfl.com/image/upload/f_auto,q_auto/league/u6fmnffwteccoxn3uguq",2025,9,REG,2025_09_KC_BUF,KC,BUF,0,0,0,0,0,0,0,0,0,0,0,0,,,0,,0,0,0,0,1,7,0,0,0,0,0.438506796490401,0,0,0,0,0,3,7,23,0,0,0,126,3,1,-5.43052602205168,0,1,1,0,0,0.182539682539683,0.241379310344828,0.255578093306288,0.540973630831643,0,1,0,0,0,0,0,0,0,0,0,0,0,0,0,0,0,0,0,0,0,0,0,0,0,0,0,0,0,0,0,0,0,0,0,0,0,0,0,0,0,0,,,0,0,0,0,0,0,0,0,0,0,0,0,,,,0,0,0,0,0,0,0,,0,0,0,0,0,0,0,,0,0,0,0,0,0,0,0,0,0,3,6
00-0039898,M.Sainristil,Mike Sainristil,CB,DB,"https://static.www.nfl.com/image/upload/f_auto,q_auto/league/eftoaweovfwayhiyjg6q",2025,9,REG,2025_09_SEA_WAS,WAS,SEA,0,0,0,0,0,0,0,0,0,0,0,0,,,0,,0,0,0,0,0,0,0,0,0,0,,0,0,0,0,0,0,0,0,0,0,0,0,0,0,,0,0,0,0,0,,0,0,0,0,1,0,1,0,0,0,0,0,0,1,0,1,0,0,0,0,0,0,0,0,0,0,0,0,0,0,0,0,0,0,0,0,0,0,0,0,0,0,0,0,0,,,0,0,0,0,0,0,0,0,0,0,0,0,,,,0,0,0,0,0,0,0,,0,0,0,0,0,0,0,,0,0,0,0,0,0,0,0,0,0,0,0
00-0039900,M.Kneeland,Marshawn Kneeland,DE,DL,"https://static.www.nfl.com/image/upload/f_auto,q_auto/league/ghcwtmz5knxwpnddbymm",2025,9,REG,2025_09_ARI_DAL,DAL,ARI,0,0,0,0,0,0,0,0,0,0,0,0,,,0,,0,0,0,0,0,0,0,0,0,0,,0,0,0,0,0,0,0,0,0,0,0,0,0,0,,0,0,0,0,0,,0,0,0,1,0,0,0,0,0,0,0,0,0,0,0,0,0,0,0,0,0,0,0,0,0,0,0,0,0,0,0,0,0,0,0,0,0,0,0,0,0,0,0,0,0,,,0,0,0,0,0,0,0,0,0,0,0,0,,,,0,0,0,0,0,0,0,,0,0,0,0,0,0,0,,0,0,0,0,0,0,0,0,0,0,6,6
00-0039901,K.Coleman,Keon Coleman,WR,WR,"https://static.www.nfl.com/image/upload/f_auto,q_auto/league/cm7g87waetksjouyjgvg",2025,9,REG,2025_09_KC_BUF,BUF,KC,0,0,0,0,0,0,0,0,0,0,0,0,,,0,,0,0,0,0,0,0,0,0,0,0,,0,0,0,0,0,2,2,17,0,0,0,10,7,1,0.719644340919331,0,1,0,0,0,1.7,0.08,0.075187969924812,0.172631578947368,0,0,0,0,0,0,0,0,0,0,0,0,0,0,0,0,0,0,0,0,0,0,0,0,0,0,0,0,0,0,0,0,0,0,0,0,0,0,0,0,0,0,,,0,0,0,0,0,0,0,0,0,0,0,0,,,,0,0,0,0,0,0,0,,0,0,0,0,0,0,0,,0,0,0,0,0,0,0,0,0,0,1.7,3.7
00-0039903,T.Arnold,Terrion Arnold,CB,DB,"https://static.www.nfl.com/image/upload/f_auto,q_auto/league/h3rbtalyoblh2szat9qc",2025,9,REG,2025_09_MIN_DET,DET,MIN,0,0,0,0,0,0,0,0,0,0,0,0,,,0,,0,0,0,0,0,0,0,0,0,0,,0,0,0,0,0,0,0,0,0,0,0,0,0,0,,0,0,0,0,0,,0,0,0,0,1,0,2,0,0,0,0,0,0,1,0,3,0,0,0,0,0,0,0,0,0,0,0,0,0,0,0,0,0,0,0,0,0,0,0,0,0,0,0,0,0,,,0,0,0,0,0,0,0,0,0,0,0,0,,,,0,0,0,0,0,0,0,,0,0,0,0,0,0,0,,0,0,0,0,0,0,0,0,0,0,0,0
00-0039908,K.Jenkins,Kris Jenkins,DT,DL,"https://static.www.nfl.com/image/upload/f_auto,q_auto/league/nuyy0laahr8mf5dojflu",2025,9,REG,2025_09_CHI_CIN,CIN,CHI,0,0,0,0,0,0,0,0,0,0,0,0,,,0,,0,0,0,0,0,0,0,0,0,0,,0,0,0,0,0,0,0,0,0,0,0,0,0,0,,0,0,0,0,0,,0,0,0,0,0,0,2,0,0,0,0,0,0,0,0,0,0,0,0,0,0,0,0,0,0,0,0,0,0,0,0,0,0,0,0,0,0,0,0,0,0,0,0,0,0,,,0,0,0,0,0,0,0,0,0,0,0,0,,,,0,0,0,0,0,0,0,,0,0,0,0,0,0,0,,0,0,0,0,0,0,0,0,0,0,0,0
00-0039910,J.Daniels,Jayden Daniels,QB,QB,"https://static.www.nfl.com/image/upload/f_auto,q_auto/league/gfz8k5onuqjrche9ogqc",2025,9,REG,2025_09_SEA_WAS,WAS,SEA,16,22,153,0,1,4,-20,0,0,125,71,8,-1.32997166473069,4.00167065007346,0,1.224,6,2,1,0,10,51,1,0,0,2,0.464494109328371,0,1,1,0,0,0,0,0,0,0,0,0,0,0,,0,0,0,0,0,,0,0,0,0,0,0,0,0,0,0,0,0,0,0,0,0,0,0,0,0,0,0,0,0,0,0,0,0,0,0,0,0,0,0,0,0,0,0,0,0,0,0,0,0,0,,,0,0,0,0,0,0,0,0,0,0,0,0,,,,0,0,0,0,0,0,0,,0,0,0,0,0,0,0,,0,0,0,0,0,0,0,0,0,0,15.22,15.22
00-0039911,C.Robinson,Chop Robinson,LB,LB,"https://static.www.nfl.com/image/upload/f_auto,q_auto/league/qcf7mpwkznoaqj6viijj",2025,9,REG,2025_09_BAL_MIA,MIA,BAL,0,0,0,0,0,0,0,0,0,0,0,0,,,0,,0,0,0,0,0,0,0,0,0,0,,0,0,0,0,0,0,0,0,0,0,0,0,0,0,,0,0,0,0,0,,0,0,0,0,0,0,1,0,0,0,0,0,0,0,0,0,0,0,0,0,0,0,0,0,0,0,0,0,0,0,0,0,0,0,0,0,0,0,0,0,0,0,0,0,0,,,0,0,0,0,0,0,0,0,0,0,0,0,,,,0,0,0,0,0,0,0,,0,0,0,0,0,0,0,,0,0,0,0,0,0,0,0,0,0,0,0
00-0039915,L.McConkey,Ladd McConkey,WR,WR,"https://static.www.nfl.com/image/upload/f_auto,q_auto/league/q2sk7yforrkiusvruo1o",2025,9,REG,2025_09_LAC_TEN,LAC,TEN,0,0,0,0,0,0,0,0,0,0,0,0,,,0,,0,0,0,0,0,0,0,0,0,0,,0,0,0,0,0,4,6,56,0,0,0,46,37,2,1.8693430958665,0,3,2,1,0,1.21739130434783,0.214285714285714,0.147909967845659,0.424965548920533,0,0,0,0,0,0,0,0,0,0,0,0,0,0,0,0,0,0,0,0,0,0,0,0,0,0,0,0,0,0,0,0,0,0,0,0,0,0,0,0,0,0,,,0,0,0,0,0,0,0,0,0,0,0,0,,,,0,0,0,0,0,0,0,,0,0,0,0,0,0,0,,0,0,0,0,0,0,0,0,0,0,5.6,9.6
00-0039917,M.Penix,Michael Penix Jr.,QB,QB,"https://static.www.nfl.com/image/upload/f_auto,q_auto/league/mip4kogkqxwkkya6mvmh",2025,9,REG,2025_09_ATL_NE,ATL,NE,22,37,221,3,0,1,-4,1,0,304,53,13,3.74243171121626,4.72175794489244,0,0.726973684210526,9,4,3,1,2,19,0,0,0,1,1.76294956548372,0,1,1,0,0,0,0,0,0,0,0,0,0,0,,0,0,0,0,0,,0,0,0,0,0,0,0,0,0,0,0,0,0,0,0,0,0,0,0,0,0,0,0,0,0,1,0,0,0,0,1,10,1,0,0,1,0,0,0,0,0,0,0,0,0,,,0,0,0,0,0,0,0,0,0,0,0,0,,,,0,0,0,0,0,0,0,,0,0,0,0,0,0,0,,0,0,0,0,0,0,0,0,0,0,22.74,22.74
00-0039918,C.Williams,Caleb Williams,QB,QB,"https://static.www.nfl.com/image/upload/f_auto,q_auto/league/h4qs11kutwiw7whekmyt",2025,9,REG,2025_09_CHI_CIN,CHI,CIN,20,34,280,3,0,2,-9,0,0,285,165,15,14.0341307090706,-0.898262473844713,0,0.982456140350877,14,5,3,1,5,53,0,0,0,2,2.09474120760569,0,3,3,0,0,2,2,22,1,0,0,-3,25,2,5.27700967562851,0,1,1,1,0,0,0.0588235294117647,-0.0101694915254237,0.0811166500498504,0,0,0,0,0,0,0,0,0,0,0,0,0,0,0,0,0,0,0,0,0,0,0,0,0,0,0,0,0,0,0,0,0,0,0,0,0,0,0,0,0,0,,,0,0,0,0,0,0,0,0,0,0,0,0,,,,0,0,0,0,0,0,0,,0,0,0,0,0,0,0,,0,0,0,0,0,0,0,0,0,0,36.7,38.7
00-0039919,R.Odunze,Rome Odunze,WR,WR,"https://static.www.nfl.com/image/upload/f_auto,q_auto/league/niewdl2p2325kpohbw9v",2025,9,REG,2025_09_CHI_CIN,CHI,CIN,0,0,0,0,0,0,0,0,0,0,0,0,,,0,,0,0,0,0,0,0,0,0,0,0,,0,0,0,0,0,0,3,0,0,0,0,35,0,0,-1.77776810462819,0,0,0,0,0,0,0.0882352941176471,0.11864406779661,0.215403788634098,0,0,0,0,0,0,0,0,0,0,0,0,0,0,0,0,0,0,0,0,0,0,0,0,0,0,0,0,0,0,0,0,0,0,0,0,0,0,0,0,0,0,,,0,0,0,0,0,0,0,0,0,0,0,0,,,,0,0,0,0,0,0,0,,0,0,0,0,0,0,0,,0,0,0,0,0,0,0,0,0,0,0,0
00-0039923,J.McCarthy,J.J. McCarthy,QB,QB,"https://static.www.nfl.com/image/upload/f_auto,q_auto/league/omybnfokapjw6jwb5dd3",2025,9,REG,2025_09_MIN_DET,MIN,DET,14,25,143,2,1,5,-27,0,0,258,33,8,-7.41834461734904,-0.122888969338459,0,0.554263565891473,7,4,2,0,9,12,1,1,0,1,1.16505857469747,0,0,0,0,0,0,0,0,0,0,0,0,0,0,,0,0,0,0,0,,0,0,0,0,0,0,0,0,0,0,0,0,0,0,0,0,0,0,0,0,0,0,0,0,0,1,-2,0,0,0,0,0,0,1,0,1,0,0,0,0,0,0,0,0,0,,,0,0,0,0,0,0,0,0,0,0,0,0,,,,0,0,0,0,0,0,0,,0,0,0,0,0,0,0,,0,0,0,0,0,0,0,0,0,0,18.92,18.92
00-0039924,D.Turner,Dallas Turner,LB,LB,"https://static.www.nfl.com/image/upload/f_auto,q_auto/league/k9buimhpd1q6la5pdxs3",2025,9,REG,2025_09_MIN_DET,MIN,DET,0,0,0,0,0,0,0,0,0,0,0,0,,,0,,0,0,0,0,0,0,0,0,0,0,,0,0,0,0,0,0,0,0,0,0,0,0,0,0,,0,0,0,0,0,,0,0,0,0,2,0,2,0,0,0,0,0,0,0,0,0,0,0,0,0,0,0,0,0,0,0,0,0,0,0,0,0,0,0,0,0,0,0,0,0,0,0,0,0,0,,,0,0,0,0,0,0,0,0,0,0,0,0,,,,0,0,0,0,0,0,0,,0,0,0,0,0,0,0,,0,0,0,0,0,0,0,0,0,0,0,0
00-0040007,T.Booker,Tyler Booker,G,OL,"https://static.www.nfl.com/image/upload/f_auto,q_auto/league/rcqpeq8ahdoqt1xejjjp",2025,9,REG,2025_09_ARI_DAL,DAL,ARI,0,0,0,0,0,0,0,0,0,0,0,0,,,0,,0,0,0,0,0,0,0,0,0,0,,0,0,0,0,0,0,0,0,0,0,0,0,0,0,,0,0,0,0,0,,0,0,0,0,0,0,0,0,0,0,0,0,0,0,0,0,0,0,0,0,0,0,0,0,0,0,0,0,0,0,1,10,0,0,0,0,0,0,0,0,0,0,0,0,0,,,0,0,0,0,0,0,0,0,0,0,0,0,,,,0,0,0,0,0,0,0,,0,0,0,0,0,0,0,,0,0,0,0,0,0,0,0,0,0,0,0
00-0040009,S.Williams,Savion Williams,WR,WR,"https://static.www.nfl.com/image/upload/f_auto,q_auto/league/snmedlu4ra62snufe1qg",2025,9,REG,2025_09_CAR_GB,GB,CAR,0,0,0,0,0,0,0,0,0,0,0,0,,,0,,0,0,0,0,1,0,0,1,1,0,-5.29217507888097,0,0,0,0,0,2,2,12,0,0,0,3,9,1,0.828074367484078,0,0,0,0,0,4,0.0571428571428571,0.00923076923076923,0.0921758241758242,0,0,0,0,0,0,0,0,0,0,0,0,0,0,0,0,0,0,0,0,0,0,0,0,0,0,0,0,0,1,0,0,1,1,0,0,3,68,0,0,0,0,,,0,0,0,0,0,0,0,0,0,0,0,0,,,,0,0,0,0,0,0,0,,0,0,0,0,0,0,0,,0,0,0,0,0,0,0,0,0,0,-0.8,1.2
00-0040011,S.James,Shemar James,LB,LB,"https://static.www.nfl.com/image/upload/f_auto,q_auto/league/bpuq0wagps3hcsl0clff",2025,9,REG,2025_09_ARI_DAL,DAL,ARI,0,0,0,0,0,0,0,0,0,0,0,0,,,0,,0,0,0,0,0,0,0,0,0,0,,0,0,0,0,0,0,0,0,0,0,0,0,0,0,,0,0,0,0,0,,0,0,0,0,2,0,3,1,1,0,0,0,1,0,0,0,0,0,0,0,0,0,0,0,0,0,0,0,0,0,0,0,0,0,0,0,0,0,0,0,0,0,0,0,0,,,0,0,0,0,0,0,0,0,0,0,0,0,,,,0,0,0,0,0,0,0,,0,0,0,0,0,0,0,,0,0,0,0,0,0,0,0,0,0,0,0
00-0040019,J.Toia,Jay Toia,DT,DL,"https://static.www.nfl.com/image/upload/f_auto,q_auto/league/wxmtornm7a5tavuw4rfk",2025,9,REG,2025_09_ARI_DAL,DAL,ARI,0,0,0,0,0,0,0,0,0,0,0,0,,,0,,0,0,0,0,0,0,0,0,0,0,,0,0,0,0,0,0,0,0,0,0,0,0,0,0,,0,0,0,0,0,,0,0,0,0,0,0,1,0,0,0,0,0,1,0,0,0,0,0,0,0,0,0,0,0,0,0,0,0,0,0,0,0,0,0,0,0,0,0,0,0,0,0,0,0,0,,,0,0,0,0,0,0,0,0,0,0,0,0,,,,0,0,0,0,0,0,0,,0,0,0,0,0,0,0,,0,0,0,0,0,0,0,0,0,0,0,0
00-0040041,N.Stackhouse,Nazir Stackhouse,DT,DL,"https://static.www.nfl.com/image/upload/f_auto,q_auto/league/vokytmju8zhlte70ss9a",2025,9,REG,2025_09_CAR_GB,GB,CAR,0,0,0,0,0,0,0,0,0,0,0,0,,,0,,0,0,0,0,0,0,0,0,0,0,,0,0,0,0,0,0,0,0,0,0,0,0,0,0,,0,0,0,0,0,,0,0,0,0,0,0,2,0,0,0,0,0,0,0,0,0,0,0,0,0,0,0,0,0,0,0,0,0,0,0,0,0,0,0,0,0,0,0,0,0,0,0,0,0,0,,,0,0,0,0,0,0,0,0,0,0,0,0,,,,0,0,0,0,0,0,0,,0,0,0,0,0,0,0,,0,0,0,0,0,0,0,0,0,0,0,0
00-0040044,Z.Childress,Zion Childress,DB,DB,"https://static.www.nfl.com/image/upload/f_auto,q_auto/league/rfj8pmex9tjxqayn0maz",2025,9,REG,2025_09_ARI_DAL,DAL,ARI,0,0,0,0,0,0,0,0,0,0,0,0,,,0,,0,0,0,0,0,0,0,0,0,0,,0,0,0,0,0,0,0,0,0,0,0,0,0,0,,0,0,0,0,0,,0,0,0,0,0,0,1,0,0,0,0,0,0,0,0,0,0,0,0,0,0,0,0,0,0,0,0,0,0,0,0,0,0,0,0,0,0,0,0,0,0,0,0,0,0,,,0,0,0,0,0,0,0,0,0,0,0,0,,,,0,0,0,0,0,0,0,,0,0,0,0,0,0,0,,0,0,0,0,0,0,0,0,0,0,0,0
00-0040061,C.O'Toole,Connor O'Toole,LB,LB,"https://static.www.nfl.com/image/upload/f_auto,q_auto/league/fvrgej9ifncdq5ywexos",2025,9,REG,2025_09_SEA_WAS,SEA,WAS,0,0,0,0,0,0,0,0,0,0,0,0,,,0,,0,0,0,0,0,0,0,0,0,0,,0,0,0,0,0,0,0,0,0,0,0,0,0,0,,0,0,0,0,0,,0,0,0,0,0,0,1,0,0,0,0,0,0,0,0,0,0,0,0,0,0,0,0,0,0,0,0,1,0,0,0,0,0,0,0,0,0,0,0,0,0,0,0,0,0,,,0,0,0,0,0,0,0,0,0,0,0,0,,,,0,0,0,0,0,0,0,,0,0,0,0,0,0,0,,0,0,0,0,0,0,0,0,0,0,0,0
00-0040069,T.Buchanan,Teddye Buchanan,LB,LB,"https://static.www.nfl.com/image/upload/f_auto,q_auto/league/ktowwliocunqxlxfznev",2025,9,REG,2025_09_BAL_MIA,BAL,MIA,0,0,0,0,0,0,0,0,0,0,0,0,,,0,,0,0,0,0,0,0,0,0,0,0,,0,0,0,0,0,0,0,0,0,0,0,0,0,0,,0,0,0,0,0,,0,0,0,0,3,1,4,0,0,0,0,0,0,0,0,0,0,0,0,0,0,0,0,0,0,0,0,0,0,0,0,0,0,0,0,0,0,0,0,0,0,0,0,0,0,,,0,0,0,0,0,0,0,0,0,0,0,0,,,,0,0,0,0,0,0,0,,0,0,0,0,0,0,0,,0,0,0,0,0,0,0,0,0,0,0,0
00-0040072,J.Bassa,Jeffrey Bassa,LB,LB,"https://static.www.nfl.com/image/upload/f_auto,q_auto/league/tckcuuegqdkzkglz6ywg",2025,9,REG,2025_09_KC_BUF,KC,BUF,0,0,0,0,0,0,0,0,0,0,0,0,,,0,,0,0,0,0,0,0,0,0,0,0,,0,0,0,0,0,0,0,0,0,0,0,0,0,0,,0,0,0,0,0,,0,0,0,0,0,0,2,0,0,0,0,0,0,0,0,0,0,0,0,0,0,0,0,0,0,0,0,0,0,0,0,0,0,0,0,0,0,0,0,0,0,0,0,0,0,,,0,0,0,0,0,0,0,0,0,0,0,0,,,,0,0,0,0,0,0,0,,0,0,0,0,0,0,0,,0,0,0,0,0,0,0,0,0,0,0,0
00-0040074,T.Loop,Tyler Loop,K,SPEC,"https://static.www.nfl.com/image/upload/f_auto,q_auto/league/kbwixtntqevptepedhll",2025,9,REG,2025_09_BAL_MIA,BAL,MIA,0,0,0,0,0,0,0,0,0,0,0,0,,,0,,0,0,0,0,0,0,0,0,0,0,,0,0,0,0,0,0,0,0,0,0,0,0,0,0,,0,0,0,0,0,,0,0,0,0,0,0,0,0,0,0,0,0,0,0,0,0,0,0,0,0,0,0,0,0,0,0,0,0,0,0,0,0,0,0,0,0,0,0,0,0,0,0,0,0,0,,,0,0,0,0,0,0,0,0,0,0,0,0,,,,0,0,0,4,4,0,0,1,0,0,0,0,0,0,0,,0,0,0,0,0,0,0,0,0,0,0,0
00-0040075,L.Wester,LaJohntay Wester,WR,WR,"https://static.www.nfl.com/image/upload/f_auto,q_auto/league/t6cyhtqoihm88xppswud",2025,9,REG,2025_09_BAL_MIA,BAL,MIA,0,0,0,0,0,0,0,0,0,0,0,0,,,0,,0,0,0,0,0,0,0,0,0,0,,0,0,0,0,0,0,0,0,0,0,0,0,0,0,,0,0,0,0,0,,0,0,0,0,0,0,0,0,0,0,0,0,0,0,0,0,0,0,0,0,0,0,0,0,0,0,0,0,0,0,0,0,0,0,0,0,0,1,17,0,0,0,0,0,0,,,0,0,0,0,0,0,0,0,0,0,0,0,,,,0,0,0,0,0,0,0,,0,0,0,0,0,0,0,,0,0,0,0,0,0,0,0,0,0,0,0
00-0040078,B.Smith,Brashard Smith,RB,RB,"https://static.www.nfl.com/image/upload/f_auto,q_auto/league/xnf4x6b9a2yunsc0gaej",2025,9,REG,2025_09_KC_BUF,KC,BUF,0,0,0,0,0,0,0,0,0,0,0,0,,,0,,0,0,0,0,3,7,0,0,0,0,-0.891227878862992,0,0,0,0,0,0,1,0,0,0,0,-2,0,0,-0.540471137268469,0,0,0,0,0,0,0.0344827586206897,-0.00405679513184584,0.0488843813387424,0,0,0,0,0,0,0,0,0,0,0,0,0,0,0,0,0,0,0,0,0,0,0,0,0,0,0,0,0,0,0,0,0,0,0,0,0,0,0,0,0,0,,,0,0,0,0,0,0,0,0,0,0,0,0,,,,0,0,0,0,0,0,0,,0,0,0,0,0,0,0,,0,0,0,0,0,0,0,0,0,0,0.7,0.7
00-0040089,K.Knowles,Kevin Knowles,DB,DB,"https://static.www.nfl.com/image/upload/f_auto,q_auto/league/xkgx12iv1iqeygpifh9l",2025,9,REG,2025_09_KC_BUF,KC,BUF,0,0,0,0,0,0,0,0,0,0,0,0,,,0,,0,0,0,0,0,0,0,0,0,0,,0,0,0,0,0,0,0,0,0,0,0,0,0,0,,0,0,0,0,0,,0,0,0,0,2,0,0,0,0,0,0,0,0,0,0,0,0,0,0,0,0,0,0,0,0,0,0,0,0,0,0,0,0,0,0,0,0,0,0,0,0,0,0,0,0,,,0,0,0,0,0,0,0,0,0,0,0,0,,,,0,0,0,0,0,0,0,,0,0,0,0,0,0,0,,0,0,0,0,0,0,0,0,0,0,0,0
00-0040104,K.Jackson,Keondre Jackson,SAF,DB,"https://static.www.nfl.com/image/upload/f_auto,q_auto/league/nseq4vwhoakwfp7ytpp0",2025,9,REG,2025_09_BAL_MIA,BAL,MIA,0,0,0,0,0,0,0,0,0,0,0,0,,,0,,0,0,0,0,0,0,0,0,0,0,,0,0,0,0,0,0,0,0,0,0,0,0,0,0,,0,0,0,0,0,,0,0,0,0,2,0,0,0,0,0,0,0,0,0,0,0,0,0,0,0,0,0,0,0,0,0,0,0,0,0,2,20,0,0,0,0,0,0,0,0,0,0,0,0,0,,,0,0,0,0,0,0,0,0,0,0,0,0,,,,0,0,0,0,0,0,0,,0,0,0,0,0,0,0,,0,0,0,0,0,0,0,0,0,0,0,0
00-0040122,A.Jeanty,Ashton Jeanty,RB,RB,"https://static.www.nfl.com/image/upload/f_auto,q_auto/league/syspis1mntov9kgspb7r",2025,9,REG,2025_09_JAX_LV,LV,JAX,0,0,0,0,0,0,0,0,0,0,0,0,,,0,,0,0,0,0,13,42,0,0,0,3,-2.82728158199461,0,2,2,0,0,5,5,47,1,0,0,-19,66,3,4.80158132029465,0,3,0,0,0,-2.47368421052632,0.131578947368421,-0.117283950617284,0.115269655620533,0,0,0,0,0,0,0,0,0,0,0,0,0,0,0,0,0,0,0,0,0,0,0,0,0,0,0,0,0,0,0,0,0,0,0,0,0,0,0,0,0,0,,,0,0,0,0,0,0,0,0,0,0,0,0,,,,0,0,0,0,0,0,0,,0,0,0,0,0,0,0,,0,0,0,0,0,0,0,0,0,0,14.9,19.9
00-0040124,T.McMillan,Tetairoa McMillan,WR,WR,"https://static.www.nfl.com/image/upload/f_auto,q_auto/league/gilgvjemumd6kpc9eiku",2025,9,REG,2025_09_CAR_GB,CAR,GB,0,0,0,0,0,0,0,0,0,0,0,0,,,0,,0,0,0,0,0,0,0,0,0,0,,0,0,0,0,0,4,6,46,0,0,0,61,1,3,2.26460197076085,0,3,2,0,0,0.754098360655738,0.315789473684211,0.488,0.815284210526316,0,0,0,0,0,0,0,0,0,0,0,0,0,0,0,0,0,0,0,0,0,0,0,0,0,0,0,0,0,0,0,0,0,0,0,0,0,0,0,0,0,0,,,0,0,0,0,0,0,0,0,0,0,0,0,,,,0,0,0,0,0,0,0,,0,0,0,0,0,0,0,,0,0,0,0,0,0,0,0,0,0,4.6,8.6
00-0040125,K.Banks,Kelvin Banks Jr.,OT,OL,"https://static.www.nfl.com/image/upload/f_auto,q_auto/league/pwjfoqwm1af7cjkw7pnr",2025,9,REG,2025_09_NO_LA,NO,LA,0,0,0,0,0,0,0,0,0,0,0,0,,,0,,0,0,0,0,0,0,0,0,0,0,,0,0,0,0,0,0,0,0,0,0,0,0,0,0,,0,0,0,0,0,,0,0,0,0,0,0,0,0,0,0,0,0,0,0,0,0,0,0,0,0,0,0,0,0,0,0,0,0,0,0,1,5,0,0,0,0,0,0,0,0,0,0,0,0,0,,,0,0,0,0,0,0,0,0,0,0,0,0,,,,0,0,0,0,0,0,0,,0,0,0,0,0,0,0,,0,0,0,0,0,0,0,0,0,0,0,0
00-0040126,C.Loveland,Colston Loveland,TE,TE,"https://static.www.nfl.com/image/upload/f_auto,q_auto/league/cnxiyi76jeahgx94nh6d",2025,9,REG,2025_09_CHI_CIN,CHI,CIN,0,0,0,0,0,0,0,0,0,0,0,0,,,0,,0,0,0,0,0,0,0,0,0,0,,0,0,0,0,0,6,7,118,2,0,0,71,57,4,10.5005881441031,0,4,2,2,1,1.66197183098592,0.205882352941176,0.240677966101695,0.477298105682951,0,0,0,0,0,0,0,0,0,0,0,0,0,0,0,0,0,0,0,0,0,0,0,0,0,0,0,0,0,0,0,0,0,0,0,0,0,0,0,0,0,0,,,0,0,0,0,0,0,0,0,0,0,0,0,,,,0,0,0,0,0,0,0,,0,0,0,0,0,0,0,,0,0,0,0,0,0,0,0,0,0,23.8,29.8
00-0040127,K.Grant,Kenneth Grant,DT,DL,"https://static.www.nfl.com/image/upload/f_auto,q_auto/league/toglmqxy3ymqzkcef11y",2025,9,REG,2025_09_BAL_MIA,MIA,BAL,0,0,0,0,0,0,0,0,0,0,0,0,,,0,,0,0,0,0,0,0,0,0,0,0,,0,0,0,0,0,0,0,0,0,0,0,0,0,0,,0,0,0,0,0,,0,0,0,0,1,0,1,0,0,0,0,0,0,0,0,0,0,0,0,0,0,0,0,0,0,0,0,0,0,0,0,0,0,0,0,0,0,0,0,0,0,0,0,0,0,,,0,0,0,0,0,0,0,0,0,0,0,0,,,,0,0,0,0,0,0,0,,0,0,0,0,0,0,0,,0,0,0,0,0,0,0,0,0,0,0,0
00-0040128,T.Warren,Tyler Warren,TE,TE,"https://static.www.nfl.com/image/upload/f_auto,q_auto/league/f1mfwwrr3qvnxuiackgq",2025,9,REG,2025_09_IND_PIT,IND,PIT,0,0,0,0,0,0,0,0,0,0,0,0,,,0,,0,0,0,0,0,0,0,0,0,0,,0,0,0,0,0,5,7,26,0,0,0,7,13,1,-1.15112276020227,0,0,0,0,0,3.71428571428571,0.145833333333333,0.0162037037037037,0.230092592592593,0,0,0,0,0,0,0,0,0,0,0,0,0,0,0,0,0,0,0,0,0,0,1,0,0,0,0,0,0,0,0,0,0,0,0,0,0,0,0,0,0,0,,,0,0,0,0,0,0,0,0,0,0,0,0,,,,0,0,0,0,0,0,0,,0,0,0,0,0,0,0,,0,0,0,0,0,0,0,0,0,0,2.6,7.6
00-0040130,J.Higgins,Jayden Higgins,WR,WR,"https://static.www.nfl.com/image/upload/f_auto,q_auto/league/s3zuo0ysm9ncxr9o4420",2025,9,REG,2025_09_DEN_HOU,HOU,DEN,0,0,0,0,0,0,0,0,0,0,0,0,,,0,,0,0,0,0,0,0,0,0,0,0,,0,0,0,0,0,1,1,4,0,0,0,4,0,0,-0.0697584869340062,0,0,0,0,0,1,0.0256410256410256,0.0120845921450151,0.046920752963049,0,0,0,0,0,0,0,0,0,0,0,0,0,0,0,0,0,0,0,0,0,0,0,0,0,0,0,0,0,0,0,0,0,0,0,0,0,0,0,0,0,0,,,0,0,0,0,0,0,0,0,0,0,0,0,,,,0,0,0,0,0,0,0,,0,0,0,0,0,0,0,,0,0,0,0,0,0,0,0,0,0,0.4,1.4
00-0040131,K.Williams,Kyle Williams,WR,WR,"https://static.www.nfl.com/image/upload/f_auto,q_auto/league/xkicyhizq6sm86wr5osk",2025,9,REG,2025_09_ATL_NE,NE,ATL,0,0,0,0,0,0,0,0,0,0,0,0,,,0,,0,0,0,0,0,0,0,0,0,0,,0,0,0,0,0,0,1,0,0,0,0,11,0,0,-0.55953545961529,0,0,0,0,0,0,0.0357142857142857,0.0354838709677419,0.0784101382488479,0,0,0,0,0,0,0,0,0,0,0,0,0,0,0,0,0,0,0,0,0,0,0,0,0,0,0,0,0,0,0,0,0,0,0,0,0,0,0,0,0,0,,,0,0,0,0,0,0,0,0,0,0,0,0,,,,0,0,0,0,0,0,0,,0,0,0,0,0,0,0,,0,0,0,0,0,0,0,0,0,0,0,0
00-0040134,P.Bryant,Pat Bryant,WR,WR,"https://static.www.nfl.com/image/upload/f_auto,q_auto/league/n91hznzkfpftxhqt1qd9",2025,9,REG,2025_09_DEN_HOU,DEN,HOU,0,0,0,0,0,0,0,0,0,0,0,0,,,0,,0,0,0,0,0,0,0,0,0,0,,0,0,0,0,0,2,3,20,0,0,0,57,2,2,2.92191089235712,0,1,0,0,0,0.350877192982456,0.0882352941176471,0.129251700680272,0.222829131652661,0,0,0,0,0,0,0,0,0,0,0,0,0,0,0,0,0,0,0,0,0,0,0,0,0,0,0,0,0,0,0,0,0,0,0,0,0,0,0,0,0,0,,,0,0,0,0,0,0,0,0,0,0,0,0,,,,0,0,0,0,0,0,0,,0,0,0,0,0,0,0,,0,0,0,0,0,0,0,0,0,0,2,4
00-0040137,J.Burch,Jordan Burch,LB,LB,"https://static.www.nfl.com/image/upload/f_auto,q_auto/league/e1l9bvbtlmy2ea7izknj",2025,9,REG,2025_09_ARI_DAL,ARI,DAL,0,0,0,0,0,0,0,0,0,0,0,0,,,0,,0,0,0,0,0,0,0,0,0,0,,0,0,0,0,0,0,0,0,0,0,0,0,0,0,,0,0,0,0,0,,0,0,0,0,0,0,1,0,0,0,0,0,0,0,0,0,0,0,0,0,0,0,0,0,0,0,0,0,0,0,0,0,0,0,0,0,0,0,0,0,0,0,0,0,0,,,0,0,0,0,0,0,0,0,0,0,0,0,,,,0,0,0,0,0,0,0,,0,0,0,0,0,0,0,,0,0,0,0,0,0,0,0,0,0,0,0
00-0040138,J.Noel,Jaylin Noel,WR,WR,"https://static.www.nfl.com/image/upload/f_auto,q_auto/league/ehlm8w4afdqoisx1e6as",2025,9,REG,2025_09_DEN_HOU,HOU,DEN,0,0,0,0,0,0,0,0,0,0,0,0,,,0,,0,0,0,0,1,-3,0,0,0,0,-0.786013087956235,0,0,0,0,0,0,0,0,0,0,0,0,0,0,,0,0,0,0,0,,0,0,0,0,0,0,0,0,0,0,0,0,0,0,0,0,0,0,0,0,0,0,0,0,0,0,0,0,0,0,0,0,0,0,0,0,0,4,62,0,0,0,0,0,0,,,0,0,0,0,0,0,0,0,0,0,0,0,,,,0,0,0,0,0,0,0,,0,0,0,0,0,0,0,,0,0,0,0,0,0,0,0,0,0,-0.3,-0.3
00-0040141,K.Winston,Kevin Winston Jr.,SAF,DB,"https://static.www.nfl.com/image/upload/f_auto,q_auto/league/zeai9xuvlquhwkzztbua",2025,9,REG,2025_09_LAC_TEN,TEN,LAC,0,0,0,0,0,0,0,0,0,0,0,0,,,0,,0,0,0,0,0,0,0,0,0,0,,0,0,0,0,0,0,0,0,0,0,0,0,0,0,,0,0,0,0,0,,0,0,0,0,1,0,1,0,0,0,0,0,0,0,0,0,0,0,0,0,0,0,0,0,0,0,0,0,0,0,0,0,0,0,0,0,0,0,0,0,0,0,0,0,0,,,0,0,0,0,0,0,0,0,0,0,0,0,,,,0,0,0,0,0,0,0,,0,0,0,0,0,0,0,,0,0,0,0,0,0,0,0,0,0,0,0
00-0040142,K.Johnson,Kaleb Johnson,RB,RB,"https://static.www.nfl.com/image/upload/f_auto,q_auto/league/zpzc4oobxi8nr5dyonob",2025,9,REG,2025_09_IND_PIT,PIT,IND,0,0,0,0,0,0,0,0,0,0,0,0,,,0,,0,0,0,0,1,4,0,0,0,0,-0.132659380324185,0,0,0,0,0,1,1,9,0,0,0,-5,14,0,0.675958429812454,0,0,0,0,0,-1.8,0.0285714285714286,-0.0485436893203884,0.00887656033287101,0,0,0,0,0,0,0,0,0,0,0,0,0,0,0,0,0,0,0,0,0,0,0,0,0,0,0,0,0,0,0,0,0,0,0,0,0,0,0,0,0,0,,,0,0,0,0,0,0,0,0,0,0,0,0,,,,0,0,0,0,0,0,0,,0,0,0,0,0,0,0,,0,0,0,0,0,0,0,0,0,0,1.3,2.3
00-0040144,J.Caldwell,Jamaree Caldwell,DT,DL,"https://static.www.nfl.com/image/upload/f_auto,q_auto/league/o6zilnte5jibvs84wshv",2025,9,REG,2025_09_LAC_TEN,LAC,TEN,0,0,0,0,0,0,0,0,0,0,0,0,,,0,,0,0,0,0,0,0,0,0,0,0,,0,0,0,0,0,0,0,0,0,0,0,0,0,0,,0,0,0,0,0,,0,0,0,0,1,0,0,0,0,0,0,0,0,0,0,0,0,0,0,0,0,0,0,0,0,0,0,0,0,0,0,0,0,0,0,0,0,0,0,0,0,0,0,0,0,,,0,0,0,0,0,0,0,0,0,0,0,0,,,,0,0,0,0,0,0,0,,0,0,0,0,0,0,0,,0,0,0,0,0,0,0,0,0,0,0,0
00-0040148,X.Watts,Xavier Watts,SAF,DB,"https://static.www.nfl.com/image/upload/f_auto,q_auto/league/kfq1ekzcnannihp8qatc",2025,9,REG,2025_09_ATL_NE,ATL,NE,0,0,0,0,0,0,0,0,0,0,0,0,,,0,,0,0,0,0,0,0,0,0,0,0,,0,0,0,0,0,0,0,0,0,0,0,0,0,0,,0,0,0,0,0,,0,0,0,0,3,0,1,0,0,0,0,0,0,0,0,0,0,0,0,0,0,0,0,0,0,0,0,0,0,0,0,0,0,0,0,0,0,0,0,0,0,0,0,0,0,,,0,0,0,0,0,0,0,0,0,0,0,0,,,,0,0,0,0,0,0,0,,0,0,0,0,0,0,0,,0,0,0,0,0,0,0,0,0,0,0,0
00-0040149,J.Smith,Jaylin Smith,CB,DB,"https://static.www.nfl.com/image/upload/f_auto,q_auto/league/pm4jhvtvmy4uvtcuxzpj",2025,9,REG,2025_09_DEN_HOU,HOU,DEN,0,0,0,0,0,0,0,0,0,0,0,0,,,0,,0,0,0,0,0,0,0,0,0,0,,0,0,0,0,0,0,0,0,0,0,0,0,0,0,,0,0,0,0,0,,0,0,0,0,1,0,1,0,0,0,0,0,0,0,0,0,0,0,0,0,0,0,0,0,0,0,0,1,0,0,0,0,0,0,0,0,0,0,0,0,0,0,0,0,0,,,0,0,0,0,0,0,0,0,0,0,0,0,,,,0,0,0,0,0,0,0,,0,0,0,0,0,0,0,,0,0,0,0,0,0,0,0,0,0,0,0
00-0040152,U.Stout,Upton Stout,CB,DB,"https://static.www.nfl.com/image/upload/f_auto,q_auto/league/k5fypo0f9ctrs9dfvcyw",2025,9,REG,2025_09_SF_NYG,SF,NYG,0,0,0,0,0,0,0,0,0,0,0,0,,,0,,0,0,0,0,0,0,0,0,0,0,,0,0,0,0,0,0,0,0,0,0,0,0,0,0,,0,0,0,0,0,,0,0,0,0,4,0,2,1,2,0,0,0,0,0,0,0,0,0,0,0,0,0,0,0,0,0,0,0,0,0,1,5,0,0,0,0,0,0,0,0,0,0,0,0,0,,,0,0,0,0,0,0,0,0,0,0,0,0,,,,0,0,0,0,0,0,0,,0,0,0,0,0,0,0,,0,0,0,0,0,0,0,0,0,0,0,0
00-0040154,T.Felton,Tai Felton,WR,WR,"https://static.www.nfl.com/image/upload/f_auto,q_auto/league/pyritorbaz2enqayclln",2025,9,REG,2025_09_MIN_DET,MIN,DET,0,0,0,0,0,0,0,0,0,0,0,0,,,0,,0,0,0,0,0,0,0,0,0,0,,0,0,0,0,0,0,0,0,0,0,0,0,0,0,,0,0,0,0,0,,0,0,0,0,0,0,0,0,0,0,0,0,0,0,0,0,0,0,0,0,0,0,0,0,0,0,0,0,0,0,1,6,0,0,0,0,0,0,0,0,0,0,0,0,0,,,0,0,0,0,0,0,0,0,0,0,0,0,,,,0,0,0,0,0,0,0,,0,0,0,0,0,0,0,,0,0,0,0,0,0,0,0,0,0,0,0
00-0040155,D.Stutsman,Danny Stutsman,LB,LB,"https://static.www.nfl.com/image/upload/f_auto,q_auto/league/zgjiw9cotus8gjlvspx2",2025,9,REG,2025_09_NO_LA,NO,LA,0,0,0,0,0,0,0,0,0,0,0,0,,,0,,0,0,0,0,0,0,0,0,0,0,,0,0,0,0,0,0,0,0,0,0,0,0,0,0,,0,0,0,0,0,,0,0,0,0,1,0,7,0,0,0,0,0,0,0,0,0,0,0,0,0,0,0,0,0,0,0,0,0,0,0,0,0,0,0,0,0,0,0,0,0,0,0,0,0,0,,,0,0,0,0,0,0,0,0,0,0,0,0,,,,0,0,0,0,0,0,0,,0,0,0,0,0,0,0,,0,0,0,0,0,0,0,0,0,0,0,0
00-0040157,B.Carter,Barrett Carter,LB,LB,"https://static.www.nfl.com/image/upload/f_auto,q_auto/league/jdzoxrmno9l5qytgz0iv",2025,9,REG,2025_09_CHI_CIN,CIN,CHI,0,0,0,0,0,0,0,0,0,0,0,0,,,0,,0,0,0,0,0,0,0,0,0,0,,0,0,0,0,0,0,0,0,0,0,0,0,0,0,,0,0,0,0,0,,0,0,0,0,5,0,5,0,0,0,0,0,0,0,0,1,0,0,0,0,0,0,0,0,0,0,0,0,0,0,0,0,0,0,0,0,0,0,0,0,0,0,0,0,0,,,0,0,0,0,0,0,0,0,0,0,0,0,,,,0,0,0,0,0,0,0,,0,0,0,0,0,0,0,,0,0,0,0,0,0,0,0,0,0,0,0
00-0040159,L.Ransom,Lathan Ransom,SAF,DB,"https://static.www.nfl.com/image/upload/f_auto,q_auto/league/gg0ztjfsso4y7yx4fxfb",2025,9,REG,2025_09_CAR_GB,CAR,GB,0,0,0,0,0,0,0,0,0,0,0,0,,,0,,0,0,0,0,0,0,0,0,0,0,,0,0,0,0,0,0,0,0,0,0,0,0,0,0,,0,0,0,0,0,,0,0,0,0,3,0,3,0,0,0,0,0,0,0,0,0,0,0,0,0,0,0,0,0,0,0,0,0,0,0,0,0,0,0,0,0,0,0,0,0,0,0,0,0,0,,,0,0,0,0,0,0,0,0,0,0,0,0,,,,0,0,0,0,0,0,0,,0,0,0,0,0,0,0,,0,0,0,0,0,0,0,0,0,0,0,0
00-0040160,J.Sawyer,Jack Sawyer,LB,LB,"https://static.www.nfl.com/image/upload/f_auto,q_auto/league/bsfaucfu7cawckhpr73k",2025,9,REG,2025_09_IND_PIT,PIT,IND,0,0,0,0,0,0,0,0,0,0,0,0,,,0,,0,0,0,0,0,0,0,0,0,0,,0,0,0,0,0,0,0,0,0,0,0,0,0,0,,0,0,0,0,0,,0,0,0,0,0,0,0,0,0,0,0,0,0,1,4,1,0,0,0,0,0,0,0,0,0,0,0,0,0,0,1,5,0,0,0,0,0,0,0,0,0,0,0,0,0,,,0,0,0,0,0,0,0,0,0,0,0,0,,,,0,0,0,0,0,0,0,,0,0,0,0,0,0,0,,0,0,0,0,0,0,0,0,0,0,0,0
00-0040164,J.Lane,Jaylin Lane,WR,WR,"https://static.www.nfl.com/image/upload/f_auto,q_auto/league/fa5ufxqxs3hzioih3cfb",2025,9,REG,2025_09_SEA_WAS,WAS,SEA,0,0,0,0,0,0,0,0,0,0,0,0,,,0,,0,0,0,0,0,0,0,0,0,0,,0,0,0,0,0,3,5,29,0,0,0,41,12,2,-1.02359911845997,0,1,0,0,0,0.707317073170732,0.238095238095238,0.328,0.586742857142857,0,1,0,0,0,0,0,0,0,0,0,0,0,0,0,0,0,0,0,0,0,0,0,0,0,0,0,0,0,1,0,0,1,1,2,15,1,26,0,0,0,0,,,0,0,0,0,0,0,0,0,0,0,0,0,,,,0,0,0,0,0,0,0,,0,0,0,0,0,0,0,,0,0,0,0,0,0,0,0,0,0,2.9,5.9
00-0040166,Q.Riley,Quincy Riley,CB,DB,"https://static.www.nfl.com/image/upload/f_auto,q_auto/league/q4qlahpfgvbren4xt0pj",2025,9,REG,2025_09_NO_LA,NO,LA,0,0,0,0,0,0,0,0,0,0,0,0,,,0,,0,0,0,0,0,0,0,0,0,0,,0,0,0,0,0,0,0,0,0,0,0,0,0,0,,0,0,0,0,0,,0,0,0,0,0,0,0,0,0,0,0,0,0,0,0,1,0,0,0,0,0,0,0,0,0,0,0,0,0,0,0,0,0,0,0,0,0,0,0,0,0,0,0,0,0,,,0,0,0,0,0,0,0,0,0,0,0,0,,,,0,0,0,0,0,0,0,,0,0,0,0,0,0,0,,0,0,0,0,0,0,0,0,0,0,0,0
00-0040168,Q.Robinson,Que Robinson,LB,LB,"https://static.www.nfl.com/image/upload/f_auto,q_auto/league/quvadleyknwh31c7acza",2025,9,REG,2025_09_DEN_HOU,DEN,HOU,0,0,0,0,0,0,0,0,0,0,0,0,,,0,,0,0,0,0,0,0,0,0,0,0,,0,0,0,0,0,0,0,0,0,0,0,0,0,0,,0,0,0,0,0,,0,0,0,0,1,0,0,0,0,0,0,0,0,0,0,0,0,0,0,0,0,0,0,0,0,0,0,0,0,0,0,0,0,0,0,0,0,0,0,0,0,0,0,0,0,,,0,0,0,0,0,0,0,0,0,0,0,0,,,,0,0,0,0,0,0,0,,0,0,0,0,0,0,0,,0,0,0,0,0,0,0,0,0,0,0,0
00-0040170,E.Ayomanor,Elic Ayomanor,WR,WR,"https://static.www.nfl.com/image/upload/f_auto,q_auto/league/jjmscqt6v4ecasveugoh",2025,9,REG,2025_09_LAC_TEN,TEN,LAC,0,0,0,0,0,0,0,0,0,0,0,0,,,0,,0,0,0,0,0,0,0,0,0,0,,0,0,0,0,0,3,6,46,0,0,0,72,18,3,2.28496208897559,0,2,1,1,0,0.638888888888889,0.285714285714286,0.39344262295082,0.703981264637002,0,0,0,0,0,0,0,0,0,0,0,0,0,0,0,0,0,0,0,0,0,0,0,0,0,0,0,1,10,0,0,0,0,0,0,0,0,0,0,0,0,0,,,0,0,0,0,0,0,0,0,0,0,0,0,,,,0,0,0,0,0,0,0,,0,0,0,0,0,0,0,,0,0,0,0,0,0,0,0,0,0,4.6,7.6
00-0040171,J.Farmer,Joshua Farmer,DT,DL,"https://static.www.nfl.com/image/upload/f_auto,q_auto/league/euamsvbjrgz3i0difj1b",2025,9,REG,2025_09_ATL_NE,NE,ATL,0,0,0,0,0,0,0,0,0,0,0,0,,,0,,0,0,0,0,0,0,0,0,0,0,,0,0,0,0,0,0,0,0,0,0,0,0,0,0,,0,0,0,0,0,,0,0,0,0,1,0,1,0,0,0,0,0,0,0,0,0,0,0,0,0,0,0,0,0,0,0,0,0,0,0,0,0,0,0,0,0,0,0,0,0,0,0,0,0,0,,,0,0,0,0,0,0,0,0,0,0,0,0,,,,0,0,0,0,0,0,0,,0,0,0,0,0,0,0,,0,0,0,0,0,0,0,0,0,0,0,0
00-0040172,J.Watkins,Jordan Watkins,WR,WR,"https://static.www.nfl.com/image/upload/f_auto,q_auto/league/agcwewjrj4dfssqkzksp",2025,9,REG,2025_09_SF_NYG,SF,NYG,0,0,0,0,0,0,0,0,0,0,0,0,,,0,,0,0,0,0,0,0,0,0,0,0,,0,0,0,0,0,1,1,19,0,0,0,19,0,1,2.26122445531655,0,1,1,0,0,1,0.0434782608695652,0.11875,0.148342391304348,0,0,0,0,0,0,0,0,0,0,0,0,0,0,0,0,0,0,0,0,0,0,0,0,0,0,0,0,0,0,0,0,0,0,0,0,0,0,0,0,0,0,,,0,0,0,0,0,0,0,0,0,0,0,0,,,,0,0,0,0,0,0,0,,0,0,0,0,0,0,0,,0,0,0,0,0,0,0,0,0,0,1.9,2.9
00-0040175,Jo.Phillips,Jordan Phillips,DT,DL,"https://static.www.nfl.com/image/upload/f_auto,q_auto/league/mhntqo1e1uxl8uhqzqrk",2025,9,REG,2025_09_BAL_MIA,MIA,BAL,0,0,0,0,0,0,0,0,0,0,0,0,,,0,,0,0,0,0,0,0,0,0,0,0,,0,0,0,0,0,0,0,0,0,0,0,0,0,0,,0,0,0,0,0,,0,0,0,0,0,0,1,0,0,0,0,0,1,0,0,0,0,0,0,0,0,0,0,0,0,0,0,0,0,0,0,0,0,0,0,0,0,0,0,0,0,0,0,0,0,,,0,0,0,0,0,0,0,0,0,0,0,0,,,,0,0,0,0,0,0,0,,0,0,0,0,0,0,0,,0,0,0,0,0,0,0,0,0,0,0,0
00-0040181,M.Mbow,Marcus Mbow,G,OL,"https://static.www.nfl.com/image/upload/f_auto,q_auto/league/tcuix9kjptef9xrgpdoz",2025,9,REG,2025_09_SF_NYG,NYG,SF,0,0,0,0,0,0,0,0,0,0,0,0,,,0,,0,0,0,0,0,0,0,0,0,0,,0,0,0,0,0,0,0,0,0,0,0,0,0,0,,0,0,0,0,0,,0,0,0,0,0,0,0,0,0,0,0,0,0,0,0,0,0,0,0,0,0,0,0,0,0,0,0,0,0,0,1,5,0,0,0,0,0,0,0,0,0,0,0,0,0,,,0,0,0,0,0,0,0,0,0,0,0,0,,,,0,0,0,0,0,0,0,,0,0,0,0,0,0,0,,0,0,0,0,0,0,0,0,0,0,0,0
00-0040182,D.Trader,Dante Trader Jr.,SAF,DB,"https://static.www.nfl.com/image/upload/f_auto,q_auto/league/nffbi3a32ngmczzvxcz0",2025,9,REG,2025_09_BAL_MIA,MIA,BAL,0,0,0,0,0,0,0,0,0,0,0,0,,,0,,0,0,0,0,0,0,0,0,0,0,,0,0,0,0,0,0,0,0,0,0,0,0,0,0,,0,0,0,0,0,,0,0,0,0,8,0,5,0,0,0,0,0,0,0,0,0,0,0,0,0,0,0,0,0,0,0,0,0,0,0,0,0,0,0,0,0,0,0,0,0,0,0,0,0,0,,,0,0,0,0,0,0,0,0,0,0,0,0,,,,0,0,0,0,0,0,0,,0,0,0,0,0,0,0,,0,0,0,0,0,0,0,0,0,0,0,0
00-0040184,K.Lambert-Smith,KeAndre Lambert-Smith,WR,WR,"https://static.www.nfl.com/image/upload/f_auto,q_auto/league/xhhzgylwh0ptvpaghnuu",2025,9,REG,2025_09_LAC_TEN,LAC,TEN,0,0,0,0,0,0,0,0,0,0,0,0,,,0,,0,0,0,0,0,0,0,0,0,0,,0,0,0,0,0,0,1,0,0,0,0,48,0,0,-0.462760274298489,0,0,0,0,0,0,0.0357142857142857,0.154340836012862,0.161610013780432,0,0,0,0,0,0,0,0,0,0,0,0,0,0,0,0,0,0,0,0,0,0,0,0,0,0,0,0,0,0,0,0,0,0,0,0,2,49,0,0,0,0,,,0,0,0,0,0,0,0,0,0,0,0,0,,,,0,0,0,0,0,0,0,,0,0,0,0,0,0,0,,0,0,0,0,0,0,0,0,0,0,0,0
00-0040189,O.Gadsden,Oronde Gadsden II,TE,TE,"https://static.www.nfl.com/image/upload/f_auto,q_auto/league/r8b4oghjwhw8x9nv1wbs",2025,9,REG,2025_09_LAC_TEN,LAC,TEN,0,0,0,0,0,0,0,0,0,0,0,0,,,0,,0,0,0,0,0,0,0,0,0,0,,0,0,0,0,0,5,5,68,0,0,0,47,21,2,5.77523115486838,0,2,1,1,0,1.4468085106383,0.178571428571429,0.15112540192926,0.373644924207625,0,0,0,0,0,0,0,0,0,0,0,0,0,0,0,0,0,0,0,0,0,0,0,0,0,0,0,0,0,0,0,0,0,0,0,0,0,0,0,0,0,0,,,0,0,0,0,0,0,0,0,0,0,0,0,,,,0,0,0,0,0,0,0,,0,0,0,0,0,0,0,,0,0,0,0,0,0,0,0,0,0,6.8,11.8
00-0040192,J.Hancock,Jordan Hancock,CB,DB,"https://static.www.nfl.com/image/upload/f_auto,q_auto/league/ursfrg83sovz52fo6oeh",2025,9,REG,2025_09_KC_BUF,BUF,KC,0,0,0,0,0,0,0,0,0,0,0,0,,,0,,0,0,0,0,0,0,0,0,0,0,,0,0,0,0,0,0,0,0,0,0,0,0,0,0,,0,0,0,0,0,,0,0,0,0,1,0,0,0,0,0,0,0,0,0,0,0,0,0,0,0,0,0,0,0,0,0,0,0,0,0,0,0,0,0,0,0,0,0,0,0,0,0,0,0,0,,,0,0,0,0,0,0,0,0,0,0,0,0,,,,0,0,0,0,0,0,0,,0,0,0,0,0,0,0,,0,0,0,0,0,0,0,0,0,0,0,0
00-0040194,J.Hawes,Jackson Hawes,TE,TE,"https://static.www.nfl.com/image/upload/f_auto,q_auto/league/gl3easmpg7rn6e5siya2",2025,9,REG,2025_09_KC_BUF,BUF,KC,0,0,0,0,0,0,0,0,0,0,0,0,,,0,,0,0,0,0,0,0,0,0,0,0,,0,0,0,0,0,1,2,18,0,0,0,15,6,1,0.667824587086216,0,1,1,0,0,1.2,0.08,0.112781954887218,0.198947368421053,0,0,0,0,0,0,0,0,0,0,0,0,0,0,0,0,0,0,0,0,0,0,0,0,0,0,0,0,0,0,0,0,0,0,0,0,0,0,0,0,0,0,,,0,0,0,0,0,0,0,0,0,0,0,0,,,,0,0,0,0,0,0,0,,0,0,0,0,0,0,0,,0,0,0,0,0,0,0,0,0,0,1.8,2.8
00-0040195,D.Burke,Denzel Burke,CB,DB,"https://static.www.nfl.com/image/upload/f_auto,q_auto/league/ertjghbr5dldlhzml7jh",2025,9,REG,2025_09_ARI_DAL,ARI,DAL,0,0,0,0,0,0,0,0,0,0,0,0,,,0,,0,0,0,0,0,0,0,0,0,0,,0,0,0,0,0,0,0,0,0,0,0,0,0,0,,0,0,0,0,0,,0,0,0,0,6,0,1,0,0,0,0,0,0,1,0,2,0,0,0,0,0,0,0,0,0,0,0,0,0,0,0,0,0,0,0,0,0,0,0,0,0,0,0,0,0,,,0,0,0,0,0,0,0,0,0,0,0,0,,,,0,0,0,0,0,0,0,,0,0,0,0,0,0,0,,0,0,0,0,0,0,0,0,0,0,0,0
00-0040198,O.Gordon,Ollie Gordon II,RB,RB,"https://static.www.nfl.com/image/upload/f_auto,q_auto/league/bv33rgypaauv7sealwkr",2025,9,REG,2025_09_BAL_MIA,MIA,BAL,0,0,0,0,0,0,0,0,0,0,0,0,,,0,,0,0,0,0,2,6,0,0,0,0,-0.52011402399512,0,0,0,0,0,1,1,3,0,0,0,-4,7,0,-0.33883856178727,0,0,0,0,0,-0.75,0.027027027027027,-0.014760147601476,0.0302084372195073,0,0,0,0,0,0,0,0,0,0,0,0,0,0,0,0,0,0,0,0,0,0,0,0,0,0,0,1,15,0,0,0,0,0,0,0,0,0,0,0,0,0,,,0,0,0,0,0,0,0,0,0,0,0,0,,,,0,0,0,0,0,0,0,,0,0,0,0,0,0,0,,0,0,0,0,0,0,0,0,0,0,0.9,1.9
00-0040200,A.Borregales,Andy Borregales,K,SPEC,"https://static.www.nfl.com/image/upload/f_auto,q_auto/league/x2fxn5qf6zkgmvedjpys",2025,9,REG,2025_09_ATL_NE,NE,ATL,0,0,0,0,0,0,0,0,0,0,0,0,,,0,,0,0,0,0,0,0,0,0,0,0,,0,0,0,0,0,0,0,0,0,0,0,0,0,0,,0,0,0,0,0,,0,0,0,0,0,0,0,0,0,0,0,0,0,0,0,0,0,0,0,0,0,0,0,0,0,0,0,0,0,0,0,0,0,0,0,0,0,0,0,0,0,1,1,0,0,32,1,0,0,1,0,0,0,0,0,0,0,0,0,32,,,32,0,0,3,3,0,0,1,0,0,0,0,0,0,0,,0,0,0,0,0,0,0,0,0,0,0,0
00-0040201,M.Harris,Marcus Harris,CB,DB,"https://static.www.nfl.com/image/upload/f_auto,q_auto/league/xwb7yigex1r2dne7yelm",2025,9,REG,2025_09_LAC_TEN,TEN,LAC,0,0,0,0,0,0,0,0,0,0,0,0,,,0,,0,0,0,0,0,0,0,0,0,0,,0,0,0,0,0,0,0,0,0,0,0,0,0,0,,0,0,0,0,0,,0,0,0,0,1,0,0,0,0,0,0,0,0,0,0,1,0,0,0,0,0,0,0,0,0,0,0,0,0,0,0,0,0,0,0,0,0,0,0,0,0,0,0,0,0,,,0,0,0,0,0,0,0,0,0,0,0,0,,,,0,0,0,0,0,0,0,,0,0,0,0,0,0,0,,0,0,0,0,0,0,0,0,0,0,0,0
00-0040202,D.Neal,Devin Neal,RB,RB,"https://static.www.nfl.com/image/upload/f_auto,q_auto/league/yqv7u0yb5toyhx1pnvku",2025,9,REG,2025_09_NO_LA,NO,LA,0,0,0,0,0,0,0,0,0,0,0,0,,,0,,0,0,0,0,3,11,0,0,0,0,-0.709980868152343,0,0,0,0,0,1,1,1,0,0,0,-1,2,0,-0.741831813124009,0,0,0,0,0,-1,0.0416666666666667,-0.00458715596330275,0.0592889908256881,0,0,0,0,0,0,0,0,0,0,0,0,0,0,0,0,0,0,0,0,0,0,0,0,0,0,0,0,0,0,0,0,0,0,0,0,0,0,0,0,0,0,,,0,0,0,0,0,0,0,0,0,0,0,0,,,,0,0,0,0,0,0,0,,0,0,0,0,0,0,0,,0,0,0,0,0,0,0,0,0,0,1.2,2.2
00-0040208,T.Brooks,Tahj Brooks,RB,RB,"https://static.www.nfl.com/image/upload/f_auto,q_auto/league/s89clgkij0ytcmrkdydt",2025,9,REG,2025_09_CHI_CIN,CIN,CHI,0,0,0,0,0,0,0,0,0,0,0,0,,,0,,0,0,0,0,1,1,0,0,0,0,-0.465648957411759,0,0,0,0,0,0,0,0,0,0,0,0,0,0,,0,0,0,0,0,,0,0,0,0,0,0,0,0,0,0,0,0,0,0,0,0,0,0,0,0,0,0,0,0,0,0,0,0,0,0,0,0,0,0,0,0,0,0,0,2,55,0,0,0,0,,,0,0,0,0,0,0,0,0,0,0,0,0,,,,0,0,0,0,0,0,0,,0,0,0,0,0,0,0,,0,0,0,0,0,0,0,0,0,0,0.1,0.1
00-0040218,Ji.Horn,Jimmy Horn Jr.,WR,WR,"https://static.www.nfl.com/image/upload/f_auto,q_auto/league/gggcgfbghcft0xwxtrhk",2025,9,REG,2025_09_CAR_GB,CAR,GB,0,0,0,0,0,0,0,0,0,0,0,0,,,0,,0,0,0,0,1,7,0,0,0,1,0.919315176724922,0,0,0,0,0,1,2,1,0,0,0,-3,1,0,-1.26353171165101,0,0,0,0,0,0,0.105263157894737,-0.024,0.141094736842105,0,0,0,0,0,0,0,0,0,0,0,0,0,0,0,0,0,0,0,0,0,0,0,0,0,0,0,0,0,0,0,0,0,0,0,0,0,0,0,0,0,0,,,0,0,0,0,0,0,0,0,0,0,0,0,,,,0,0,0,0,0,0,0,,0,0,0,0,0,0,0,,0,0,0,0,0,0,0,0,0,0,0.8,1.8
00-0040221,R.Mickens,R.J. Mickens,SAF,DB,"https://static.www.nfl.com/image/upload/f_auto,q_auto/league/ukzfqydyiezmemut0zoe",2025,9,REG,2025_09_LAC_TEN,LAC,TEN,0,0,0,0,0,0,0,0,0,0,0,0,,,0,,0,0,0,0,0,0,0,0,0,0,,0,0,0,0,0,0,0,0,0,0,0,0,0,0,,0,0,0,0,0,,0,0,0,0,1,0,2,0,0,0,0,0,0,0,0,0,0,0,0,0,0,0,0,0,0,0,0,0,0,0,0,0,0,0,0,0,0,0,0,0,0,0,0,0,0,,,0,0,0,0,0,0,0,0,0,0,0,0,,,,0,0,0,0,0,0,0,,0,0,0,0,0,0,0,,0,0,0,0,0,0,0,0,0,0,0,0
00-0040223,J.Crawshaw,Jeremy Crawshaw,P,SPEC,"https://static.www.nfl.com/image/upload/f_auto,q_auto/league/ybqasaukmya02ajzgoaz",2025,9,REG,2025_09_DEN_HOU,DEN,HOU,0,0,0,0,0,0,0,0,0,0,0,0,,,0,,0,0,0,0,0,0,0,0,0,0,,0,0,0,0,0,0,0,0,0,0,0,0,0,0,,0,0,0,0,0,,0,0,0,0,0,0,0,0,0,0,0,0,0,0,0,0,0,0,0,0,0,0,0,0,0,0,0,0,0,0,0,0,0,0,0,0,0,0,0,0,0,0,0,0,0,,,0,0,0,0,0,0,0,0,0,0,0,0,,,,0,0,0,0,0,0,0,,0,0,0,0,0,8,0,76,428,2,1,1,1,1,4,62,0,346,0,0
00-0040228,C.Lindenberg,Cody Lindenberg,LB,LB,"https://static.www.nfl.com/image/upload/f_auto,q_auto/league/fkyosruw3thae4zuxksu",2025,9,REG,2025_09_JAX_LV,LV,JAX,0,0,0,0,0,0,0,0,0,0,0,0,,,0,,0,0,0,0,0,0,0,0,0,0,,0,0,0,0,0,0,0,0,0,0,0,0,0,0,,0,0,0,0,0,,0,0,0,0,2,0,0,0,0,0,0,0,0,0,0,0,0,0,0,0,0,0,0,0,0,0,0,0,0,0,0,0,0,0,0,0,0,0,0,0,0,0,0,0,0,,,0,0,0,0,0,0,0,0,0,0,0,0,,,,0,0,0,0,0,0,0,,0,0,0,0,0,0,0,,0,0,0,0,0,0,0,0,0,0,0,0
00-0040236,K.Monangai,Kyle Monangai,RB,RB,"https://static.www.nfl.com/image/upload/f_auto,q_auto/league/bkkk3uuouhcobydqawro",2025,9,REG,2025_09_CHI_CIN,CHI,CIN,0,0,0,0,0,0,0,0,0,0,0,0,,,0,,0,0,0,0,26,176,0,0,0,6,9.0342400681111,0,3,3,1,0,3,5,22,0,0,0,-3,30,2,-0.0145104591501877,0,2,0,0,0,-7.33333333333333,0.147058823529412,-0.0101694915254237,0.213469591226321,0,0,0,0,0,0,0,0,0,0,0,0,0,0,0,0,0,0,0,0,0,0,0,0,0,0,0,0,0,0,0,0,0,0,0,0,0,0,0,0,0,0,,,0,0,0,0,0,0,0,0,0,0,0,0,,,,0,0,0,0,0,0,0,,0,0,0,0,0,0,0,,0,0,0,0,0,0,0,0,0,0,19.8,22.8
00-0040238,L.Allen,LeQuint Allen Jr.,RB,RB,"https://static.www.nfl.com/image/upload/f_auto,q_auto/league/i0utigksuuvo2njb9wtk",2025,9,REG,2025_09_JAX_LV,JAX,LV,0,0,0,0,0,0,0,0,0,0,0,0,,,0,,0,0,0,0,1,10,0,0,0,1,1.92865044961218,0,1,0,0,0,1,1,1,0,0,0,1,0,0,-0.403739148372551,0,0,0,0,0,1,0.0303030303030303,0.00346020761245675,0.0478766907832652,0,0,0,0,0,0,0,0,0,0,0,0,0,0,0,0,0,0,0,0,0,0,0,0,0,0,0,0,0,0,0,0,0,0,0,0,0,0,0,0,0,0,,,0,0,0,0,0,0,0,0,0,0,0,0,,,,0,0,0,0,0,0,0,,0,0,0,0,0,0,0,,0,0,0,0,0,0,0,0,0,0,1.1,2.1
00-0040242,J.Croskey-Merritt,Jacory Croskey-Merritt,RB,RB,"https://static.www.nfl.com/image/upload/f_auto,q_auto/league/qew4qhlj4yuf50voko61",2025,9,REG,2025_09_SEA_WAS,WAS,SEA,0,0,0,0,0,0,0,0,0,0,0,0,,,0,,0,0,0,0,12,38,0,0,0,0,-2.50732899550349,0,0,0,0,0,1,1,3,0,0,0,2,1,0,1.43473279522732,0,0,0,0,0,1.5,0.0476190476190476,0.016,0.0826285714285714,0,0,0,0,0,0,0,0,0,0,0,0,0,0,0,0,0,0,0,0,0,0,0,0,0,0,0,0,0,0,0,0,0,0,0,0,0,0,0,0,0,0,,,0,0,0,0,0,0,0,0,0,0,0,0,,,,0,0,0,0,0,0,0,,0,0,0,0,0,0,0,,0,0,0,0,0,0,0,0,0,0,4.1,5.1
00-0040243,K.Black,Korie Black,CB,DB,"https://static.www.nfl.com/image/upload/f_auto,q_auto/league/dz0nqspvvzxslk9lxji6",2025,9,REG,2025_09_SF_NYG,NYG,SF,0,0,0,0,0,0,0,0,0,0,0,0,,,0,,0,0,0,0,0,0,0,0,0,0,,0,0,0,0,0,0,0,0,0,0,0,0,0,0,,0,0,0,0,0,,0,0,0,0,1,1,6,1,2,0,0,0,0,0,0,1,0,0,0,0,0,0,0,0,0,0,0,0,0,0,0,0,0,0,0,0,0,0,0,0,0,0,0,0,0,,,0,0,0,0,0,0,0,0,0,0,0,0,,,,0,0,0,0,0,0,0,,0,0,0,0,0,0,0,,0,0,0,0,0,0,0,0,0,0,0,0
00-0040246,J.Ashby,Julian Ashby,LS,SPEC,"https://static.www.nfl.com/image/upload/f_auto,q_auto/league/tylvcq7xqh6xtkirqyxd",2025,9,REG,2025_09_ATL_NE,NE,ATL,0,0,0,0,0,0,0,0,0,0,0,0,,,0,,0,0,0,0,0,0,0,0,0,0,,0,0,0,0,0,0,0,0,0,0,0,0,0,0,,0,0,0,0,0,,0,0,0,0,1,0,0,0,0,0,0,0,0,0,0,0,0,0,0,0,0,0,0,0,0,0,0,0,0,0,0,0,0,0,0,0,0,0,0,0,0,0,0,0,0,,,0,0,0,0,0,0,0,0,0,0,0,0,,,,0,0,0,0,0,0,0,,0,0,0,0,0,0,0,,0,0,0,0,0,0,0,0,0,0,0,0
00-0040251,T.Bridges,Trikweze Bridges,DB,DB,"https://static.www.nfl.com/image/upload/f_auto,q_auto/league/vmjfea3sm8cg0hrlibgj",2025,9,REG,2025_09_ARI_DAL,DAL,ARI,0,0,0,0,0,0,0,0,0,0,0,0,,,0,,0,0,0,0,0,0,0,0,0,0,,0,0,0,0,0,0,0,0,0,0,0,0,0,0,,0,0,0,0,0,,0,0,0,0,1,0,0,0,0,0,0,0,0,0,0,0,0,0,0,0,0,0,0,0,0,0,0,0,0,0,0,0,0,0,0,0,0,0,0,0,0,0,0,0,0,,,0,0,0,0,0,0,0,0,0,0,0,0,,,,0,0,0,0,0,0,0,,0,0,0,0,0,0,0,,0,0,0,0,0,0,0,0,0,0,0,0
00-0040277,J.Walker,Jahdae Walker,WR,WR,"https://static.www.nfl.com/image/upload/f_auto,q_auto/league/cr13mo2xrpdkksy8fveq",2025,9,REG,2025_09_CHI_CIN,CHI,CIN,0,0,0,0,0,0,0,0,0,0,0,0,,,0,,0,0,0,0,0,0,0,0,0,0,,0,0,0,0,0,0,0,0,0,0,0,0,0,0,,0,0,0,0,0,,0,0,0,0,0,0,1,0,0,0,0,0,0,0,0,0,0,0,0,0,0,0,0,0,0,0,0,0,0,0,1,10,0,0,0,0,0,0,0,0,0,0,0,0,0,,,0,0,0,0,0,0,0,0,0,0,0,0,,,,0,0,0,0,0,0,0,,0,0,0,0,0,0,0,,0,0,0,0,0,0,0,0,0,0,0,0
00-0040279,R.Fitzgerald,Ryan Fitzgerald,K,SPEC,"https://static.www.nfl.com/image/upload/f_auto,q_auto/league/giy8qnq6njxzwtqvqdsm",2025,9,REG,2025_09_CAR_GB,CAR,GB,0,0,0,0,0,0,0,0,0,0,0,0,,,0,,0,0,0,0,0,0,0,0,0,0,,0,0,0,0,0,0,0,0,0,0,0,0,0,0,,0,0,0,0,0,,0,0,0,0,0,0,0,0,0,0,0,0,0,0,0,0,0,0,0,0,0,0,0,0,0,0,0,0,0,0,0,0,0,0,0,0,0,0,0,0,0,1,1,0,0,49,1,0,0,0,1,0,0,0,0,0,0,0,0,49,,,49,0,0,1,2,1,0,0.5,1,1,0,0,49,0,0,,0,0,0,0,0,0,0,0,0,0,0,0
00-0040326,B.Combs,Branson Combs,LB,LB,"https://static.www.nfl.com/image/upload/f_auto,q_auto/league/u60bto6dll3fjewspobu",2025,9,REG,2025_09_JAX_LV,JAX,LV,0,0,0,0,0,0,0,0,0,0,0,0,,,0,,0,0,0,0,0,0,0,0,0,0,,0,0,0,0,0,0,0,0,0,0,0,0,0,0,,0,0,0,0,0,,0,0,0,0,0,0,2,0,0,0,0,0,0,0,0,0,0,0,0,0,0,0,0,0,0,0,0,0,0,0,0,0,0,0,0,0,0,0,0,0,0,0,0,0,0,,,0,0,0,0,0,0,0,0,0,0,0,0,,,,0,0,0,0,0,0,0,,0,0,0,0,0,0,0,,0,0,0,0,0,0,0,0,0,0,0,0
00-0040342,D.Striggow,Danny Striggow,DE,DL,"https://static.www.nfl.com/image/upload/f_auto,q_auto/league/lcyhsnmb991cgvwthcy0",2025,9,REG,2025_09_JAX_LV,JAX,LV,0,0,0,0,0,0,0,0,0,0,0,0,,,0,,0,0,0,0,0,0,0,0,0,0,,0,0,0,0,0,0,0,0,0,0,0,0,0,0,,0,0,0,0,0,,0,0,0,0,1,0,0,0,0,0,0,0,0,0,0,0,0,0,0,0,0,0,0,0,0,0,0,0,0,0,0,0,0,0,0,0,0,0,0,0,0,0,0,0,0,,,0,0,0,0,0,0,0,0,0,0,0,0,,,,0,0,0,0,0,0,0,,0,0,0,0,0,0,0,,0,0,0,0,0,0,0,0,0,0,0,0
00-0040471,N.Reed,Nikko Reed,DB,DB,"https://static.www.nfl.com/image/upload/f_auto,q_auto/league/kwrqouczwfh7xtyhlzgl",2025,9,REG,2025_09_LAC_TEN,LAC,TEN,0,0,0,0,0,0,0,0,0,0,0,0,,,0,,0,0,0,0,0,0,0,0,0,0,,0,0,0,0,0,0,0,0,0,0,0,0,0,0,,0,0,0,0,0,,0,0,0,0,0,0,1,0,0,0,0,0,0,0,0,0,0,0,0,0,0,0,0,0,0,0,0,0,0,0,0,0,0,0,0,0,0,0,0,0,0,0,0,0,0,,,0,0,0,0,0,0,0,0,0,0,0,0,,,,0,0,0,0,0,0,0,,0,0,0,0,0,0,0,,0,0,0,0,0,0,0,0,0,0,0,0
00-0040489,G.Vance,Greedy Vance,CB,DB,"https://static.www.nfl.com/image/upload/f_auto,q_auto/league/mr8rshagj0vkedyjoz1t",2025,9,REG,2025_09_JAX_LV,LV,JAX,0,0,0,0,0,0,0,0,0,0,0,0,,,0,,0,0,0,0,0,0,0,0,0,0,,0,0,0,0,0,0,0,0,0,0,0,0,0,0,,0,0,0,0,0,,0,0,0,0,1,0,0,0,0,0,0,0,0,0,0,0,0,0,0,0,0,0,0,0,0,0,0,0,0,0,0,0,0,0,0,0,0,0,0,0,0,0,0,0,0,,,0,0,0,0,0,0,0,0,0,0,0,0,,,,0,0,0,0,0,0,0,,0,0,0,0,0,0,0,,0,0,0,0,0,0,0,0,0,0,0,0
00-0040492,T.Batty,Tyler Batty,LB,LB,"https://static.www.nfl.com/image/upload/f_auto,q_auto/league/xur5y3juva1uila1vszk",2025,9,REG,2025_09_MIN_DET,MIN,DET,0,0,0,0,0,0,0,0,0,0,0,0,,,0,,0,0,0,0,0,0,0,0,0,0,,0,0,0,0,0,0,0,0,0,0,0,0,0,0,,0,0,0,0,0,,0,0,0,0,0,0,1,0,0,0,0,0,0,0,0,0,0,0,0,0,0,0,0,0,0,0,0,0,0,0,0,0,0,0,0,0,0,0,0,0,0,0,0,0,0,,,0,0,0,0,0,0,0,0,0,0,0,0,,,,0,0,0,0,0,0,0,,0,0,0,0,0,0,0,,0,0,0,0,0,0,0,0,0,0,0,0
00-0040496,C.Chambliss,Chaz Chambliss,LB,LB,"https://static.www.nfl.com/image/upload/f_auto,q_auto/league/wwuawbggpxurztrxyyuh",2025,9,REG,2025_09_MIN_DET,MIN,DET,0,0,0,0,0,0,0,0,0,0,0,0,,,0,,0,0,0,0,0,0,0,0,0,0,,0,0,0,0,0,0,0,0,0,0,0,0,0,0,,0,0,0,0,0,,0,0,0,0,1,0,0,0,0,0,0,0,0,0,0,0,0,0,0,0,0,0,0,0,0,0,0,0,0,0,0,0,0,0,0,0,0,0,0,0,0,0,0,0,0,,,0,0,0,0,0,0,0,0,0,0,0,0,,,,0,0,0,0,0,0,0,,0,0,0,0,0,0,0,,0,0,0,0,0,0,0,0,0,0,0,0
00-0040503,D.Mausi,Dorian Mausi,LB,LB,"https://static.www.nfl.com/image/upload/f_auto,q_auto/league/mf8ks1kejyk3ccakvs5f",2025,9,REG,2025_09_LAC_TEN,TEN,LAC,0,0,0,0,0,0,0,0,0,0,0,0,,,0,,0,0,0,0,0,0,0,0,0,0,,0,0,0,0,0,0,0,0,0,0,0,0,0,0,,0,0,0,0,0,,0,0,0,0,2,0,0,0,0,0,0,0,0,0,0,0,0,0,0,0,0,0,0,0,0,0,0,0,0,0,0,0,0,0,0,0,0,0,0,0,0,0,0,0,0,,,0,0,0,0,0,0,0,0,0,0,0,0,,,,0,0,0,0,0,0,0,,0,0,0,0,0,0,0,,0,0,0,0,0,0,0,0,0,0,0,0
00-0040506,M.Price,Myles Price,WR,WR,"https://static.www.nfl.com/image/upload/f_auto,q_auto/league/yi2pgwujy0lv9l3m3sig",2025,9,REG,2025_09_MIN_DET,MIN,DET,0,0,0,0,0,0,0,0,0,0,0,0,,,0,,0,0,0,0,0,0,0,0,0,0,,0,0,0,0,0,0,0,0,0,0,0,0,0,0,,0,0,0,0,0,,0,0,0,0,0,0,0,0,0,0,0,0,0,0,0,0,0,0,0,0,0,0,0,0,0,0,0,0,0,0,0,0,0,0,0,0,0,1,7,5,164,0,0,0,0,,,0,0,0,0,0,0,0,0,0,0,0,0,,,,0,0,0,0,0,0,0,,0,0,0,0,0,0,0,,0,0,0,0,0,0,0,0,0,0,0,0
00-0040509,B.Yurosek,Ben Yurosek,TE,TE,"https://static.www.nfl.com/image/upload/f_auto,q_auto/league/q6ea6dqd4nn27aeihiv7",2025,9,REG,2025_09_MIN_DET,MIN,DET,0,0,0,0,0,0,0,0,0,0,0,0,,,0,,0,0,0,0,0,0,0,0,0,0,,0,0,0,0,0,0,0,0,0,0,0,0,0,0,,0,0,0,0,0,,0,0,0,0,0,0,1,0,0,0,0,0,0,0,0,0,0,0,0,0,0,0,0,0,0,0,0,0,0,0,0,0,0,0,0,0,0,0,0,0,0,0,0,0,0,,,0,0,0,0,0,0,0,0,0,0,0,0,,,,0,0,0,0,0,0,0,,0,0,0,0,0,0,0,,0,0,0,0,0,0,0,0,0,0,0,0
00-0040534,K.Williams,Ke'Shawn Williams,WR,WR,"https://static.www.nfl.com/image/upload/f_auto,q_auto/league/r7enwgccqv93feuoeurz",2025,9,REG,2025_09_IND_PIT,PIT,IND,0,0,0,0,0,0,0,0,0,0,0,0,,,0,,0,0,0,0,0,0,0,0,0,0,,0,0,0,0,0,0,0,0,0,0,0,0,0,0,,0,0,0,0,0,,0,0,0,0,0,0,0,0,0,0,0,0,0,0,0,0,0,0,0,0,0,0,0,0,0,0,0,0,0,0,0,0,0,0,0,0,0,2,23,3,74,0,0,0,0,,,0,0,0,0,0,0,0,0,0,0,0,0,,,,0,0,0,0,0,0,0,,0,0,0,0,0,0,0,,0,0,0,0,0,0,0,0,0,0,0,0
00-0040563,E.Chism,Efton Chism III,WR,WR,"https://static.www.nfl.com/image/upload/f_auto,q_auto/league/zbnf3ujmwprzgjnwdtlo",2025,9,REG,2025_09_ATL_NE,NE,ATL,0,0,0,0,0,0,0,0,0,0,0,0,,,0,,0,0,0,0,0,0,0,0,0,0,,0,0,0,0,0,0,0,0,0,0,0,0,0,0,,0,0,0,0,0,,0,0,0,0,0,0,0,0,0,0,0,0,0,0,0,0,0,0,0,0,0,0,0,0,0,0,0,0,0,0,0,0,0,0,0,0,0,0,0,3,79,0,0,0,0,,,0,0,0,0,0,0,0,0,0,0,0,0,,,,0,0,0,0,0,0,0,,0,0,0,0,0,0,0,,0,0,0,0,0,0,0,0,0,0,0,0
00-0040574,E.Ponder,Elijah Ponder,LB,LB,"https://static.www.nfl.com/image/upload/f_auto,q_auto/league/g9d7riu8zsysuaqbqpjc",2025,9,REG,2025_09_ATL_NE,NE,ATL,0,0,0,0,0,0,0,0,0,0,0,0,,,0,,0,0,0,0,0,0,0,0,0,0,,0,0,0,0,0,0,0,0,0,0,0,0,0,0,,0,0,0,0,0,,0,0,0,0,1,0,0,0,0,0,0,0,0,0,0,0,0,0,0,0,0,0,0,0,0,0,0,0,0,0,0,0,0,0,0,0,0,0,0,0,0,0,0,0,0,,,0,0,0,0,0,0,0,0,0,0,0,0,,,,0,0,0,0,0,0,0,,0,0,0,0,0,0,0,,0,0,0,0,0,0,0,0,0,0,0,0
00-0040577,J.Walker,Jalon Walker,LB,LB,"https://static.www.nfl.com/image/upload/f_auto,q_auto/league/mmtinfxaeg8afpuwwudm",2025,9,REG,2025_09_ATL_NE,ATL,NE,0,0,0,0,0,0,0,0,0,0,0,0,,,0,,0,0,0,0,0,0,0,0,0,0,,0,0,0,0,0,0,0,0,0,0,0,0,0,0,,0,0,0,0,0,,0,0,0,0,4,0,1,2,26,1,2,26,2,0,0,1,0,0,0,0,0,0,0,0,0,0,0,0,0,0,0,0,0,0,0,0,0,0,0,0,0,0,0,0,0,,,0,0,0,0,0,0,0,0,0,0,0,0,,,,0,0,0,0,0,0,0,,0,0,0,0,0,0,0,,0,0,0,0,0,0,0,0,0,0,0,0
00-0040578,J.Pearce,James Pearce Jr.,DE,DL,"https://static.www.nfl.com/image/upload/f_auto,q_auto/league/iw7gq1kiprdcsomewxuh",2025,9,REG,2025_09_ATL_NE,ATL,NE,0,0,0,0,0,0,0,0,0,0,0,0,,,0,,0,0,0,0,0,0,0,0,0,0,,0,0,0,0,0,0,0,0,0,0,0,0,0,0,,0,0,0,0,0,,0,0,0,0,0,0,0,0,0,0,0,0,0,0,0,0,0,0,0,0,0,0,0,0,0,0,0,1,27,0,0,0,0,0,0,0,0,0,0,0,0,0,0,0,0,,,0,0,0,0,0,0,0,0,0,0,0,0,,,,0,0,0,0,0,0,0,,0,0,0,0,0,0,0,,0,0,0,0,0,0,0,0,0,0,0,0
00-0040580,J.Stewart,Josaiah Stewart,LB,LB,"https://static.www.nfl.com/image/upload/f_auto,q_auto/league/epzy8ucs3mt2qgxhuolw",2025,9,REG,2025_09_NO_LA,LA,NO,0,0,0,0,0,0,0,0,0,0,0,0,,,0,,0,0,0,0,0,0,0,0,0,0,,0,0,0,0,0,0,0,0,0,0,0,0,0,0,,0,0,0,0,0,,0,0,0,0,0,0,1,0,0,0,0,0,0,0,0,0,0,0,0,0,0,0,0,0,0,0,0,0,0,0,0,0,0,0,0,0,0,0,0,0,0,0,0,0,0,,,0,0,0,0,0,0,0,0,0,0,0,0,,,,0,0,0,0,0,0,0,,0,0,0,0,0,0,0,,0,0,0,0,0,0,0,0,0,0,0,0
00-0040583,W.Marks,Woody Marks,RB,RB,"https://static.www.nfl.com/image/upload/f_auto,q_auto/league/y5ntpcenhhhv98uz2fys",2025,9,REG,2025_09_DEN_HOU,HOU,DEN,0,0,0,0,0,0,0,0,0,0,0,0,,,0,,0,0,0,0,10,27,0,0,0,0,-3.63533593004104,0,0,0,0,0,0,3,0,0,0,0,16,0,0,-1.74044670409057,0,0,0,0,0,0,0.0769230769230769,0.0483383685800604,0.149221473390658,0,0,0,0,0,0,0,0,0,0,0,0,0,0,0,0,0,0,0,0,0,0,0,0,0,0,0,0,0,0,0,0,0,0,0,0,0,0,0,0,0,0,,,0,0,0,0,0,0,0,0,0,0,0,0,,,,0,0,0,0,0,0,0,,0,0,0,0,0,0,0,,0,0,0,0,0,0,0,0,0,0,2.7,2.7
00-0040584,G.Helm,Gunnar Helm,TE,TE,"https://static.www.nfl.com/image/upload/f_auto,q_auto/league/hewm6ztgka7xkbl6ybvb",2025,9,REG,2025_09_LAC_TEN,TEN,LAC,0,0,0,0,0,0,0,0,0,0,0,0,,,0,,0,0,0,0,0,0,0,0,0,0,,0,0,0,0,0,1,1,15,0,0,0,13,2,1,1.29331096669193,0,1,0,0,0,1.15384615384615,0.0476190476190476,0.0710382513661202,0.121155347384856,0,0,0,0,0,0,0,0,0,0,0,0,0,0,0,0,0,0,0,0,0,0,0,0,0,0,0,0,0,0,0,0,0,0,0,0,0,0,0,0,0,0,,,0,0,0,0,0,0,0,0,0,0,0,0,,,,0,0,0,0,0,0,0,,0,0,0,0,0,0,0,,0,0,0,0,0,0,0,0,0,0,1.5,2.5
00-0040640,A.Gillotte,Ashton Gillotte,DE,DL,"https://static.www.nfl.com/image/upload/f_auto,q_auto/league/bk23ynvyi8g8ppbwb764",2025,9,REG,2025_09_KC_BUF,KC,BUF,0,0,0,0,0,0,0,0,0,0,0,0,,,0,,0,0,0,0,0,0,0,0,0,0,,0,0,0,0,0,0,0,0,0,0,0,0,0,0,,0,0,0,0,0,,0,0,0,0,1,0,2,0,0,0,0.5,1,2,0,0,0,0,0,0,0,0,0,0,0,0,0,0,0,0,0,0,0,0,0,0,0,0,0,0,0,0,0,0,0,0,,,0,0,0,0,0,0,0,0,0,0,0,0,,,,0,0,0,0,0,0,0,,0,0,0,0,0,0,0,,0,0,0,0,0,0,0,0,0,0,0,0
00-0040641,D.Porter,Darien Porter,CB,DB,"https://static.www.nfl.com/image/upload/f_auto,q_auto/league/gnds1mpnqkorwzagcoau",2025,9,REG,2025_09_JAX_LV,LV,JAX,0,0,0,0,0,0,0,0,0,0,0,0,,,0,,0,0,0,0,0,0,0,0,0,0,,0,0,0,0,0,0,0,0,0,0,0,0,0,0,,0,0,0,0,0,,0,0,0,0,8,0,2,0,0,0,0,0,0,0,0,0,0,0,0,0,0,0,0,0,0,0,0,0,0,0,1,10,0,0,0,0,0,0,0,0,0,0,0,0,0,,,0,0,0,0,0,0,0,0,0,0,0,0,,,,0,0,0,0,0,0,0,,0,0,0,0,0,0,0,,0,0,0,0,0,0,0,0,0,0,0,0
00-0040643,J.Sanker,Jonas Sanker,SAF,DB,"https://static.www.nfl.com/image/upload/f_auto,q_auto/league/pq0uzqjisndztl1ru3oa",2025,9,REG,2025_09_NO_LA,NO,LA,0,0,0,0,0,0,0,0,0,0,0,0,,,0,,0,0,0,0,0,0,0,0,0,0,,0,0,0,0,0,0,0,0,0,0,0,0,0,0,,0,0,0,0,0,,0,0,0,0,5,0,3,0,0,0,0,0,0,0,0,1,0,0,0,0,0,0,0,0,0,0,0,0,0,0,0,0,0,0,0,0,0,0,0,0,0,0,0,0,0,,,0,0,0,0,0,0,0,0,0,0,0,0,,,,0,0,0,0,0,0,0,,0,0,0,0,0,0,0,,0,0,0,0,0,0,0,0,0,0,0,0
00-0040644,T.Etienne,Trevor Etienne,RB,RB,"https://static.www.nfl.com/image/upload/f_auto,q_auto/league/pcuzq84x7ia5yvmikltb",2025,9,REG,2025_09_CAR_GB,CAR,GB,0,0,0,0,0,0,0,0,0,0,0,0,,,0,,0,0,0,0,0,0,0,0,0,0,,0,0,0,0,0,0,0,0,0,0,0,0,0,0,,0,0,0,0,0,,0,0,0,0,0,0,0,0,0,0,0,0,0,0,0,0,0,0,0,0,0,0,0,0,0,0,0,0,0,0,0,0,0,0,0,0,0,0,0,3,70,0,0,0,0,,,0,0,0,0,0,0,0,0,0,0,0,0,,,,0,0,0,0,0,0,0,,0,0,0,0,0,0,0,,0,0,0,0,0,0,0,0,0,0,0,0
00-0040645,C.Simon,Cody Simon,LB,LB,"https://static.www.nfl.com/image/upload/f_auto,q_auto/league/spyk3s7fvbcbz7vj32sg",2025,9,REG,2025_09_ARI_DAL,ARI,DAL,0,0,0,0,0,0,0,0,0,0,0,0,,,0,,0,0,0,0,0,0,0,0,0,0,,0,0,0,0,0,0,0,0,0,0,0,0,0,0,,0,0,0,0,0,,0,0,0,0,1,0,2,0,0,1,0,0,0,0,0,0,0,0,0,0,0,0,0,0,0,0,0,0,0,0,0,0,0,0,0,0,0,0,0,0,0,0,0,0,0,,,0,0,0,0,0,0,0,0,0,0,0,0,,,,0,0,0,0,0,0,0,,0,0,0,0,0,0,0,,0,0,0,0,0,0,0,0,0,0,0,0
00-0040648,T.Horton,Tory Horton,WR,WR,"https://static.www.nfl.com/image/upload/f_auto,q_auto/league/lmsun4qzmk1rkgt4kw76",2025,9,REG,2025_09_SEA_WAS,SEA,WAS,0,0,0,0,0,0,0,0,0,0,0,0,,,0,,0,0,0,0,0,0,0,0,0,0,,0,0,0,0,0,4,4,48,2,0,0,42,6,3,6.52049549884396,0,2,1,1,0,1.14285714285714,0.166666666666667,0.202898550724638,0.392028985507246,0,0,0,0,0,0,0,0,0,0,0,0,0,0,0,0,0,0,0,0,0,0,0,0,0,0,0,0,0,0,0,0,0,0,0,0,0,0,0,0,0,0,,,0,0,0,0,0,0,0,0,0,0,0,0,,,,0,0,0,0,0,0,0,,0,0,0,0,0,0,0,,0,0,0,0,0,0,0,0,0,0,16.8,20.8
00-0040649,R.Ouzts,Robbie Ouzts,RB,RB,"https://static.www.nfl.com/image/upload/f_auto,q_auto/league/kdykjwqk5xcnrfbtp47o",2025,9,REG,2025_09_SEA_WAS,SEA,WAS,0,0,0,0,0,0,0,0,0,0,0,0,,,0,,0,0,0,0,0,0,0,0,0,0,,0,0,0,0,0,0,0,0,0,0,0,0,0,0,,0,0,0,0,0,,0,0,0,0,0,0,0,0,0,0,0,0,0,0,0,0,0,0,0,0,0,0,0,0,0,0,0,0,0,0,1,15,0,0,0,0,0,0,0,0,0,0,0,0,0,,,0,0,0,0,0,0,0,0,0,0,0,0,,,,0,0,0,0,0,0,0,,0,0,0,0,0,0,0,,0,0,0,0,0,0,0,0,0,0,0,0
00-0040654,K.Kroeger,Kai Kroeger,P,SPEC,"https://static.www.nfl.com/image/upload/f_auto,q_auto/league/jujimmrfpazu360znwfe",2025,9,REG,2025_09_NO_LA,NO,LA,0,0,0,0,0,0,0,0,0,0,0,0,,,0,,0,0,0,0,0,0,0,0,0,0,,0,0,0,0,0,0,0,0,0,0,0,0,0,0,,0,0,0,0,0,,0,0,0,0,0,0,0,0,0,0,0,0,0,0,0,0,0,0,0,0,0,0,0,0,0,0,0,0,0,0,0,0,0,0,0,0,0,0,0,0,0,0,0,0,0,,,0,0,0,0,0,0,0,0,0,0,0,0,,,,0,0,0,0,0,0,0,,0,0,0,0,0,4,0,49,184,2,0,0,0,2,2,11,0,173,0,0
00-0040660,M.Williams,Mykel Williams,DE,DL,"https://static.www.nfl.com/image/upload/f_auto,q_auto/league/jas5em3i7xswbtoqr6qz",2025,9,REG,2025_09_SF_NYG,SF,NYG,0,0,0,0,0,0,0,0,0,0,0,0,,,0,,0,0,0,0,0,0,0,0,0,0,,0,0,0,0,0,0,0,0,0,0,0,0,0,0,,0,0,0,0,0,,0,0,0,0,0,0,1,0,0,0,0,0,1,0,0,0,0,0,0,0,0,0,0,0,0,0,0,0,0,0,1,5,0,0,0,0,0,0,0,0,0,0,0,0,0,,,0,0,0,0,0,0,0,0,0,0,0,0,,,,0,0,0,0,0,0,0,,0,0,0,0,0,0,0,,0,0,0,0,0,0,0,0,0,0,0,0
00-0040661,D.Jackson,Donovan Jackson,G,OL,"https://static.www.nfl.com/image/upload/f_auto,q_auto/league/xurpqjpbr0arxuxqanhb",2025,9,REG,2025_09_MIN_DET,MIN,DET,0,0,0,0,0,0,0,0,0,0,0,0,,,0,,0,0,0,0,0,0,0,0,0,0,,0,0,0,0,0,0,0,0,0,0,0,0,0,0,,0,0,0,0,0,,0,0,0,0,0,0,0,0,0,0,0,0,0,0,0,0,0,0,0,0,0,0,0,0,0,0,0,0,0,0,1,10,0,0,0,0,0,0,0,0,0,0,0,0,0,,,0,0,0,0,0,0,0,0,0,0,0,0,,,,0,0,0,0,0,0,0,,0,0,0,0,0,0,0,,0,0,0,0,0,0,0,0,0,0,0,0
00-0040667,M.Golden,Matthew Golden,WR,WR,"https://static.www.nfl.com/image/upload/f_auto,q_auto/league/dbjki6b0swksr7mk17wk",2025,9,REG,2025_09_CAR_GB,GB,CAR,0,0,0,0,0,0,0,0,0,0,0,0,,,0,,0,0,0,0,0,0,0,0,0,0,,0,0,0,0,0,2,3,9,0,0,0,47,9,0,-2.00423250680376,0,0,0,0,0,0.191489361702128,0.0857142857142857,0.144615384615385,0.229802197802198,0,0,0,0,0,0,0,0,0,0,0,0,0,0,0,0,0,0,0,0,0,0,0,0,0,0,0,0,0,0,0,0,0,0,0,0,0,0,0,0,0,0,,,0,0,0,0,0,0,0,0,0,0,0,0,,,,0,0,0,0,0,0,0,,0,0,0,0,0,0,0,,0,0,0,0,0,0,0,0,0,0,0.9,2.9
00-0040670,N.Williams,Nohl Williams,CB,DB,"https://static.www.nfl.com/image/upload/f_auto,q_auto/league/pf22yjk2vhk7gc6ogh8z",2025,9,REG,2025_09_KC_BUF,KC,BUF,0,0,0,0,0,0,0,0,0,0,0,0,,,0,,0,0,0,0,0,0,0,0,0,0,,0,0,0,0,0,0,0,0,0,0,0,0,0,0,,0,0,0,0,0,,0,0,0,0,2,0,5,0,0,0,0,0,0,0,0,0,0,0,0,0,0,0,0,0,0,0,0,0,0,0,0,0,0,0,0,0,0,0,0,0,0,0,0,0,0,,,0,0,0,0,0,0,0,0,0,0,0,0,,,,0,0,0,0,0,0,0,,0,0,0,0,0,0,0,,0,0,0,0,0,0,0,0,0,0,0,0
00-0040672,T.Williams,Tyleik Williams,DT,DL,"https://static.www.nfl.com/image/upload/f_auto,q_auto/league/emppyzljgfew4i1qmdhb",2025,9,REG,2025_09_MIN_DET,DET,MIN,0,0,0,0,0,0,0,0,0,0,0,0,,,0,,0,0,0,0,0,0,0,0,0,0,,0,0,0,0,0,0,0,0,0,0,0,0,0,0,,0,0,0,0,0,,0,0,0,0,1,0,1,1,2,0,0,0,0,0,0,0,0,0,0,0,0,0,0,0,0,0,0,0,0,0,0,0,0,0,0,0,0,0,0,0,0,0,0,0,0,,,0,0,0,0,0,0,0,0,0,0,0,0,,,,0,0,0,0,0,0,0,,0,0,0,0,0,0,0,,0,0,0,0,0,0,0,0,0,0,0,0
00-0040676,C.Ward,Cam Ward,QB,QB,"https://static.www.nfl.com/image/upload/f_auto,q_auto/league/l7switu6stlwd2irm8yo",2025,9,REG,2025_09_LAC_TEN,TEN,LAC,12,21,145,0,0,4,-27,1,0,183,85,7,-1.69269068850554,-11.7846615257717,0,0.792349726775956,6,3,3,0,2,6,0,1,0,0,-1.2484316197224,0,0,0,0,0,0,0,0,0,0,0,0,0,0,,0,0,0,0,0,,0,0,0,0,0,0,0,0,0,0,0,0,0,0,0,0,0,0,0,0,0,0,0,0,0,0,-2,0,0,0,0,0,1,1,0,2,0,0,0,0,0,0,0,0,0,,,0,0,0,0,0,0,0,0,0,0,0,0,,,,0,0,0,0,0,0,0,,0,0,0,0,0,0,0,,0,0,0,0,0,0,0,0,0,0,6.4,6.4
00-0040677,A.Carter,Abdul Carter,LB,LB,"https://static.www.nfl.com/image/upload/f_auto,q_auto/league/tfchuu4khsh6jarotqga",2025,9,REG,2025_09_SF_NYG,NYG,SF,0,0,0,0,0,0,0,0,0,0,0,0,,,0,,0,0,0,0,0,0,0,0,0,0,,0,0,0,0,0,0,0,0,0,0,0,0,0,0,,0,0,0,0,0,,0,0,0,0,1,0,0,0,0,0,0,0,0,0,0,0,0,0,0,0,0,0,0,0,0,0,0,1,-4,0,0,0,0,0,0,0,0,0,0,0,0,0,0,0,0,,,0,0,0,0,0,0,0,0,0,0,0,0,,,,0,0,0,0,0,0,0,,0,0,0,0,0,0,0,,0,0,0,0,0,0,0,0,0,0,0,0
00-0040678,D.Harmon,Derrick Harmon,DT,DL,"https://static.www.nfl.com/image/upload/f_auto,q_auto/league/ogsybhwk95emepsiu0my",2025,9,REG,2025_09_IND_PIT,PIT,IND,0,0,0,0,0,0,0,0,0,0,0,0,,,0,,0,0,0,0,0,0,0,0,0,0,,0,0,0,0,0,0,0,0,0,0,0,0,0,0,,0,0,0,0,0,,0,0,0,0,2,0,0,0,0,0,0,0,0,0,0,0,0,0,0,0,0,0,0,0,0,0,0,1,0,0,0,0,0,0,0,0,0,0,0,0,0,0,0,0,0,,,0,0,0,0,0,0,0,0,0,0,0,0,,,,0,0,0,0,0,0,0,,0,0,0,0,0,0,0,,0,0,0,0,0,0,0,0,0,0,0,0
00-0040688,M.Starks,Malaki Starks,SAF,DB,"https://static.www.nfl.com/image/upload/f_auto,q_auto/league/lqdlc7railysoycjeny9",2025,9,REG,2025_09_BAL_MIA,BAL,MIA,0,0,0,0,0,0,0,0,0,0,0,0,,,0,,0,0,0,0,0,0,0,0,0,0,,0,0,0,0,0,0,0,0,0,0,0,0,0,0,,0,0,0,0,0,,0,0,0,0,5,0,0,0,0,0,0,0,0,1,9,1,0,0,0,0,0,0,0,0,0,0,0,0,0,0,0,0,0,0,0,0,0,0,0,0,0,0,0,0,0,,,0,0,0,0,0,0,0,0,0,0,0,0,,,,0,0,0,0,0,0,0,,0,0,0,0,0,0,0,,0,0,0,0,0,0,0,0,0,0,0,0
00-0040691,J.Dart,Jaxson Dart,QB,QB,"https://static.www.nfl.com/image/upload/f_auto,q_auto/league/n6uymxssgiicjmxkzxoc",2025,9,REG,2025_09_SF_NYG,NYG,SF,24,33,191,2,0,2,-12,0,0,217,79,7,1.71027115934445,3.73614560812712,0,0.880184331797235,5,3,2,0,8,56,1,0,0,5,6.95511569007067,0,2,1,0,0,0,0,0,0,0,0,0,0,0,,0,0,0,0,0,,0,0,0,0,0,0,0,0,0,0,0,0,0,0,0,0,0,0,0,0,0,0,0,0,0,0,0,0,0,0,0,0,0,0,0,0,0,0,0,0,0,0,0,0,0,,,0,0,0,0,0,0,0,0,0,0,0,0,,,,0,0,0,0,0,0,0,,0,0,0,0,0,0,0,,0,0,0,0,0,0,0,0,0,0,27.24,27.24
00-0040694,D.Alexander,Darius Alexander,DT,DL,"https://static.www.nfl.com/image/upload/f_auto,q_auto/league/upwtqewimo1hydyqwznv",2025,9,REG,2025_09_SF_NYG,NYG,SF,0,0,0,0,0,0,0,0,0,0,0,0,,,0,,0,0,0,0,0,0,0,0,0,0,,0,0,0,0,0,0,0,0,0,0,0,0,0,0,,0,0,0,0,0,,0,0,0,0,0,0,1,0,0,0,0,0,0,0,0,0,0,0,0,0,0,0,0,0,0,0,0,0,0,0,0,0,0,0,0,0,0,0,0,0,0,0,0,0,0,,,0,0,0,0,0,0,0,0,0,0,0,0,,,,0,0,0,0,0,0,0,,0,0,0,0,0,0,0,,0,0,0,0,0,0,0,0,0,0,0,0
00-0040699,W.Campbell,Will Campbell,OT,OL,"https://static.www.nfl.com/image/upload/f_auto,q_auto/league/mqfqwcdx3l4437twzxhm",2025,9,REG,2025_09_ATL_NE,NE,ATL,0,0,0,0,0,0,0,0,0,0,0,0,,,0,,0,0,0,0,0,0,0,0,0,0,,0,0,0,0,0,0,0,0,0,0,0,0,0,0,,0,0,0,0,0,,0,0,0,0,1,0,0,0,0,0,0,0,0,0,0,0,0,0,0,0,0,0,0,0,0,0,0,0,0,0,0,0,0,0,0,0,0,0,0,0,0,0,0,0,0,,,0,0,0,0,0,0,0,0,0,0,0,0,,,,0,0,0,0,0,0,0,,0,0,0,0,0,0,0,,0,0,0,0,0,0,0,0,0,0,0,0
00-0040705,C.Dike,Chimere Dike,WR,WR,"https://static.www.nfl.com/image/upload/f_auto,q_auto/league/cbcpv4931dqmgsu3anvo",2025,9,REG,2025_09_LAC_TEN,TEN,LAC,0,0,0,0,0,0,0,0,0,0,0,0,,,0,,0,0,0,0,0,0,0,0,0,0,,0,0,0,0,0,1,3,5,0,0,0,6,9,0,-0.273231820086949,0,0,0,0,0,0.833333333333333,0.142857142857143,0.0327868852459016,0.237236533957845,1,0,0,0,0,0,0,0,0,0,0,0,0,0,0,0,0,0,0,0,0,0,0,0,0,0,0,0,0,0,0,0,0,0,3,98,4,117,0,0,0,0,,,0,0,0,0,0,0,0,0,0,0,0,0,,,,0,0,0,0,0,0,0,,0,0,0,0,0,0,0,,0,0,0,0,0,0,0,0,0,0,6.5,7.5
00-0040706,W.Nolen,Walter Nolen,DT,DL,"https://static.www.nfl.com/image/upload/f_auto,q_auto/league/jr8karjanloyyas4erxt",2025,9,REG,2025_09_ARI_DAL,ARI,DAL,0,0,0,0,0,0,0,0,0,0,0,0,,,0,,0,0,0,0,0,0,0,0,0,0,,0,0,0,0,0,0,0,0,0,0,0,0,0,0,,0,0,0,0,0,,0,0,0,0,3,0,1,2,8,0,1,6,1,0,0,1,0,0,0,0,0,0,0,0,0,0,0,0,0,0,0,0,0,0,0,0,0,0,0,0,0,0,0,0,0,,,0,0,0,0,0,0,0,0,0,0,0,0,,,,0,0,0,0,0,0,0,,0,0,0,0,0,0,0,,0,0,0,0,0,0,0,0,0,0,0,0
00-0040709,M.Hairston,Maxwell Hairston,CB,DB,"https://static.www.nfl.com/image/upload/f_auto,q_auto/league/we3enqymnmzrfabz8srg",2025,9,REG,2025_09_KC_BUF,BUF,KC,0,0,0,0,0,0,0,0,0,0,0,0,,,0,,0,0,0,0,0,0,0,0,0,0,,0,0,0,0,0,0,0,0,0,0,0,0,0,0,,0,0,0,0,0,,0,0,0,0,0,0,0,0,0,0,0,0,0,1,0,1,0,0,0,0,0,0,0,0,0,0,0,0,0,0,0,0,0,0,0,0,0,0,0,0,0,0,0,0,0,,,0,0,0,0,0,0,0,0,0,0,0,0,,,,0,0,0,0,0,0,0,,0,0,0,0,0,0,0,,0,0,0,0,0,0,0,0,0,0,0,0
00-0040710,D.Walker,Deone Walker,DT,DL,"https://static.www.nfl.com/image/upload/f_auto,q_auto/league/cn80cdlc2ilvqpsqgx7h",2025,9,REG,2025_09_KC_BUF,BUF,KC,0,0,0,0,0,0,0,0,0,0,0,0,,,0,,0,0,0,0,0,0,0,0,0,0,,0,0,0,0,0,0,0,0,0,0,0,0,0,0,,0,0,0,0,0,,0,0,0,0,0,0,1,0,0,0,0,0,1,0,0,0,0,0,0,0,0,0,0,0,0,0,0,0,0,0,0,0,0,0,0,0,0,0,0,0,0,0,0,0,0,,,0,0,0,0,0,0,0,0,0,0,0,0,,,,0,0,0,0,0,0,0,,0,0,0,0,0,0,0,,0,0,0,0,0,0,0,0,0,0,0,0
00-0040716,C.Woodson,Craig Woodson,SAF,DB,"https://static.www.nfl.com/image/upload/f_auto,q_auto/league/ufnmu9eujiuydbihx4gu",2025,9,REG,2025_09_ATL_NE,NE,ATL,0,0,0,0,0,0,0,0,0,0,0,0,,,0,,0,0,0,0,0,0,0,0,0,0,,0,0,0,0,0,0,0,0,0,0,0,0,0,0,,0,0,0,0,0,,0,0,0,0,1,0,1,0,0,0,0,0,0,0,0,0,0,0,0,0,0,0,0,0,0,0,0,0,0,0,0,0,0,0,0,0,0,0,0,0,0,0,0,0,0,,,0,0,0,0,0,0,0,0,0,0,0,0,,,,0,0,0,0,0,0,0,,0,0,0,0,0,0,0,,0,0,0,0,0,0,0,0,0,0,0,0
00-0040719,B.Tuten,Bhayshul Tuten,RB,RB,"https://static.www.nfl.com/image/upload/f_auto,q_auto/league/ryjnphuyjbedmgpx5qqj",2025,9,REG,2025_09_JAX_LV,JAX,LV,0,0,0,0,0,0,0,0,0,0,0,0,,,0,,0,0,0,0,9,29,1,0,0,4,1.78012963128276,0,1,0,0,0,1,1,-3,0,0,0,-6,3,0,-0.831796598620713,0,0,0,0,0,0.5,0.0303030303030303,-0.0207612456747405,0.0309216734822271,0,0,0,0,0,0,0,0,0,0,0,0,0,0,0,0,0,0,0,0,0,0,0,0,0,0,0,0,0,0,0,0,0,0,0,0,2,55,0,0,0,0,,,0,0,0,0,0,0,0,0,0,0,0,0,,,,0,0,0,0,0,0,0,,0,0,0,0,0,0,0,,0,0,0,0,0,0,0,0,0,0,8.6,9.6
00-0040720,J.Barron,Jahdae Barron,CB,DB,"https://static.www.nfl.com/image/upload/f_auto,q_auto/league/ashvve6dr35gtgdyjo10",2025,9,REG,2025_09_DEN_HOU,DEN,HOU,0,0,0,0,0,0,0,0,0,0,0,0,,,0,,0,0,0,0,0,0,0,0,0,0,,0,0,0,0,0,0,0,0,0,0,0,0,0,0,,0,0,0,0,0,,0,0,0,0,2,0,0,0,0,0,0,0,0,0,0,0,0,0,0,0,0,0,0,0,0,0,0,0,0,0,0,0,0,0,0,0,0,0,0,0,0,0,0,0,0,,,0,0,0,0,0,0,0,0,0,0,0,0,,,,0,0,0,0,0,0,0,,0,0,0,0,0,0,0,,0,0,0,0,0,0,0,0,0,0,0,0
00-0040722,M.Green,Mike Green,LB,LB,"https://static.www.nfl.com/image/upload/f_auto,q_auto/league/dh7h3ratc2xd1xed7efh",2025,9,REG,2025_09_BAL_MIA,BAL,MIA,0,0,0,0,0,0,0,0,0,0,0,0,,,0,,0,0,0,0,0,0,0,0,0,0,,0,0,0,0,0,0,0,0,0,0,0,0,0,0,,0,0,0,0,0,,0,0,0,0,0,0,2,0,0,0,0.5,5,1,0,0,0,0,0,0,0,0,0,0,0,0,0,0,0,0,0,0,0,0,0,0,0,0,0,0,0,0,0,0,0,0,,,0,0,0,0,0,0,0,0,0,0,0,0,,,,0,0,0,0,0,0,0,,0,0,0,0,0,0,0,,0,0,0,0,0,0,0,0,0,0,0,0
00-0040723,J.Kiser,Jack Kiser,LB,LB,"https://static.www.nfl.com/image/upload/f_auto,q_auto/league/sy2upcvt2tvupphxlasc",2025,9,REG,2025_09_JAX_LV,JAX,LV,0,0,0,0,0,0,0,0,0,0,0,0,,,0,,0,0,0,0,0,0,0,0,0,0,,0,0,0,0,0,0,0,0,0,0,0,0,0,0,,0,0,0,0,0,,0,0,0,0,1,0,1,0,0,0,0,0,0,0,0,0,0,0,0,0,0,0,0,0,0,0,0,0,0,0,0,0,0,0,0,0,0,0,0,0,0,0,0,0,0,,,0,0,0,0,0,0,0,0,0,0,0,0,,,,0,0,0,0,0,0,0,,0,0,0,0,0,0,0,,0,0,0,0,0,0,0,0,0,0,0,0
00-0040725,D.Ezeiruaku,Donovan Ezeiruaku,LB,LB,"https://static.www.nfl.com/image/upload/f_auto,q_auto/league/e8ajbchys6mqj7agkqxf",2025,9,REG,2025_09_ARI_DAL,DAL,ARI,0,0,0,0,0,0,0,0,0,0,0,0,,,0,,0,0,0,0,0,0,0,0,0,0,,0,0,0,0,0,0,0,0,0,0,0,0,0,0,,0,0,0,0,0,,0,0,0,0,2,0,1,1,10,0,1,10,1,0,0,0,0,0,0,0,0,0,0,0,0,0,0,0,0,0,0,0,0,0,0,0,0,0,0,0,0,0,0,0,0,,,0,0,0,0,0,0,0,0,0,0,0,0,,,,0,0,0,0,0,0,0,,0,0,0,0,0,0,0,,0,0,0,0,0,0,0,0,0,0,0,0
00-0040727,T.Harris,Tre Harris,WR,WR,"https://static.www.nfl.com/image/upload/f_auto,q_auto/league/v5ofh8jggzo8rygtpwl7",2025,9,REG,2025_09_LAC_TEN,LAC,TEN,0,0,0,0,0,0,0,0,0,0,0,0,,,0,,0,0,0,0,0,0,0,0,0,0,,0,0,0,0,0,2,2,18,0,0,0,12,6,2,1.97355413553305,0,1,0,0,0,1.5,0.0714285714285714,0.0385852090032154,0.134152503445108,0,0,0,0,0,0,0,0,0,0,0,0,0,0,0,0,0,0,0,0,0,0,0,0,0,0,0,0,0,0,0,0,0,0,0,0,0,0,0,0,0,0,,,0,0,0,0,0,0,0,0,0,0,0,0,,,,0,0,0,0,0,0,0,,0,0,0,0,0,0,0,,0,0,0,0,0,0,0,0,0,0,1.8,3.8
00-0040728,T.Ratledge,Tate Ratledge,G,OL,"https://static.www.nfl.com/image/upload/f_auto,q_auto/league/oqps48sgef7jgn67tvzf",2025,9,REG,2025_09_MIN_DET,DET,MIN,0,0,0,0,0,0,0,0,0,0,0,0,,,0,,0,0,0,0,0,0,0,0,0,0,,0,0,0,0,0,0,0,0,0,0,0,0,0,0,,0,0,0,0,0,,0,0,0,0,0,0,0,0,0,0,0,0,0,0,0,0,0,0,0,0,0,0,0,0,0,0,0,0,0,0,1,10,0,0,0,0,0,0,0,0,0,0,0,0,0,,,0,0,0,0,0,0,0,0,0,0,0,0,,,,0,0,0,0,0,0,0,,0,0,0,0,0,0,0,,0,0,0,0,0,0,0,0,0,0,0,0
00-0040729,J.Bech,Jack Bech,WR,WR,"https://static.www.nfl.com/image/upload/f_auto,q_auto/league/feplgtl0x1svqen9szwv",2025,9,REG,2025_09_JAX_LV,LV,JAX,0,0,0,0,0,0,0,0,0,0,0,0,,,0,,0,0,0,0,0,0,0,0,0,0,,0,0,0,0,0,0,0,0,0,0,0,0,0,0,,0,0,0,0,0,,0,0,0,0,1,0,0,0,0,0,0,0,0,0,0,0,0,0,0,0,0,0,0,0,0,0,0,0,0,0,0,0,0,0,0,0,0,0,0,0,0,0,0,0,0,,,0,0,0,0,0,0,0,0,0,0,0,0,,,,0,0,0,0,0,0,0,,0,0,0,0,0,0,0,,0,0,0,0,0,0,0,0,0,0,0,0
00-0040730,R.Harvey,RJ Harvey,RB,RB,"https://static.www.nfl.com/image/upload/f_auto,q_auto/league/szxmro5enrxlscvv67xg",2025,9,REG,2025_09_DEN_HOU,DEN,HOU,0,0,0,0,0,0,0,0,0,0,0,0,,,0,,0,0,0,0,2,5,0,0,0,0,-0.925130102783442,0,0,0,0,0,5,5,51,1,0,0,7,44,2,2.79949504957767,0,2,1,1,0,7.28571428571429,0.147058823529412,0.0158730158730159,0.231699346405229,0,0,0,0,0,0,0,0,0,0,0,0,0,0,0,0,0,0,0,0,0,0,0,0,0,0,0,0,0,0,0,0,0,0,0,0,2,54,0,0,0,0,,,0,0,0,0,0,0,0,0,0,0,0,0,,,,0,0,0,0,0,0,0,,0,0,0,0,0,0,0,,0,0,0,0,0,0,0,0,0,0,11.6,16.6
00-0040731,T.Amos,Trey Amos,CB,DB,"https://static.www.nfl.com/image/upload/f_auto,q_auto/league/cxabcu8nz9p6k6sqsw4t",2025,9,REG,2025_09_SEA_WAS,WAS,SEA,0,0,0,0,0,0,0,0,0,0,0,0,,,0,,0,0,0,0,0,0,0,0,0,0,,0,0,0,0,0,0,0,0,0,0,0,0,0,0,,0,0,0,0,0,,0,0,0,0,4,0,3,0,0,0,0,0,0,0,0,0,0,0,0,0,0,0,0,0,0,0,0,0,0,0,0,0,0,0,0,0,0,0,0,0,0,0,0,0,0,,,0,0,0,0,0,0,0,0,0,0,0,0,,,,0,0,0,0,0,0,0,,0,0,0,0,0,0,0,,0,0,0,0,0,0,0,0,0,0,0,0
00-0040733,N.Emmanwori,Nick Emmanwori,SAF,DB,"https://static.www.nfl.com/image/upload/f_auto,q_auto/league/pmy1sehsvo596a7si0i0",2025,9,REG,2025_09_SEA_WAS,SEA,WAS,0,0,0,0,0,0,0,0,0,0,0,0,,,0,,0,0,0,0,0,0,0,0,0,0,,0,0,0,0,0,0,0,0,0,0,0,0,0,0,,0,0,0,0,0,,0,0,0,0,4,1,1,1,1,0,0,0,0,0,0,0,0,0,0,0,0,0,0,0,0,0,0,0,0,0,1,5,0,0,0,0,0,0,0,0,0,0,0,0,0,,,0,0,0,0,0,0,0,0,0,0,0,0,,,,0,0,0,0,0,0,0,,0,0,0,0,0,0,0,,0,0,0,0,0,0,0,0,0,0,0,0
00-0040734,T.Henderson,TreVeyon Henderson,RB,RB,"https://static.www.nfl.com/image/upload/f_auto,q_auto/league/ebcjvwytgu2y4kqm8ihv",2025,9,REG,2025_09_ATL_NE,NE,ATL,0,0,0,0,0,0,0,0,0,0,0,0,,,0,,0,0,0,0,14,55,0,0,0,2,-0.403648104402237,0,0,0,0,0,4,6,32,0,0,0,-6,34,2,-0.435749819578758,0,2,1,0,0,-5.33333333333333,0.214285714285714,-0.0193548387096774,0.307880184331797,0,0,0,0,0,0,0,0,0,0,0,0,0,0,0,0,0,0,0,0,0,0,0,0,0,0,0,0,0,0,0,0,0,0,0,0,0,0,0,0,0,0,,,0,0,0,0,0,0,0,0,0,0,0,0,,,,0,0,0,0,0,0,0,,0,0,0,0,0,0,0,,0,0,0,0,0,0,0,0,0,0,8.7,12.7
00-0040737,T.Ferguson,Terrance Ferguson,TE,TE,"https://static.www.nfl.com/image/upload/f_auto,q_auto/league/w5o0s5yf6j5dsmiwdtfg",2025,9,REG,2025_09_NO_LA,LA,NO,0,0,0,0,0,0,0,0,0,0,0,0,,,0,,0,0,0,0,0,0,0,0,0,0,,0,0,0,0,0,2,3,54,0,0,0,56,19,2,4.40994378224931,0,2,2,1,0,0.964285714285714,0.0967741935483871,0.175548589341693,0.268045302861766,0,0,0,0,0,0,0,0,0,0,0,0,0,0,0,0,0,0,0,0,0,0,0,0,0,0,0,0,0,0,0,0,0,0,0,0,0,0,0,0,0,0,,,0,0,0,0,0,0,0,0,0,0,0,0,,,,0,0,0,0,0,0,0,,0,0,0,0,0,0,0,,0,0,0,0,0,0,0,0,0,0,5.4,7.4
00-0040738,D.Knight,Demetrius Knight Jr.,LB,LB,"https://static.www.nfl.com/image/upload/f_auto,q_auto/league/j9eequyosorm1p9zc5gx",2025,9,REG,2025_09_CHI_CIN,CIN,CHI,0,0,0,0,0,0,0,0,0,0,0,0,,,0,,0,0,0,0,0,0,0,0,0,0,,0,0,0,0,0,0,0,0,0,0,0,0,0,0,,0,0,0,0,0,,0,0,0,0,2,0,4,0,0,0,0,0,0,0,0,1,0,0,0,0,0,0,0,0,0,0,0,0,0,0,1,5,0,0,0,0,0,0,0,0,0,0,0,0,0,,,0,0,0,0,0,0,0,0,0,0,0,0,,,,0,0,0,0,0,0,0,,0,0,0,0,0,0,0,,0,0,0,0,0,0,0,0,0,0,0,0
00-0040739,E.Arroyo,Elijah Arroyo,TE,TE,"https://static.www.nfl.com/image/upload/f_auto,q_auto/league/m5rdyemjoxl4cuz9yun8",2025,9,REG,2025_09_SEA_WAS,SEA,WAS,0,0,0,0,0,0,0,0,0,0,0,0,,,0,,0,0,0,0,0,0,0,0,0,0,,0,0,0,0,0,2,2,29,1,0,0,23,6,1,2.71343420306221,0,1,1,1,0,1.26086956521739,0.0833333333333333,0.111111111111111,0.202777777777778,0,0,0,0,0,0,0,0,0,0,0,0,0,0,0,0,0,0,0,0,0,0,0,0,0,0,0,0,0,0,0,0,0,0,0,0,0,0,0,0,0,0,,,0,0,0,0,0,0,0,0,0,0,0,0,,,,0,0,0,0,0,0,0,,0,0,0,0,0,0,0,,0,0,0,0,0,0,0,0,0,0,8.9,10.9
00-0040743,T.Shough,Tyler Shough,QB,QB,"https://static.www.nfl.com/image/upload/f_auto,q_auto/league/toiafc7qighw86geo7jf",2025,9,REG,2025_09_NO_LA,NO,LA,15,24,176,1,1,1,-9,0,0,219,47,8,-0.0887682109605521,-2.86947242591692,0,0.80365296803653,8,4,3,0,1,2,0,0,0,0,-0.315196837414987,0,0,0,0,0,0,0,0,0,0,0,0,0,0,,0,0,0,0,0,,0,0,0,0,0,0,0,0,0,0,0,0,0,0,0,0,0,0,0,0,0,0,0,0,0,0,0,0,0,0,0,0,0,0,0,0,0,0,0,0,0,0,0,0,0,,,0,0,0,0,0,0,0,0,0,0,0,0,,,,0,0,0,0,0,0,0,,0,0,0,0,0,0,0,,0,0,0,0,0,0,0,0,0,0,9.24,9.24
00-0040744,J.Tuimoloau,Jaylahn Tuimolaou,DE,DL,"https://static.www.nfl.com/image/upload/f_auto,q_auto/league/cxkxb1csogr9v773tdib",2025,9,REG,2025_09_IND_PIT,IND,PIT,0,0,0,0,0,0,0,0,0,0,0,0,,,0,,0,0,0,0,0,0,0,0,0,0,,0,0,0,0,0,0,0,0,0,0,0,0,0,0,,0,0,0,0,0,,0,0,0,0,0,0,2,0,0,0,0,0,0,0,0,0,0,0,0,0,0,0,0,0,0,0,0,0,0,0,1,15,0,0,0,0,0,0,0,0,0,0,0,0,0,,,0,0,0,0,0,0,0,0,0,0,0,0,,,,0,0,0,0,0,0,0,,0,0,0,0,0,0,0,,0,0,0,0,0,0,0,0,0,0,0,0
00-0040745,A.Ersery,Aireontae Ersery,OT,OL,"https://static.www.nfl.com/image/upload/f_auto,q_auto/league/htrlsuwip43rs84xya1u",2025,9,REG,2025_09_DEN_HOU,HOU,DEN,0,0,0,0,0,0,0,0,0,0,0,0,,,0,,0,0,0,0,0,0,0,0,0,0,,0,0,0,0,0,0,0,0,0,0,0,0,0,0,,0,0,0,0,0,,0,0,0,0,0,0,0,0,0,0,0,0,0,0,0,0,0,0,0,0,0,0,0,0,0,0,0,0,0,0,1,4,0,0,0,0,0,0,0,0,0,0,0,0,0,,,0,0,0,0,0,0,0,0,0,0,0,0,,,,0,0,0,0,0,0,0,,0,0,0,0,0,0,0,,0,0,0,0,0,0,0,0,0,0,0,0
00-0040746,N.Scourton,Nic Scourton,LB,LB,"https://static.www.nfl.com/image/upload/f_auto,q_auto/league/urx4ncr2up987hovqjlr",2025,9,REG,2025_09_CAR_GB,CAR,GB,0,0,0,0,0,0,0,0,0,0,0,0,,,0,,0,0,0,0,0,0,0,0,0,0,,0,0,0,0,0,0,0,0,0,0,0,0,0,0,,0,0,0,0,0,,0,0,0,0,2,0,3,0,0,0,0,0,1,0,0,0,0,0,0,0,0,0,0,0,0,0,0,0,0,0,0,0,0,0,0,0,0,0,0,0,0,0,0,0,0,,,0,0,0,0,0,0,0,0,0,0,0,0,,,,0,0,0,0,0,0,0,,0,0,0,0,0,0,0,,0,0,0,0,0,0,0,0,0,0,0,0
00-0040751,W.Johnson,Will Johnson,CB,DB,"https://static.www.nfl.com/image/upload/f_auto,q_auto/league/dq3zeuqbbnztptdeas6i",2025,9,REG,2025_09_ARI_DAL,ARI,DAL,0,0,0,0,0,0,0,0,0,0,0,0,,,0,,0,0,0,0,0,0,0,0,0,0,,0,0,0,0,0,0,0,0,0,0,0,0,0,0,,0,0,0,0,0,,0,0,0,0,4,1,1,0,0,1,0,0,0,0,0,1,0,0,0,0,0,0,0,0,0,0,0,0,0,0,0,0,0,0,0,0,0,0,0,0,0,0,0,0,0,,,0,0,0,0,0,0,0,0,0,0,0,0,,,,0,0,0,0,0,0,0,,0,0,0,0,0,0,0,,0,0,0,0,0,0,0,0,0,0,0,0
00-0040756,S.Stewart,Shemar Stewart,DE,DL,"https://static.www.nfl.com/image/upload/f_auto,q_auto/league/cxyzfhkxg3ydlilhyunr",2025,9,REG,2025_09_CHI_CIN,CIN,CHI,0,0,0,0,0,0,0,0,0,0,0,0,,,0,,0,0,0,0,0,0,0,0,0,0,,0,0,0,0,0,0,0,0,0,0,0,0,0,0,,0,0,0,0,0,,0,0,0,0,1,0,2,0,0,0,0,0,1,0,0,0,0,0,0,0,0,0,0,0,0,0,0,0,0,0,0,0,0,0,0,0,0,0,0,0,0,0,0,0,0,,,0,0,0,0,0,0,0,0,0,0,0,0,,,,0,0,0,0,0,0,0,,0,0,0,0,0,0,0,,0,0,0,0,0,0,0,0,0,0,0,0
,,,,,,2025,9,REG,2025_09_BAL_MIA,MIA,BAL,0,0,0,0,0,0,0,0,0,0,0,0,,,0,,0,0,0,0,0,0,0,0,0,0,,0,0,0,0,0,0,0,0,0,0,0,0,0,0,,0,0,0,0,0,,0,0,0,0,0,0,0,0,0,0,0,0,0,0,0,0,0,0,0,0,0,0,0,0,0,0,0,0,0,0,11,51,0,0,0,0,0,0,0,0,0,0,0,0,0,,,0,0,0,0,0,0,0,0,0,0,0,0,,,,0,0,0,0,0,0,0,,0,0,0,0,0,0,0,,0,0,0,0,0,0,0,0,0,0,0,0
00-0023459,A.Rodgers,Aaron Rodgers,QB,QB,"https://static.www.nfl.com/image/upload/f_auto,q_auto/league/dypvakakxhccxs67tb0y",2025,10,REG,2025_10_PIT_LAC,PIT,LAC,16,31,161,1,2,3,-13,1,0,251,114,6,-18.0900405267528,-10.8302453798907,0,0.641434262948207,6,3,1,0,0,0,0,0,0,0,,0,0,0,0,0,0,0,0,0,0,0,0,0,0,,0,0,0,0,0,,0,0,0,0,0,0,0,0,0,0,0,0,0,0,0,0,0,0,0,0,0,0,0,0,0,1,0,0,0,0,0,0,1,0,0,1,0,0,0,0,0,0,0,0,0,,,0,0,0,0,0,0,0,0,0,0,0,0,,,,0,0,0,0,0,0,0,,0,0,0,0,0,0,0,,0,0,0,0,0,0,0,0,0,0,6.44,6.44
00-0023853,M.Prater,Matt Prater,K,SPEC,"https://static.www.nfl.com/image/upload/f_auto,q_auto/league/pj981bi535y4jwy6skr1",2025,10,REG,2025_10_BUF_MIA,BUF,MIA,0,0,0,0,0,0,0,0,0,0,0,0,,,0,,0,0,0,0,0,0,0,0,0,0,,0,0,0,0,0,0,0,0,0,0,0,0,0,0,,0,0,0,0,0,,0,0,0,0,0,0,0,0,0,0,0,0,0,0,0,0,0,0,0,0,0,0,0,0,0,0,0,0,0,0,0,0,0,0,0,0,0,0,0,0,0,0,0,0,0,,,0,0,0,0,0,0,0,0,0,0,0,0,,,,0,0,0,1,1,0,0,1,0,0,0,0,0,0,0,,0,0,0,0,0,0,0,0,0,0,0,0
00-0024243,M.Lewis,Marcedes Lewis,TE,TE,"https://static.www.nfl.com/image/private/f_auto,q_auto/league/ppq07tipygpftz5csipx",2025,10,REG,2025_10_LV_DEN,DEN,LV,0,0,0,0,0,0,0,0,0,0,0,0,,,0,,0,0,0,0,0,0,0,0,0,0,,0,0,0,0,0,0,0,0,0,0,0,0,0,0,,0,0,0,0,0,,0,0,0,0,0,0,0,0,0,0,0,0,0,0,0,0,0,0,0,0,0,0,0,0,0,0,0,0,0,0,2,15,0,0,0,0,0,0,0,0,0,0,0,0,0,,,0,0,0,0,0,0,0,0,0,0,0,0,,,,0,0,0,0,0,0,0,,0,0,0,0,0,0,0,,0,0,0,0,0,0,0,0,0,0,0,0
00-0025565,N.Folk,Nick Folk,K,SPEC,"https://static.www.nfl.com/image/upload/f_auto,q_auto/league/qf6vaghxuoxqw0pyrvg3",2025,10,REG,2025_10_CLE_NYJ,NYJ,CLE,0,0,0,0,0,0,0,0,0,0,0,0,,,0,,0,0,0,0,0,0,0,0,0,0,,0,0,0,0,0,0,0,0,0,0,0,0,0,0,,0,0,0,0,0,,0,0,0,0,0,0,0,0,0,0,0,0,0,0,0,0,0,0,0,0,0,0,0,0,0,0,0,0,0,0,0,0,0,0,0,0,0,0,0,0,0,2,2,0,0,37,1,0,1,1,0,0,0,0,0,0,0,0,0,26;37,,,63,0,0,3,3,0,0,1,0,0,0,0,0,0,0,,0,0,0,0,0,0,0,0,0,0,0,0
00-0026190,C.Campbell,Calais Campbell,DE,DL,"https://static.www.nfl.com/image/upload/f_auto,q_auto/league/ekkaync0yveo2cwxlljr",2025,10,REG,2025_10_ARI_SEA,ARI,SEA,0,0,0,0,0,0,0,0,0,0,0,0,,,0,,0,0,0,0,0,0,0,0,0,0,,0,0,0,0,0,0,0,0,0,0,0,0,0,0,,0,0,0,0,0,,0,0,0,0,3,0,2,1,3,0,0,0,0,0,0,0,0,0,0,0,0,0,0,0,0,0,0,0,0,0,0,0,0,0,0,0,0,0,0,0,0,0,0,0,0,,,0,0,0,0,0,0,0,0,0,0,0,0,,,,0,0,0,0,0,0,0,,0,0,0,0,0,0,0,,0,0,0,0,0,0,0,0,0,0,0,0
00-0026498,M.Stafford,Matthew Stafford,QB,QB,"https://static.www.nfl.com/image/upload/f_auto,q_auto/league/jwpkjfrkzufdyh8u1mg7",2025,10,REG,2025_10_LA_SF,LA,SF,24,36,280,4,0,1,-5,0,0,332,142,20,22.6301585333131,10.5948607711231,0,0.843373493975904,15,4,3,0,3,-3,0,0,0,0,-3.18981634295778,0,0,0,0,0,0,0,0,0,0,0,0,0,0,,0,0,0,0,0,,0,0,0,0,0,0,0,0,0,0,0,0,0,0,0,0,0,0,0,0,0,0,0,0,0,0,0,0,0,0,0,0,0,0,0,0,0,0,0,0,0,0,0,0,0,,,0,0,0,0,0,0,0,0,0,0,0,0,,,,0,0,0,0,0,0,0,,0,0,0,0,0,0,0,,0,0,0,0,0,0,0,0,0,0,26.9,26.9
00-0027114,T.Morstead,Thomas Morstead,P,SPEC,"https://static.www.nfl.com/image/upload/f_auto,q_auto/league/uicxa9bwvrenvcwnoklm",2025,10,REG,2025_10_LA_SF,SF,LA,0,0,0,0,0,0,0,0,0,0,0,0,,,0,,0,0,0,0,0,0,0,0,0,0,,0,0,0,0,0,0,0,0,0,0,0,0,0,0,,0,0,0,0,0,,0,0,0,0,0,0,0,0,0,0,0,0,0,0,0,0,0,0,0,0,0,0,0,0,0,0,0,0,0,0,0,0,0,0,0,0,0,0,0,0,0,0,0,0,0,,,0,0,0,0,0,0,0,0,0,0,0,0,,,,0,0,0,0,0,0,0,,0,0,0,0,0,2,0,48,87,2,0,1,0,0,1,5,0,82,0,0
00-0027940,V.Miller,Von Miller,OLB,LB,"https://static.www.nfl.com/image/upload/f_auto,q_auto/league/cqkgo6uw5ha7bjajkewf",2025,10,REG,2025_10_DET_WAS,WAS,DET,0,0,0,0,0,0,0,0,0,0,0,0,,,0,,0,0,0,0,0,0,0,0,0,0,,0,0,0,0,0,0,0,0,0,0,0,0,0,0,,0,0,0,0,0,,0,0,0,0,0,0,1,0,0,0,0,0,1,0,0,0,0,0,0,0,0,0,0,0,0,0,0,0,0,0,0,0,0,0,0,0,0,0,0,0,0,0,0,0,0,,,0,0,0,0,0,0,0,0,0,0,0,0,,,,0,0,0,0,0,0,0,,0,0,0,0,0,0,0,,0,0,0,0,0,0,0,0,0,0,0,0
00-0027962,C.Jordan,Cameron Jordan,LB,LB,"https://static.www.nfl.com/image/upload/f_auto,q_auto/league/eauqz3xbdtl0wfoy71da",2025,10,REG,2025_10_NO_CAR,NO,CAR,0,0,0,0,0,0,0,0,0,0,0,0,,,0,,0,0,0,0,0,0,0,0,0,0,,0,0,0,0,0,0,0,0,0,0,0,0,0,0,,0,0,0,0,0,,0,0,0,0,2,0,0,1,9,0,1,9,1,0,0,0,0,1,0,0,0,0,0,0,0,0,0,0,0,0,0,0,0,1,0,1,1,0,0,0,0,0,0,0,0,,,0,0,0,0,0,0,0,0,0,0,0,0,,,,0,0,0,0,0,0,0,,0,0,0,0,0,0,0,,0,0,0,0,0,0,0,0,0,0,0,0
00-0027969,Ca.Heyward,Cameron Heyward,DE,DL,"https://static.www.nfl.com/image/upload/f_auto,q_auto/league/vfql05jp29d2pltrlwqz",2025,10,REG,2025_10_PIT_LAC,PIT,LAC,0,0,0,0,0,0,0,0,0,0,0,0,,,0,,0,0,0,0,0,0,0,0,0,0,,0,0,0,0,0,0,0,0,0,0,0,0,0,0,,0,0,0,0,0,,0,0,0,0,1,0,5,1,4,0,0,0,0,0,0,1,0,0,0,0,0,0,0,0,0,0,0,0,0,0,0,0,0,0,0,0,0,0,0,0,0,0,0,0,0,,,0,0,0,0,0,0,0,0,0,0,0,0,,,,0,0,0,0,0,0,0,,0,0,0,0,0,0,0,,0,0,0,0,0,0,0,0,0,0,0,0
00-0028292,N.Bellore,Nick Bellore,LB,LB,"https://static.www.nfl.com/image/upload/f_auto,q_auto/league/wlj7zdf6h9p9dnhdtmih",2025,10,REG,2025_10_DET_WAS,WAS,DET,0,0,0,0,0,0,0,0,0,0,0,0,,,0,,0,0,0,0,0,0,0,0,0,0,,0,0,0,0,0,0,0,0,0,0,0,0,0,0,,0,0,0,0,0,,0,0,0,0,1,0,0,0,0,0,0,0,0,0,0,0,0,0,0,0,0,0,0,0,0,0,0,0,0,0,0,0,0,0,0,0,0,0,0,0,0,0,0,0,0,,,0,0,0,0,0,0,0,0,0,0,0,0,,,,0,0,0,0,0,0,0,,0,0,0,0,0,0,0,,0,0,0,0,0,0,0,0,0,0,0,0
00-0029255,B.Wagner,Bobby Wagner,MLB,LB,"https://static.www.nfl.com/image/upload/f_auto,q_auto/league/msulezmb9dk3klpgymoj",2025,10,REG,2025_10_DET_WAS,WAS,DET,0,0,0,0,0,0,0,0,0,0,0,0,,,0,,0,0,0,0,0,0,0,0,0,0,,0,0,0,0,0,0,0,0,0,0,0,0,0,0,,0,0,0,0,0,,0,0,0,0,6,0,3,0,0,0,0,0,1,0,0,0,0,0,0,0,0,0,0,0,0,0,0,0,0,0,0,0,0,0,0,0,0,0,0,0,0,0,0,0,0,,,0,0,0,0,0,0,0,0,0,0,0,0,,,,0,0,0,0,0,0,0,,0,0,0,0,0,0,0,,0,0,0,0,0,0,0,0,0,0,0,0
00-0029263,R.Wilson,Russell Wilson,QB,QB,"https://static.www.nfl.com/image/upload/f_auto,q_auto/league/vkstxj0evgkjiycu4glc",2025,10,REG,2025_10_NYG_CHI,NYG,CHI,3,7,45,0,0,2,-13,0,0,21,46,1,-2.60071830736706,-14.3515121936798,0,2.14285714285714,1,1,1,1,2,12,0,0,0,1,-1.26086213724711,0,1,0,0,0,0,0,0,0,0,0,0,0,0,,0,0,0,0,0,,0,0,0,0,0,0,0,0,0,0,0,0,0,0,0,0,0,0,0,0,0,0,0,0,0,0,0,0,0,0,0,0,0,0,0,0,0,0,0,0,0,0,0,0,0,,,0,0,0,0,0,0,0,0,0,0,0,0,,,,0,0,0,0,0,0,0,,0,0,0,0,0,0,0,,0,0,0,0,0,0,0,0,0,0,3,3
00-0029562,L.David,Lavonte David,OLB,LB,"https://static.www.nfl.com/image/upload/f_auto,q_auto/league/gicyoxodiwdzvybrzddk",2025,10,REG,2025_10_NE_TB,TB,NE,0,0,0,0,0,0,0,0,0,0,0,0,,,0,,0,0,0,0,0,0,0,0,0,0,,0,0,0,0,0,0,0,0,0,0,0,0,0,0,,0,0,0,0,0,,0,0,0,0,5,1,3,0,0,0,0,0,0,0,0,0,0,0,0,0,0,0,0,0,0,0,0,0,0,0,0,0,0,0,0,0,0,0,0,0,0,0,0,0,0,,,0,0,0,0,0,0,0,0,0,0,0,0,,,,0,0,0,0,0,0,0,,0,0,0,0,0,0,0,,0,0,0,0,0,0,0,0,0,0,0,0
00-0029606,H.Smith,Harrison Smith,FS,DB,"https://static.www.nfl.com/image/upload/f_auto,q_auto/league/kadw1bk0cxsarjrwbdrq",2025,10,REG,2025_10_BAL_MIN,MIN,BAL,0,0,0,0,0,0,0,0,0,0,0,0,,,0,,0,0,0,0,0,0,0,0,0,0,,0,0,0,0,0,0,0,0,0,0,0,0,0,0,,0,0,0,0,0,,0,0,0,0,5,0,2,0,0,1,0,0,0,0,0,0,0,0,0,0,0,0,0,0,0,0,0,0,0,0,1,22,0,0,0,0,0,0,0,0,0,0,0,0,0,,,0,0,0,0,0,0,0,0,0,0,0,0,,,,0,0,0,0,0,0,0,,0,0,0,0,0,0,0,,0,0,0,0,0,0,0,0,0,0,0,0
00-0029607,D.Davis,Demario Davis,OLB,LB,"https://static.www.nfl.com/image/upload/f_auto,q_auto/league/xfig8nml2gmofychoe3z",2025,10,REG,2025_10_NO_CAR,NO,CAR,0,0,0,0,0,0,0,0,0,0,0,0,,,0,,0,0,0,0,0,0,0,0,0,0,,0,0,0,0,0,0,0,0,0,0,0,0,0,0,,0,0,0,0,0,,0,0,0,0,1,0,6,0,0,0,0,0,0,0,0,1,0,0,0,0,0,0,0,0,0,0,0,0,0,0,1,15,0,0,0,0,0,0,0,0,0,0,0,0,0,,,0,0,0,0,0,0,0,0,0,0,0,0,,,,0,0,0,0,0,0,0,,0,0,0,0,0,0,0,,0,0,0,0,0,0,0,0,0,0,0,0
00-0029822,B.McManus,Brandon McManus,K,SPEC,"https://static.www.nfl.com/image/upload/f_auto,q_auto/league/qvwi9b1vfkn0wlmdl7ej",2025,10,REG,2025_10_PHI_GB,GB,PHI,0,0,0,0,0,0,0,0,0,0,0,0,,,0,,0,0,0,0,0,0,0,0,0,0,,0,0,0,0,0,0,0,0,0,0,0,0,0,0,,0,0,0,0,0,,0,0,0,0,0,0,0,0,0,0,0,0,0,0,0,0,0,0,0,0,0,0,0,0,0,0,0,0,0,0,0,0,0,0,0,0,0,0,0,0,0,0,1,1,0,,0,0,0,0,0,0,0,0,0,0,0,0,1,,64,,0,64,0,1,1,0,0,1,0,0,0,0,0,0,0,,0,0,0,0,0,0,0,0,0,0,0,0
00-0029892,K.Juszczyk,Kyle Juszczyk,FB,RB,"https://static.www.nfl.com/image/upload/f_auto,q_auto/league/tsejiiddtouukwyyqr9q",2025,10,REG,2025_10_LA_SF,SF,LA,0,0,0,0,0,0,0,0,0,0,0,0,,,0,,0,0,0,0,0,0,0,0,0,0,,0,0,0,0,0,2,2,8,0,0,0,-2,10,0,0.315615395433269,0,0,0,0,0,-4,0.0512820512820513,-0.00709219858156028,0.0719585379159847,0,0,0,0,0,0,0,0,0,0,0,0,0,0,0,0,0,0,0,0,0,0,0,0,0,0,0,0,0,0,0,0,0,0,0,0,0,0,0,0,0,0,,,0,0,0,0,0,0,0,0,0,0,0,0,,,,0,0,0,0,0,0,0,,0,0,0,0,0,0,0,,0,0,0,0,0,0,0,0,0,0,0.8,2.8
00-0030035,A.Thielen,Adam Thielen,WR,WR,"https://static.www.nfl.com/image/upload/f_auto,q_auto/league/pv6gajxtt6zhum2unnsl",2025,10,REG,2025_10_BAL_MIN,MIN,BAL,0,0,0,0,0,0,0,0,0,0,0,0,,,0,,0,0,0,0,0,0,0,0,0,0,,0,0,0,0,0,2,3,16,0,0,0,11,7,0,-1.40312575665303,0,0,0,0,0,1.45454545454545,0.0731707317073171,0.0240174672489083,0.126568324635211,0,0,0,0,0,0,0,0,0,0,0,0,0,0,0,0,0,0,0,0,0,0,0,0,0,0,0,1,15,0,0,0,0,0,0,0,0,0,0,0,0,0,,,0,0,0,0,0,0,0,0,0,0,0,0,,,,0,0,0,0,0,0,0,,0,0,0,0,0,0,0,,0,0,0,0,0,0,0,0,0,0,1.6,3.6
00-0030061,Z.Ertz,Zach Ertz,TE,TE,"https://static.www.nfl.com/image/upload/f_auto,q_auto/league/xktmmeumuoglbuam75iz",2025,10,REG,2025_10_DET_WAS,WAS,DET,0,0,0,0,0,0,0,0,0,0,0,0,,,0,,0,0,0,0,0,0,0,0,0,0,,0,0,0,0,0,4,5,54,0,0,0,87,6,2,2.93687498857616,0,2,1,1,0,0.620689655172414,0.227272727272727,0.302083333333333,0.552367424242424,0,0,0,0,0,0,0,0,0,0,0,0,0,0,0,0,0,0,0,0,0,0,0,0,0,0,0,0,0,0,0,0,0,0,0,0,0,0,0,0,0,0,,,0,0,0,0,0,0,0,0,0,0,0,0,,,,0,0,0,0,0,0,0,,0,0,0,0,0,0,0,,0,0,0,0,0,0,0,0,0,0,5.4,9.4
00-0030062,D.Slay,Darius Slay,CB,DB,"https://static.www.nfl.com/image/upload/f_auto,q_auto/league/r7dwifb7wrqvqj714dgh",2025,10,REG,2025_10_PIT_LAC,PIT,LAC,0,0,0,0,0,0,0,0,0,0,0,0,,,0,,0,0,0,0,0,0,0,0,0,0,,0,0,0,0,0,0,0,0,0,0,0,0,0,0,,0,0,0,0,0,,0,0,0,0,2,0,1,0,0,0,0,0,0,0,0,0,0,0,0,0,0,0,0,0,0,0,0,0,0,0,0,0,0,0,0,0,0,0,0,0,0,0,0,0,0,,,0,0,0,0,0,0,0,0,0,0,0,0,,,,0,0,0,0,0,0,0,,0,0,0,0,0,0,0,,0,0,0,0,0,0,0,0,0,0,0,0
00-0030070,J.Jenkins,John Jenkins,DT,DL,"https://static.www.nfl.com/image/upload/f_auto,q_auto/league/l2na4hvtcq7nfp7svxar",2025,10,REG,2025_10_BAL_MIN,BAL,MIN,0,0,0,0,0,0,0,0,0,0,0,0,,,0,,0,0,0,0,0,0,0,0,0,0,,0,0,0,0,0,0,0,0,0,0,0,0,0,0,,0,0,0,0,0,,0,0,0,0,1,0,0,0,0,0,0,0,0,0,0,1,0,0,0,0,0,0,0,0,0,0,0,0,0,0,0,0,0,0,0,0,0,0,0,0,0,0,0,0,0,,,0,0,0,0,0,0,0,0,0,0,0,0,,,,0,0,0,0,0,0,0,,0,0,0,0,0,0,0,,0,0,0,0,0,0,0,0,0,0,0,0
00-0030092,S.Martin,Sam Martin,P,SPEC,"https://static.www.nfl.com/image/upload/f_auto,q_auto/league/edhegnq9rbphynrogxzh",2025,10,REG,2025_10_NO_CAR,CAR,NO,0,0,0,0,0,0,0,0,0,0,0,0,,,0,,0,0,0,0,0,0,0,0,0,0,,0,0,0,0,0,0,0,0,0,0,0,0,0,0,,0,0,0,0,0,,0,0,0,0,0,0,0,0,0,0,0,0,0,0,0,0,0,0,0,0,0,0,0,0,0,0,0,0,0,0,0,0,0,0,0,0,0,0,0,0,0,0,0,0,0,,,0,0,0,0,0,0,0,0,0,0,0,0,,,,0,0,0,0,0,0,0,,0,0,0,0,0,4,0,59,204,2,1,0,0,1,2,8,0,196,0,0
00-0030114,J.Poyer,Jordan Poyer,FS,DB,"https://static.www.nfl.com/image/upload/f_auto,q_auto/league/jv5ibhkljw1u9knlwqzy",2025,10,REG,2025_10_BUF_MIA,BUF,MIA,0,0,0,0,0,0,0,0,0,0,0,0,,,0,,0,0,0,0,0,0,0,0,0,0,,0,0,0,0,0,0,0,0,0,0,0,0,0,0,,0,0,0,0,0,,0,0,0,0,3,0,5,0,0,0,0,0,0,0,0,0,0,0,0,0,0,0,0,0,0,0,0,0,0,0,0,0,0,0,0,0,0,0,0,0,0,0,0,0,0,,,0,0,0,0,0,0,0,0,0,0,0,0,,,,0,0,0,0,0,0,0,,0,0,0,0,0,0,0,,0,0,0,0,0,0,0,0,0,0,0,0
00-0030140,T.Way,Tress Way,P,SPEC,"https://static.www.nfl.com/image/upload/f_auto,q_auto/league/u61eijcazx9o4lb0lwp3",2025,10,REG,2025_10_DET_WAS,WAS,DET,0,0,0,0,0,0,0,0,0,0,0,0,,,0,,0,0,0,0,0,0,0,0,0,0,,0,0,0,0,0,0,0,0,0,0,0,0,0,0,,0,0,0,0,0,,0,0,0,0,0,0,0,0,0,0,0,0,0,0,0,0,0,0,0,0,0,0,0,0,0,0,0,0,0,0,0,0,0,0,0,0,0,0,0,0,0,0,0,0,0,,,0,0,0,0,0,0,0,0,0,0,0,0,,,,0,0,0,0,0,0,0,,0,0,0,0,0,4,0,56,200,2,0,0,0,1,3,3,0,197,0,0
00-0030279,K.Allen,Keenan Allen,WR,WR,"https://static.www.nfl.com/image/upload/f_auto,q_auto/league/ri267r6lzfwarh89hsn6",2025,10,REG,2025_10_PIT_LAC,LAC,PIT,0,0,0,0,0,0,0,0,0,0,0,0,,,0,,0,0,0,0,0,0,0,0,0,0,,0,0,0,0,0,2,5,19,0,0,0,27,15,1,-0.907807277224492,0,1,0,0,0,0.703703703703704,0.151515151515152,0.173076923076923,0.348426573426573,0,0,0,0,0,0,0,0,0,0,0,0,0,0,0,0,0,0,0,0,0,0,0,0,0,0,0,0,0,0,0,0,0,0,0,0,0,0,0,0,0,0,,,0,0,0,0,0,0,0,0,0,0,0,0,,,,0,0,0,0,0,0,0,,0,0,0,0,0,0,0,,0,0,0,0,0,0,0,0,0,0,1.9,3.9
00-0030561,L.Johnson,Lane Johnson,OT,OL,"https://static.www.nfl.com/image/upload/f_auto,q_auto/league/xanvacjbb9x1hcslyvsl",2025,10,REG,2025_10_PHI_GB,PHI,GB,0,0,0,0,0,0,0,0,0,0,0,0,,,0,,0,0,0,0,0,0,0,0,0,0,,0,0,0,0,0,0,0,0,0,0,0,0,0,0,,0,0,0,0,0,,0,0,0,0,1,0,0,0,0,0,0,0,0,0,0,0,0,0,0,0,0,0,0,0,0,0,0,0,0,0,0,0,0,0,0,0,0,0,0,0,0,0,0,0,0,,,0,0,0,0,0,0,0,0,0,0,0,0,,,,0,0,0,0,0,0,0,,0,0,0,0,0,0,0,,0,0,0,0,0,0,0,0,0,0,0,0
00-0030564,D.Hopkins,DeAndre Hopkins,WR,WR,"https://static.www.nfl.com/image/upload/f_auto,q_auto/league/snvo6holyfdjmrlqxqxu",2025,10,REG,2025_10_BAL_MIN,BAL,MIN,0,0,0,0,0,0,0,0,0,0,0,0,,,0,,0,0,0,0,0,0,0,0,0,0,,0,0,0,0,0,2,4,16,0,0,0,13,3,0,-1.78836452669228,0,0,0,0,0,1.23076923076923,0.142857142857143,0.109243697478992,0.290756302521008,0,0,0,0,0,0,0,0,0,0,0,0,0,0,0,0,0,0,0,0,0,0,0,0,0,0,0,0,0,0,0,0,0,0,0,0,0,0,0,0,0,0,,,0,0,0,0,0,0,0,0,0,0,0,0,,,,0,0,0,0,0,0,0,,0,0,0,0,0,0,0,,0,0,0,0,0,0,0,0,0,0,1.6,3.6
00-0030565,G.Smith,Geno Smith,QB,QB,"https://static.www.nfl.com/image/upload/f_auto,q_auto/league/zppfqqcyjfma14jjif3a",2025,10,REG,2025_10_LV_DEN,LV,DEN,16,26,143,0,1,6,-29,0,0,57,84,6,-16.3195467054118,-6.65078833699226,0,2.50877192982456,5,3,2,0,3,7,0,0,0,1,-1.22519012656994,0,0,0,0,0,0,0,0,0,0,0,0,0,0,,0,0,0,0,0,,0,0,0,0,0,0,0,0,0,0,0,0,0,0,0,0,0,0,0,0,0,0,0,0,0,0,0,0,0,0,1,13,0,0,0,0,0,0,0,0,0,0,0,0,0,,,0,0,0,0,0,0,0,0,0,0,0,0,,,,0,0,0,0,0,0,0,,0,0,0,0,0,0,0,,0,0,0,0,0,0,0,0,0,0,4.42,4.42
00-0031040,K.Mack,Khalil Mack,OLB,LB,"https://static.www.nfl.com/image/upload/f_auto,q_auto/league/t9j95jylmjpevgbkvmqn",2025,10,REG,2025_10_PIT_LAC,LAC,PIT,0,0,0,0,0,0,0,0,0,0,0,0,,,0,,0,0,0,0,0,0,0,0,0,0,,0,0,0,0,0,0,0,0,0,0,0,0,0,0,,0,0,0,0,0,,0,0,0,0,1,0,2,1,9,1,1,9,1,0,0,0,0,0,1,0,0,0,0,0,0,0,0,0,0,0,0,0,0,0,0,0,0,0,0,0,0,0,0,0,0,,,0,0,0,0,0,0,0,0,0,0,0,0,,,,0,0,0,0,0,0,0,,0,0,0,0,0,0,0,,0,0,0,0,0,0,0,0,0,0,0,0
00-0031054,D.Jones,DaQuan Jones,DT,DL,"https://static.www.nfl.com/image/upload/f_auto,q_auto/league/w7qkicdj6v0figbmfp0u",2025,10,REG,2025_10_BUF_MIA,BUF,MIA,0,0,0,0,0,0,0,0,0,0,0,0,,,0,,0,0,0,0,0,0,0,0,0,0,,0,0,0,0,0,0,0,0,0,0,0,0,0,0,,0,0,0,0,0,,0,0,0,0,0,0,1,0,0,0,0,0,1,0,0,0,0,0,0,0,0,0,0,0,0,0,0,0,0,0,0,0,0,0,0,0,0,0,0,0,0,0,0,0,0,,,0,0,0,0,0,0,0,0,0,0,0,0,,,,0,0,0,0,0,0,0,,0,0,0,0,0,0,0,,0,0,0,0,0,0,0,0,0,0,0,0
00-0031079,P.O'Donnell,Pat O'Donnell,P,SPEC,"https://static.www.nfl.com/image/upload/f_auto,q_auto/league/kputu02pppmvb69bkdfg",2025,10,REG,2025_10_ARI_SEA,ARI,SEA,0,0,0,0,0,0,0,0,0,0,0,0,,,0,,0,0,0,0,0,0,0,0,0,0,,0,0,0,0,0,0,0,0,0,0,0,0,0,0,,0,0,0,0,0,,0,0,0,0,0,0,0,0,0,0,0,0,0,0,0,0,0,0,0,0,0,0,0,0,0,0,0,0,0,0,0,0,0,0,0,0,0,0,0,0,0,0,0,0,0,,,0,0,0,0,0,0,0,0,0,0,0,0,,,,0,0,0,0,0,0,0,,0,0,0,0,0,4,0,45,163,2,0,0,0,4,0,0,0,163,0,0
00-0031136,C.Boswell,Chris Boswell,K,SPEC,"https://static.www.nfl.com/image/upload/f_auto,q_auto/league/rxbnhvnfjmheuryvdmuf",2025,10,REG,2025_10_PIT_LAC,PIT,LAC,0,0,0,0,0,0,0,0,0,0,0,0,,,0,,0,0,0,0,0,0,0,0,0,0,,0,0,0,0,0,0,0,0,0,0,0,0,0,0,,0,0,0,0,0,,0,0,0,0,0,0,0,0,0,0,0,0,0,0,0,0,0,0,0,0,0,0,0,0,0,0,0,0,0,0,0,0,0,0,0,0,0,0,0,0,0,1,2,1,0,59,0.5,0,0,0,0,1,0,0,0,0,1,0,0,59,45,,59,45,0,1,1,0,0,1,0,0,0,0,0,0,0,,0,0,0,0,0,0,0,0,0,0,0,0
00-0031203,C.Santos,Cairo Santos,K,SPEC,"https://static.www.nfl.com/image/upload/f_auto,q_auto/league/tz5ecjri52gwpoo9s7be",2025,10,REG,2025_10_NYG_CHI,CHI,NYG,0,0,0,0,0,0,0,0,0,0,0,0,,,0,,0,0,0,0,0,0,0,0,0,0,,0,0,0,0,0,0,0,0,0,0,0,0,0,0,,0,0,0,0,0,,0,0,0,0,0,0,0,0,0,0,0,0,0,0,0,0,0,0,0,0,0,0,0,0,0,0,0,0,0,0,0,0,0,0,0,0,0,0,0,0,0,1,1,0,0,22,1,0,1,0,0,0,0,0,0,0,0,0,0,22,,,22,0,0,3,3,0,0,1,0,0,0,0,0,0,0,,0,0,0,0,0,0,0,0,0,0,0,0
00-0031254,D.Autry,Denico Autry,DT,DL,"https://static.www.nfl.com/image/upload/f_auto,q_auto/league/avrrswmjrzes0ggi3bsg",2025,10,REG,2025_10_JAX_HOU,HOU,JAX,0,0,0,0,0,0,0,0,0,0,0,0,,,0,,0,0,0,0,0,0,0,0,0,0,,0,0,0,0,0,0,0,0,0,0,0,0,0,0,,0,0,0,0,0,,0,0,0,0,0,0,0,0,0,0,0,0,0,0,0,1,0,0,0,0,0,0,0,0,0,0,0,0,0,0,1,15,0,0,0,0,0,0,0,0,0,0,0,0,0,,,0,0,0,0,0,0,0,0,0,0,0,0,,,,0,0,0,0,0,0,0,,0,0,0,0,0,0,0,,0,0,0,0,0,0,0,0,0,0,0,0
00-0031270,S.Harris,Shelby Harris,DE,DL,"https://static.www.nfl.com/image/upload/f_auto,q_auto/league/r1lxhltzhpkmfdocupum",2025,10,REG,2025_10_CLE_NYJ,CLE,NYJ,0,0,0,0,0,0,0,0,0,0,0,0,,,0,,0,0,0,0,0,0,0,0,0,0,,0,0,0,0,0,0,0,0,0,0,0,0,0,0,,0,0,0,0,0,,0,0,0,0,0,0,1,0,0,0,0,0,0,0,0,1,0,0,0,0,0,0,0,0,0,0,0,0,0,0,0,0,0,0,0,0,0,0,0,0,0,0,0,0,0,,,0,0,0,0,0,0,0,0,0,0,0,0,,,,0,0,0,0,0,0,0,,0,0,0,0,0,0,0,,0,0,0,0,0,0,0,0,0,0,0,0
00-0031330,M.Moses,Morgan Moses,OT,OL,"https://static.www.nfl.com/image/upload/f_auto,q_auto/league/xuuf1lrkv3altipbgfjk",2025,10,REG,2025_10_NE_TB,NE,TB,0,0,0,0,0,0,0,0,0,0,0,0,,,0,,0,0,0,0,0,0,0,0,0,0,,0,0,0,0,0,0,0,0,0,0,0,0,0,0,,0,0,0,0,0,,0,0,0,0,0,0,0,0,0,0,0,0,0,0,0,0,0,0,0,0,0,0,0,0,0,0,0,0,0,0,1,5,0,0,0,0,0,0,0,0,0,0,0,0,0,,,0,0,0,0,0,0,0,0,0,0,0,0,,,,0,0,0,0,0,0,0,,0,0,0,0,0,0,0,,0,0,0,0,0,0,0,0,0,0,0,0
00-0031360,K.Van Noy,Kyle Van Noy,MLB,LB,"https://static.www.nfl.com/image/upload/f_auto,q_auto/league/kxj2hipcguahh4l60vaa",2025,10,REG,2025_10_BAL_MIN,BAL,MIN,0,0,0,0,0,0,0,0,0,0,0,0,,,0,,0,0,0,0,0,0,0,0,0,0,,0,0,0,0,0,0,0,0,0,0,0,0,0,0,,0,0,0,0,0,,0,0,0,0,2,0,0,0,0,0,0,0,0,0,0,1,0,0,0,0,0,0,0,0,0,0,0,0,0,0,0,0,0,0,0,0,0,0,0,0,0,0,0,0,0,,,0,0,0,0,0,0,0,0,0,0,0,0,,,,0,0,0,0,0,0,0,,0,0,0,0,0,0,0,,0,0,0,0,0,0,0,0,0,0,0,0
00-0031381,D.Adams,Davante Adams,WR,WR,"https://static.www.nfl.com/image/upload/f_auto,q_auto/league/tdzluk4xau3arxqk9zsl",2025,10,REG,2025_10_LA_SF,LA,SF,0,0,0,0,0,0,0,0,0,0,0,0,,,0,,0,0,0,0,0,0,0,0,0,0,,0,0,0,0,0,6,8,77,1,0,0,131,9,6,5.94084665138507,0,5,1,1,0,0.587786259541985,0.235294117647059,0.394578313253012,0.629145995747697,0,0,0,0,0,0,0,0,0,0,0,0,0,0,0,0,0,0,0,0,0,0,0,0,0,0,0,0,0,0,0,0,0,0,0,0,0,0,0,0,0,0,,,0,0,0,0,0,0,0,0,0,0,0,0,,,,0,0,0,0,0,0,0,,0,0,0,0,0,0,0,,0,0,0,0,0,0,0,0,0,0,13.7,19.7
00-0031411,D.Lawrence,DeMarcus Lawrence,LB,LB,"https://static.www.nfl.com/image/upload/f_auto,q_auto/league/yo0w88bzr0s9qrnmadeq",2025,10,REG,2025_10_ARI_SEA,SEA,ARI,0,0,0,0,0,0,0,0,0,0,0,0,,,0,,0,0,0,0,0,0,0,0,0,0,,0,0,0,0,0,0,0,0,0,0,0,0,0,0,,0,0,0,0,0,,0,0,0,0,1,0,3,1,1,0,0.5,3,3,0,0,0,0,0,0,0,0,0,0,0,0,0,0,2,56,2,0,0,0,0,0,0,0,0,0,0,0,0,0,0,0,,,0,0,0,0,0,0,0,0,0,0,0,0,,,,0,0,0,0,0,0,0,,0,0,0,0,0,0,0,,0,0,0,0,0,0,0,0,0,0,0,0
00-0031492,J.Myers,Jason Myers,K,SPEC,"https://static.www.nfl.com/image/upload/f_auto,q_auto/league/zcd7q9loflr0t5bsvzig",2025,10,REG,2025_10_ARI_SEA,SEA,ARI,0,0,0,0,0,0,0,0,0,0,0,0,,,0,,0,0,0,0,0,0,0,0,0,0,,0,0,0,0,0,0,0,0,0,0,0,0,0,0,,0,0,0,0,0,,0,0,0,0,0,0,0,0,0,0,0,0,0,0,0,0,0,0,0,0,0,0,0,0,0,0,0,0,0,0,0,0,0,0,0,0,0,0,0,0,0,3,3,0,0,46,1,0,0,2,1,0,0,0,0,0,0,0,0,46;32;34,,,112,0,0,5,5,0,0,1,0,0,0,0,0,0,0,,0,0,0,0,0,0,0,0,0,0,0,0
00-0031551,E.Goldman,Eddie Goldman,NT,DL,"https://static.www.nfl.com/image/upload/f_auto,q_auto/league/o0kwpqywuicbketxfbck",2025,10,REG,2025_10_DET_WAS,WAS,DET,0,0,0,0,0,0,0,0,0,0,0,0,,,0,,0,0,0,0,0,0,0,0,0,0,,0,0,0,0,0,0,0,0,0,0,0,0,0,0,,0,0,0,0,0,,0,0,0,0,1,0,1,0,0,0,0,0,0,0,0,0,0,0,0,0,0,0,0,0,0,0,0,0,0,0,0,0,0,0,0,0,0,0,0,0,0,0,0,0,0,,,0,0,0,0,0,0,0,0,0,0,0,0,,,,0,0,0,0,0,0,0,,0,0,0,0,0,0,0,,0,0,0,0,0,0,0,0,0,0,0,0
00-0031557,J.Phillips,Jordan Phillips,DT,DL,"https://static.www.nfl.com/image/upload/f_auto,q_auto/league/hn887nvbphkycvlkvlms",2025,10,REG,2025_10_BUF_MIA,BUF,MIA,0,0,0,0,0,0,0,0,0,0,0,0,,,0,,0,0,0,0,0,0,0,0,0,0,,0,0,0,0,0,0,0,0,0,0,0,0,0,0,,0,0,0,0,0,,0,0,0,0,0,0,1,0,0,0,0,0,0,0,0,0,0,0,0,0,0,0,0,0,0,0,0,0,0,0,0,0,0,0,0,0,0,0,0,0,0,0,0,0,0,,,0,0,0,0,0,0,0,0,0,0,0,0,,,,0,0,0,0,0,0,0,,0,0,0,0,0,0,0,,0,0,0,0,0,0,0,0,0,0,0,0
00-0031565,D.Hunter,Danielle Hunter,DE,DL,"https://static.www.nfl.com/image/upload/f_auto,q_auto/league/l4qdgo10becu0f3zgmyj",2025,10,REG,2025_10_JAX_HOU,HOU,JAX,0,0,0,0,0,0,0,0,0,0,0,0,,,0,,0,0,0,0,0,0,0,0,0,0,,0,0,0,0,0,0,0,0,0,0,0,0,0,0,,0,0,0,0,0,,0,0,0,0,5,0,2,4,31,1,3.5,31.5,4,0,0,0,0,0,0,0,0,0,0,0,0,0,0,0,0,0,0,0,0,0,0,0,0,0,0,0,0,0,0,0,0,,,0,0,0,0,0,0,0,0,0,0,0,0,,,,0,0,0,0,0,0,0,,0,0,0,0,0,0,0,,0,0,0,0,0,0,0,0,0,0,0,0
00-0031583,G.Jarrett,Grady Jarrett,DT,DL,"https://static.www.nfl.com/image/upload/f_auto,q_auto/league/cchbtgvedcufwteb6dip",2025,10,REG,2025_10_NYG_CHI,CHI,NYG,0,0,0,0,0,0,0,0,0,0,0,0,,,0,,0,0,0,0,0,0,0,0,0,0,,0,0,0,0,0,0,0,0,0,0,0,0,0,0,,0,0,0,0,0,,0,0,0,0,0,0,4,0,0,0,0,0,0,0,0,0,0,0,0,0,0,0,0,0,0,0,0,0,0,0,1,5,0,0,0,0,0,0,0,0,0,0,0,0,0,,,0,0,0,0,0,0,0,0,0,0,0,0,,,,0,0,0,0,0,0,0,,0,0,0,0,0,0,0,,0,0,0,0,0,0,0,0,0,0,0,0
00-0031588,S.Diggs,Stefon Diggs,WR,WR,"https://static.www.nfl.com/image/upload/f_auto,q_auto/league/cemcexmscsarpvwhafln",2025,10,REG,2025_10_NE_TB,NE,TB,0,0,0,0,0,0,0,0,0,0,0,0,,,0,,0,0,0,0,0,0,0,0,0,0,,0,0,0,0,0,5,8,46,1,0,0,80,8,3,2.97986245318316,0,2,1,0,0,0.575,0.275862068965517,0.228571428571429,0.573793103448276,0,0,0,0,0,0,0,0,0,0,0,0,0,0,0,0,0,0,0,0,0,0,0,0,0,0,0,0,0,0,0,0,0,0,0,0,0,0,0,0,0,0,,,0,0,0,0,0,0,0,0,0,0,0,0,,,,0,0,0,0,0,0,0,,0,0,0,0,0,0,0,,0,0,0,0,0,0,0,0,0,0,10.6,15.6
00-0031687,R.Mostert,Raheem Mostert,RB,RB,"https://static.www.nfl.com/image/upload/f_auto,q_auto/league/fas5rkweusx2hl7abtzh",2025,10,REG,2025_10_LV_DEN,LV,DEN,0,0,0,0,0,0,0,0,0,0,0,0,,,0,,0,0,0,0,1,4,0,0,0,0,-0.589475059881806,0,0,0,0,0,1,1,11,0,0,0,-4,15,1,2.11811719369143,0,1,0,0,0,-2.75,0.04,-0.0655737704918033,0.0140983606557377,0,0,0,0,0,0,0,0,0,0,0,0,0,0,0,0,0,0,0,0,0,0,0,0,0,0,0,0,0,0,0,0,0,0,0,0,0,0,0,0,0,0,,,0,0,0,0,0,0,0,0,0,0,0,0,,,,0,0,0,0,0,0,0,,0,0,0,0,0,0,0,,0,0,0,0,0,0,0,0,0,0,1.5,2.5
00-0031898,A.Singleton,Alex Singleton,LB,LB,"https://static.www.nfl.com/image/upload/f_auto,q_auto/league/majblawsimvtv3k2xd6j",2025,10,REG,2025_10_LV_DEN,DEN,LV,0,0,0,0,0,0,0,0,0,0,0,0,,,0,,0,0,0,0,0,0,0,0,0,0,,0,0,0,0,0,0,0,0,0,0,0,0,0,0,,0,0,0,0,0,,0,0,0,0,2,0,7,0,0,0,0,0,0,0,0,0,0,0,0,0,0,0,0,0,0,0,0,0,0,0,0,0,0,0,0,0,0,0,0,0,0,0,0,0,0,,,0,0,0,0,0,0,0,0,0,0,0,0,,,,0,0,0,0,0,0,0,,0,0,0,0,0,0,0,,0,0,0,0,0,0,0,0,0,0,0,0
00-0031933,L.Williams,Leonard Williams,DE,DL,"https://static.www.nfl.com/image/upload/f_auto,q_auto/league/jhaogtinjeyrwbjsvbl4",2025,10,REG,2025_10_ARI_SEA,SEA,ARI,0,0,0,0,0,0,0,0,0,0,0,0,,,0,,0,0,0,0,0,0,0,0,0,0,,0,0,0,0,0,0,0,0,0,0,0,0,0,0,,0,0,0,0,0,,0,0,0,0,2,0,0,1,3,0,1,3,1,0,0,0,0,0,0,0,0,0,0,0,0,0,0,0,0,0,0,0,0,0,0,0,0,0,0,0,0,0,0,0,0,,,0,0,0,0,0,0,0,0,0,0,0,0,,,,0,0,0,0,0,0,0,,0,0,0,0,0,0,0,,0,0,0,0,0,0,0,0,0,0,0,0
00-0031935,P.Smith,Preston Smith,DE,DL,"https://static.www.nfl.com/image/upload/f_auto,q_auto/league/etcwpdjr7xtc4gubw8gf",2025,10,REG,2025_10_DET_WAS,WAS,DET,0,0,0,0,0,0,0,0,0,0,0,0,,,0,,0,0,0,0,0,0,0,0,0,0,,0,0,0,0,0,0,0,0,0,0,0,0,0,0,,0,0,0,0,0,,0,0,0,0,0,0,5,0,0,0,0,0,0,0,0,0,0,0,0,0,0,0,0,0,0,0,0,0,0,0,0,0,0,0,0,0,0,0,0,0,0,0,0,0,0,,,0,0,0,0,0,0,0,0,0,0,0,0,,,,0,0,0,0,0,0,0,,0,0,0,0,0,0,0,,0,0,0,0,0,0,0,0,0,0,0,0
00-0031957,R.Nunez-Roches,Rakeem Nunez-Roches,DT,DL,"https://static.www.nfl.com/image/upload/f_auto,q_auto/league/udm7hafj1u08xj2blkta",2025,10,REG,2025_10_NYG_CHI,NYG,CHI,0,0,0,0,0,0,0,0,0,0,0,0,,,0,,0,0,0,0,0,0,0,0,0,0,,0,0,0,0,0,0,0,0,0,0,0,0,0,0,,0,0,0,0,0,,0,0,0,0,0,0,1,0,0,0,0,0,0,0,0,0,0,0,0,0,0,0,0,0,0,0,0,0,0,0,0,0,0,0,0,0,0,0,0,0,0,0,0,0,0,,,0,0,0,0,0,0,0,0,0,0,0,0,,,,0,0,0,0,0,0,0,,0,0,0,0,0,0,0,,0,0,0,0,0,0,0,0,0,0,0,0
00-0032065,B.Pinion,Bradley Pinion,P,SPEC,"https://static.www.nfl.com/image/upload/f_auto,q_auto/league/xx5dvt7efcoyiwbhrjrq",2025,10,REG,2025_10_ATL_IND,ATL,IND,0,0,0,0,0,0,0,0,0,0,0,0,,,0,,0,0,0,0,0,0,0,0,0,0,,0,0,0,0,0,0,0,0,0,0,0,0,0,0,,0,0,0,0,0,,0,0,0,0,0,0,0,0,0,0,0,0,0,0,0,0,0,0,0,0,0,0,0,0,0,0,0,0,0,0,0,0,0,0,0,0,0,0,0,0,0,0,0,0,0,,,0,0,0,0,0,0,0,0,0,0,0,0,,,,0,0,0,0,0,0,0,,0,0,0,0,0,6,0,50,263,4,0,1,0,2,3,32,0,231,0,0
00-0032071,T.Brown,Trent Brown,OT,OL,"https://static.www.nfl.com/image/upload/f_auto,q_auto/league/cszhfhjysj4e5hm4vbwk",2025,10,REG,2025_10_JAX_HOU,HOU,JAX,0,0,0,0,0,0,0,0,0,0,0,0,,,0,,0,0,0,0,0,0,0,0,0,0,,0,0,0,0,0,0,0,0,0,0,0,0,0,0,,0,0,0,0,0,,0,0,0,0,0,0,0,0,0,0,0,0,0,0,0,0,0,0,0,0,0,0,0,0,0,0,0,0,0,0,2,10,0,0,0,0,0,0,0,0,0,0,0,0,0,,,0,0,0,0,0,0,0,0,0,0,0,0,,,,0,0,0,0,0,0,0,,0,0,0,0,0,0,0,,0,0,0,0,0,0,0,0,0,0,0,0
00-0032103,D.Perryman,Denzel Perryman,MLB,LB,"https://static.www.nfl.com/image/upload/f_auto,q_auto/league/n3oqbsrycbe0nwdwblez",2025,10,REG,2025_10_PIT_LAC,LAC,PIT,0,0,0,0,0,0,0,0,0,0,0,0,,,0,,0,0,0,0,0,0,0,0,0,0,,0,0,0,0,0,0,0,0,0,0,0,0,0,0,,0,0,0,0,0,,0,0,0,0,2,0,1,0,0,0,0,0,0,0,0,0,0,0,0,0,0,0,0,0,0,0,0,0,0,0,0,0,0,0,0,0,0,0,0,0,0,0,0,0,0,,,0,0,0,0,0,0,0,0,0,0,0,0,,,,0,0,0,0,0,0,0,,0,0,0,0,0,0,0,,0,0,0,0,0,0,0,0,0,0,0,0
00-0032104,A.Abdullah,Ameer Abdullah,RB,RB,"https://static.www.nfl.com/image/upload/f_auto,q_auto/league/k8teyeiqchljlm0h5te4",2025,10,REG,2025_10_ATL_IND,IND,ATL,0,0,0,0,0,0,0,0,0,0,0,0,,,0,,0,0,0,0,0,0,0,0,0,0,,0,0,0,0,0,1,1,8,0,0,0,3,5,0,0.0459942190209404,0,0,0,0,0,2.66666666666667,0.0384615384615385,0.0143540669856459,0.0677401545822599,0,0,0,0,0,0,0,0,0,0,0,0,0,0,0,0,0,0,0,0,0,0,0,0,0,0,0,0,0,0,0,0,0,0,0,0,2,69,0,0,0,0,,,0,0,0,0,0,0,0,0,0,0,0,0,,,,0,0,0,0,0,0,0,,0,0,0,0,0,0,0,,0,0,0,0,0,0,0,0,0,0,0.8,1.8
00-0032146,B.Dupree,Bud Dupree,OLB,LB,"https://static.www.nfl.com/image/upload/f_auto,q_auto/league/cooz0t9nynyj7cfe1gac",2025,10,REG,2025_10_PIT_LAC,LAC,PIT,0,0,0,0,0,0,0,0,0,0,0,0,,,0,,0,0,0,0,0,0,0,0,0,0,,0,0,0,0,0,0,0,0,0,0,0,0,0,0,,0,0,0,0,0,,0,0,0,0,1,0,0,1,1,0,1,1,1,0,0,0,0,0,0,0,0,0,0,0,0,0,0,0,0,0,0,0,0,0,0,0,0,0,0,0,0,0,0,0,0,,,0,0,0,0,0,0,0,0,0,0,0,0,,,,0,0,0,0,0,0,0,,0,0,0,0,0,0,0,,0,0,0,0,0,0,0,0,0,0,0,0
00-0032164,A.Armstead,Arik Armstead,DE,DL,"https://static.www.nfl.com/image/upload/f_auto,q_auto/league/z6e5xcslnlyaz2egeke3",2025,10,REG,2025_10_JAX_HOU,JAX,HOU,0,0,0,0,0,0,0,0,0,0,0,0,,,0,,0,0,0,0,0,0,0,0,0,0,,0,0,0,0,0,0,0,0,0,0,0,0,0,0,,0,0,0,0,0,,0,0,0,0,1,0,1,1,9,0,1,9,1,0,0,0,0,0,0,0,0,0,0,0,0,0,0,0,0,0,0,0,0,0,0,0,0,0,0,0,0,0,0,0,0,,,0,0,0,0,0,0,0,0,0,0,0,0,,,,0,0,0,0,0,0,0,,0,0,0,0,0,0,0,,0,0,0,0,0,0,0,0,0,0,0,0
00-0032203,A.Peat,Andrus Peat,G,OL,"https://static.www.nfl.com/image/upload/f_auto,q_auto/league/wlkqieesn85nhevcqcqe",2025,10,REG,2025_10_PIT_LAC,PIT,LAC,0,0,0,0,0,0,0,0,0,0,0,0,,,0,,0,0,0,0,0,0,0,0,0,0,,0,0,0,0,0,0,0,0,0,0,0,0,0,0,,0,0,0,0,0,,0,0,0,0,0,0,0,0,0,0,0,0,0,0,0,0,0,0,0,0,0,0,0,0,0,0,0,0,0,0,1,5,0,0,0,0,0,0,0,0,0,0,0,0,0,,,0,0,0,0,0,0,0,0,0,0,0,0,,,,0,0,0,0,0,0,0,,0,0,0,0,0,0,0,,0,0,0,0,0,0,0,0,0,0,0,0
00-0032211,T.Lockett,Tyler Lockett,WR,WR,"https://static.www.nfl.com/image/upload/f_auto,q_auto/league/gyhvviyep9iigeaobxmi",2025,10,REG,2025_10_LV_DEN,LV,DEN,0,0,0,0,0,0,0,0,0,0,0,0,,,0,,0,0,0,0,0,0,0,0,0,0,,0,0,0,0,0,5,6,44,0,0,0,26,20,2,1.54803460894618,0,1,1,0,0,1.69230769230769,0.24,0.426229508196721,0.658360655737705,0,0,0,0,0,0,0,0,0,0,0,0,0,0,0,0,0,0,0,0,0,0,0,0,0,0,0,0,0,0,0,0,0,0,0,0,0,0,0,0,0,0,,,0,0,0,0,0,0,0,0,0,0,0,0,,,,0,0,0,0,0,0,0,,0,0,0,0,0,0,0,,0,0,0,0,0,0,0,0,0,0,4.4,9.4
00-0032265,M.Edwards,Mario Edwards,DE,DL,"https://static.www.nfl.com/image/upload/f_auto,q_auto/league/cia50revbealvw5biusr",2025,10,REG,2025_10_JAX_HOU,HOU,JAX,0,0,0,0,0,0,0,0,0,0,0,0,,,0,,0,0,0,0,0,0,0,0,0,0,,0,0,0,0,0,0,0,0,0,0,0,0,0,0,,0,0,0,0,0,,0,0,0,0,0,0,1,0,0,0,0,0,0,0,0,0,0,0,0,0,0,0,0,0,0,0,0,0,0,0,0,0,0,0,0,0,0,0,0,0,0,0,0,0,0,,,0,0,0,0,0,0,0,0,0,0,0,0,,,,0,0,0,0,0,0,0,,0,0,0,0,0,0,0,,0,0,0,0,0,0,0,0,0,0,0,0
00-0032268,M.Mariota,Marcus Mariota,QB,QB,"https://static.www.nfl.com/image/upload/f_auto,q_auto/league/grx6m1fmu1odltjo3y31",2025,10,REG,2025_10_DET_WAS,WAS,DET,16,22,213,2,0,2,-18,0,0,288,39,9,10.9237322372734,14.2503999850967,0,0.739583333333333,7,5,3,1,5,22,0,0,0,1,0.630487659247592,0,0,0,0,0,0,0,0,0,0,0,0,0,0,,0,0,0,0,0,,0,0,0,0,0,0,0,0,0,0,0,0,0,0,0,0,0,0,0,0,0,0,0,0,0,0,0,0,0,0,0,0,0,0,0,0,0,0,0,0,0,0,0,0,0,,,0,0,0,0,0,0,0,0,0,0,0,0,,,,0,0,0,0,0,0,0,,0,0,0,0,0,0,0,,0,0,0,0,0,0,0,0,0,0,18.72,18.72
00-0032385,S.Shepard,Sterling Shepard,WR,WR,"https://static.www.nfl.com/image/upload/f_auto,q_auto/league/l47czwi8aaznnit0se5h",2025,10,REG,2025_10_NE_TB,TB,NE,0,0,0,0,0,0,0,0,0,0,0,0,,,0,,0,0,0,0,1,11,0,0,0,1,0.791868795873597,0,1,0,0,0,3,4,20,0,0,0,48,11,1,-0.825071613013279,0,1,0,0,0,0.416666666666667,0.0930232558139535,0.170212765957447,0.258683819891143,0,0,0,0,0,0,0,0,0,0,0,0,0,0,0,0,0,0,0,0,0,0,0,0,0,0,0,1,10,0,0,0,0,0,0,0,0,0,0,0,0,0,,,0,0,0,0,0,0,0,0,0,0,0,0,,,,0,0,0,0,0,0,0,,0,0,0,0,0,0,0,,0,0,0,0,0,0,0,0,0,0,3.1,6.1
00-0032388,D.Jones,Deion Jones,LB,LB,"https://static.www.nfl.com/image/upload/f_auto,q_auto/league/fpmevebnsvfm07e7xhcu",2025,10,REG,2025_10_NE_TB,TB,NE,0,0,0,0,0,0,0,0,0,0,0,0,,,0,,0,0,0,0,0,0,0,0,0,0,,0,0,0,0,0,0,0,0,0,0,0,0,0,0,,0,0,0,0,0,,0,0,0,0,2,0,0,0,0,0,0,0,0,0,0,0,0,0,0,0,0,0,0,0,0,0,0,0,0,0,0,0,0,0,0,0,0,0,0,0,0,0,0,0,0,,,0,0,0,0,0,0,0,0,0,0,0,0,,,,0,0,0,0,0,0,0,,0,0,0,0,0,0,0,,0,0,0,0,0,0,0,0,0,0,0,0
00-0032392,A.Hooper,Austin Hooper,TE,TE,"https://static.www.nfl.com/image/upload/f_auto,q_auto/league/dd0j9ccd8fxokl48alzg",2025,10,REG,2025_10_NE_TB,NE,TB,0,0,0,0,0,0,0,0,0,0,0,0,,,0,,0,0,0,0,0,0,0,0,0,0,,0,0,0,0,0,0,1,0,0,0,0,15,0,0,-0.777950681746006,0,0,0,0,0,0,0.0344827586206897,0.0428571428571429,0.0817241379310345,0,0,0,0,0,0,0,0,0,0,0,0,0,0,0,0,0,0,0,0,0,0,0,0,0,0,0,0,0,0,0,0,0,0,0,0,0,0,0,0,0,0,,,0,0,0,0,0,0,0,0,0,0,0,0,,,,0,0,0,0,0,0,0,,0,0,0,0,0,0,0,,0,0,0,0,0,0,0,0,0,0,0,0
00-0032398,C.Moore,Chris Moore,WR,WR,"https://static.www.nfl.com/image/upload/f_auto,q_auto/league/o0s29hnpztyxqotqdx8h",2025,10,REG,2025_10_DET_WAS,WAS,DET,0,0,0,0,0,0,0,0,0,0,0,0,,,0,,0,0,0,0,0,0,0,0,0,0,,0,0,0,0,0,0,0,0,0,0,0,0,0,0,,0,0,0,0,0,,0,0,0,0,1,0,0,0,0,0,0,0,0,0,0,0,0,0,0,0,0,0,0,0,0,0,0,0,0,0,0,0,0,0,0,0,0,0,0,0,0,0,0,0,0,,,0,0,0,0,0,0,0,0,0,0,0,0,,,,0,0,0,0,0,0,0,,0,0,0,0,0,0,0,,0,0,0,0,0,0,0,0,0,0,0,0
00-0032415,M.Judon,Matthew Judon,OLB,LB,"https://static.www.nfl.com/image/upload/f_auto,q_auto/league/xio1oo9c8qwfrouppuvk",2025,10,REG,2025_10_BUF_MIA,MIA,BUF,0,0,0,0,0,0,0,0,0,0,0,0,,,0,,0,0,0,0,0,0,0,0,0,0,,0,0,0,0,0,0,0,0,0,0,0,0,0,0,,0,0,0,0,0,,0,0,0,0,0,0,1,0,0,0,0,0,0,0,0,0,0,0,0,0,0,0,0,0,0,0,0,0,0,0,0,0,0,0,0,0,0,0,0,0,0,0,0,0,0,,,0,0,0,0,0,0,0,0,0,0,0,0,,,,0,0,0,0,0,0,0,,0,0,0,0,0,0,0,,0,0,0,0,0,0,0,0,0,0,0,0
00-0032424,D.Reader,DJ Reader,DT,DL,"https://static.www.nfl.com/image/upload/f_auto,q_auto/league/k3fzivhgxscqaprr71by",2025,10,REG,2025_10_DET_WAS,DET,WAS,0,0,0,0,0,0,0,0,0,0,0,0,,,0,,0,0,0,0,0,0,0,0,0,0,,0,0,0,0,0,0,0,0,0,0,0,0,0,0,,0,0,0,0,0,,0,0,0,0,1,0,1,0,0,0,0,0,0,0,0,0,0,0,0,0,0,0,0,0,0,0,0,0,0,0,0,0,0,0,0,0,0,0,0,0,0,0,0,0,0,,,0,0,0,0,0,0,0,0,0,0,0,0,,,,0,0,0,0,0,0,0,,0,0,0,0,0,0,0,,0,0,0,0,0,0,0,0,0,0,0,0
00-0032442,E.Roberts,Elandon Roberts,OLB,LB,"https://static.www.nfl.com/image/upload/f_auto,q_auto/league/niydmsknfdiu1zyivwso",2025,10,REG,2025_10_LV_DEN,LV,DEN,0,0,0,0,0,0,0,0,0,0,0,0,,,0,,0,0,0,0,0,0,0,0,0,0,,0,0,0,0,0,0,0,0,0,0,0,0,0,0,,0,0,0,0,0,,0,0,0,0,0,0,2,0,0,0,0,0,0,0,0,0,0,0,0,0,0,0,0,0,0,0,0,0,0,0,0,0,0,0,0,0,0,0,0,0,0,0,0,0,0,,,0,0,0,0,0,0,0,0,0,0,0,0,,,,0,0,0,0,0,0,0,,0,0,0,0,0,0,0,,0,0,0,0,0,0,0,0,0,0,0,0
00-0032464,K.Raymond,Kalif Raymond,WR,WR,"https://static.www.nfl.com/image/upload/f_auto,q_auto/league/dpdv6dm0almcbjdppizx",2025,10,REG,2025_10_DET_WAS,DET,WAS,0,0,0,0,0,0,0,0,0,0,0,0,,,0,,0,0,0,0,1,10,0,0,0,1,0.908467518631369,0,1,0,0,0,4,4,49,0,0,0,21,28,3,4.30227621289669,0,3,1,0,0,2.33333333333333,0.125,0.121387283236994,0.272471098265896,0,0,0,0,0,0,0,0,0,0,0,0,0,0,0,0,0,0,0,0,0,0,0,0,0,0,0,0,0,0,0,0,0,0,3,3,1,21,0,0,0,0,,,0,0,0,0,0,0,0,0,0,0,0,0,,,,0,0,0,0,0,0,0,,0,0,0,0,0,0,0,,0,0,0,0,0,0,0,0,0,0,5.9,9.9
00-0032569,W.Lutz,Wil Lutz,K,SPEC,"https://static.www.nfl.com/image/upload/f_auto,q_auto/league/vcglg5vsgbiyggwibgy0",2025,10,REG,2025_10_LV_DEN,DEN,LV,0,0,0,0,0,0,0,0,0,0,0,0,,,0,,0,0,0,0,0,0,0,0,0,0,,0,0,0,0,0,0,0,0,0,0,0,0,0,0,,0,0,0,0,0,,0,0,0,0,0,0,0,0,0,0,0,0,0,0,0,0,0,0,0,0,0,0,0,0,0,0,0,0,0,0,0,0,0,0,0,0,0,0,0,0,0,1,2,1,0,32,0.5,0,0,1,0,0,0,0,0,0,0,1,0,32,59,,32,59,0,1,1,0,0,1,0,0,0,0,0,0,0,,0,0,0,0,0,0,0,0,0,0,0,0
00-0032580,J.Jones,Jonathan Jones,DB,DB,"https://static.www.nfl.com/image/upload/f_auto,q_auto/league/dtvgbbw3jqdekkq155hl",2025,10,REG,2025_10_DET_WAS,WAS,DET,0,0,0,0,0,0,0,0,0,0,0,0,,,0,,0,0,0,0,0,0,0,0,0,0,,0,0,0,0,0,0,0,0,0,0,0,0,0,0,,0,0,0,0,0,,0,0,0,0,4,0,0,0,0,0,0,0,0,0,0,1,0,0,0,0,0,0,0,0,0,0,0,0,0,0,0,0,0,0,0,0,0,0,0,0,0,0,0,0,0,,,0,0,0,0,0,0,0,0,0,0,0,0,,,,0,0,0,0,0,0,0,,0,0,0,0,0,0,0,,0,0,0,0,0,0,0,0,0,0,0,0
00-0032667,R.Robertson-Harris,Roy Robertson-Harris,DE,DL,"https://static.www.nfl.com/image/upload/f_auto,q_auto/league/gpsdbmoistqbc4dfdsak",2025,10,REG,2025_10_NYG_CHI,NYG,CHI,0,0,0,0,0,0,0,0,0,0,0,0,,,0,,0,0,0,0,0,0,0,0,0,0,,0,0,0,0,0,0,0,0,0,0,0,0,0,0,,0,0,0,0,0,,0,0,0,0,1,1,3,0,0,0,0,0,0,0,0,0,0,0,0,0,0,0,0,0,0,0,0,0,0,0,0,0,0,0,0,0,0,0,0,0,0,0,0,0,0,,,0,0,0,0,0,0,0,0,0,0,0,0,,,,0,0,0,0,0,0,0,,0,0,0,0,0,0,0,,0,0,0,0,0,0,0,0,0,0,0,0
00-0032688,R.Chosen,Robbie Chosen,WR,WR,"https://static.www.nfl.com/image/upload/f_auto,q_auto/league/kz2hbymqgrobo1uynciv",2025,10,REG,2025_10_DET_WAS,WAS,DET,0,0,0,0,0,0,0,0,0,0,0,0,,,0,,0,0,0,0,0,0,0,0,0,0,,0,0,0,0,0,1,4,17,0,0,0,90,0,1,-1.70780632284004,0,1,1,0,0,0.188888888888889,0.181818181818182,0.3125,0.491477272727273,0,0,0,0,0,0,0,0,0,0,0,0,0,0,0,0,0,0,0,0,0,0,0,0,0,0,0,0,0,0,0,0,0,0,0,0,0,0,0,0,0,0,,,0,0,0,0,0,0,0,0,0,0,0,0,,,,0,0,0,0,0,0,0,,0,0,0,0,0,0,0,,0,0,0,0,0,0,0,0,0,0,1.7,2.7
00-0032759,S.Rankins,Sheldon Rankins,DT,DL,"https://static.www.nfl.com/image/upload/f_auto,q_auto/league/fql7vunf3y9uladcpt4r",2025,10,REG,2025_10_JAX_HOU,HOU,JAX,0,0,0,0,0,0,0,0,0,0,0,0,,,0,,0,0,0,0,0,0,0,0,0,0,,0,0,0,0,0,0,0,0,0,0,0,0,0,0,,0,0,0,0,0,,0,0,0,0,0,0,1,0,0,0,0,0,0,0,0,0,0,0,0,0,0,0,0,0,0,0,0,1,32,1,0,0,0,0,0,0,0,0,0,0,0,0,0,0,0,,,0,0,0,0,0,0,0,0,0,0,0,0,,,,0,0,0,0,0,0,0,,0,0,0,0,0,0,0,,0,0,0,0,0,0,0,0,0,0,0,0
00-0032764,D.Henry,Derrick Henry,RB,RB,"https://static.www.nfl.com/image/upload/f_auto,q_auto/league/tm79x0iknqg6hms3ypyt",2025,10,REG,2025_10_BAL_MIN,BAL,MIN,0,0,0,0,0,0,0,0,0,0,0,0,,,0,,0,0,0,0,20,75,0,0,0,5,-2.37713748709382,0,2,2,0,0,3,3,9,0,0,0,-2,11,0,-0.680129135143943,0,0,0,0,0,-4.5,0.107142857142857,-0.0168067226890756,0.148949579831933,0,0,0,0,0,0,0,0,0,0,0,0,0,0,0,0,0,0,0,0,0,0,0,0,0,0,0,0,0,0,0,0,0,0,0,0,0,0,0,0,0,0,,,0,0,0,0,0,0,0,0,0,0,0,0,,,,0,0,0,0,0,0,0,,0,0,0,0,0,0,0,,0,0,0,0,0,0,0,0,0,0,8.4,11.4
00-0032775,D.Robinson,Demarcus Robinson,WR,WR,"https://static.www.nfl.com/image/upload/f_auto,q_auto/league/cokassoz2z7hb4wk2krh",2025,10,REG,2025_10_LA_SF,SF,LA,0,0,0,0,0,0,0,0,0,0,0,0,,,0,,0,0,0,0,0,0,0,0,0,0,,0,0,0,0,0,3,4,34,0,0,0,66,0,2,0.405430029204581,0,2,0,0,0,0.515151515151515,0.102564102564103,0.234042553191489,0.317675941080196,0,0,0,0,0,0,0,0,0,0,0,0,0,0,0,0,0,0,0,0,0,0,0,0,0,0,0,0,0,0,0,0,0,0,0,0,0,0,0,0,0,0,,,0,0,0,0,0,0,0,0,0,0,0,0,,,,0,0,0,0,0,0,0,,0,0,0,0,0,0,0,,0,0,0,0,0,0,0,0,0,0,3.4,6.4
00-0032889,A.Robinson,A'Shawn Robinson,DT,DL,"https://static.www.nfl.com/image/upload/f_auto,q_auto/league/xmh5jhuoelkynsubtjrz",2025,10,REG,2025_10_NO_CAR,CAR,NO,0,0,0,0,0,0,0,0,0,0,0,0,,,0,,0,0,0,0,0,0,0,0,0,0,,0,0,0,0,0,0,0,0,0,0,0,0,0,0,,0,0,0,0,0,,0,0,0,0,2,0,2,0,0,0,0,0,0,0,0,0,0,0,0,0,0,0,0,0,0,0,0,0,0,0,0,0,0,0,0,0,0,0,0,0,0,0,0,0,0,,,0,0,0,0,0,0,0,0,0,0,0,0,,,,0,0,0,0,0,0,0,,0,0,0,0,0,0,0,,0,0,0,0,0,0,0,0,0,0,0,0
00-0032918,C.Ham,C.J. Ham,FB,RB,"https://static.www.nfl.com/image/upload/f_auto,q_auto/league/evssvutwjy6szq7dpelm",2025,10,REG,2025_10_BAL_MIN,MIN,BAL,0,0,0,0,0,0,0,0,0,0,0,0,,,0,,0,0,0,0,0,0,0,0,0,0,,0,0,0,0,0,0,0,0,0,0,0,0,0,0,,0,0,0,0,0,,0,0,0,0,1,0,1,0,0,0,0,0,0,0,0,0,0,0,0,0,0,0,0,0,0,0,0,0,0,0,0,0,0,0,0,0,0,0,0,0,0,0,0,0,0,,,0,0,0,0,0,0,0,0,0,0,0,0,,,,0,0,0,0,0,0,0,,0,0,0,0,0,0,0,,0,0,0,0,0,0,0,0,0,0,0,0
00-0032933,A.Hamilton,Antonio Hamilton,CB,DB,"https://static.www.nfl.com/image/upload/f_auto,q_auto/league/jucipnhasypnasymoqxf",2025,10,REG,2025_10_DET_WAS,WAS,DET,0,0,0,0,0,0,0,0,0,0,0,0,,,0,,0,0,0,0,0,0,0,0,0,0,,0,0,0,0,0,0,0,0,0,0,0,0,0,0,,0,0,0,0,0,,0,0,0,0,1,0,1,0,0,0,0,0,0,0,0,0,0,0,0,0,0,0,0,0,0,0,0,0,0,0,0,0,0,0,0,0,0,0,0,0,0,0,0,0,0,,,0,0,0,0,0,0,0,0,0,0,0,0,,,,0,0,0,0,0,0,0,,0,0,0,0,0,0,0,,0,0,0,0,0,0,0,0,0,0,0,0
00-0032943,R.Dixon,Riley Dixon,P,SPEC,"https://static.www.nfl.com/image/upload/f_auto,q_auto/league/wcwfdojcfj0i6y1rb5jn",2025,10,REG,2025_10_NE_TB,TB,NE,0,0,0,0,0,0,0,0,0,0,0,0,,,0,,0,0,0,0,0,0,0,0,0,0,,0,0,0,0,0,0,0,0,0,0,0,0,0,0,,0,0,0,0,0,,0,0,0,0,0,0,0,0,0,0,0,0,0,0,0,0,0,0,0,0,0,0,0,0,0,0,0,0,0,0,0,0,0,0,0,0,0,0,0,0,0,0,0,0,0,,,0,0,0,0,0,0,0,0,0,0,0,0,,,,0,0,0,0,0,0,0,,0,0,0,0,0,6,0,50,258,2,0,0,1,2,3,3,0,235,0,0
00-0032951,L.Treadwell,Laquon Treadwell,WR,WR,"https://static.www.nfl.com/image/upload/f_auto,q_auto/league/xspi3oy2wlnszorzn6vk",2025,10,REG,2025_10_ATL_IND,IND,ATL,0,0,0,0,0,0,0,0,0,0,0,0,,,0,,0,0,0,0,0,0,0,0,0,0,,0,0,0,0,0,0,0,0,0,0,0,0,0,0,,0,0,0,0,0,,0,0,0,0,1,0,0,0,0,0,0,0,0,0,0,0,0,0,0,0,0,0,0,0,0,0,0,0,0,0,0,0,0,0,0,0,0,0,0,0,0,0,0,0,0,,,0,0,0,0,0,0,0,0,0,0,0,0,,,,0,0,0,0,0,0,0,,0,0,0,0,0,0,0,,0,0,0,0,0,0,0,0,0,0,0,0
00-0033010,S.Day,Sheldon Day,DT,DL,"https://static.www.nfl.com/image/upload/f_auto,q_auto/league/cxw7fnka7letqbn7e1h3",2025,10,REG,2025_10_DET_WAS,WAS,DET,0,0,0,0,0,0,0,0,0,0,0,0,,,0,,0,0,0,0,0,0,0,0,0,0,,0,0,0,0,0,0,0,0,0,0,0,0,0,0,,0,0,0,0,0,,0,0,0,0,1,0,2,0,0,0,0,0,1,0,0,0,0,0,0,0,0,0,0,0,0,0,0,0,0,0,0,0,0,0,0,0,0,0,0,0,0,0,0,0,0,,,0,0,0,0,0,0,0,0,0,0,0,0,,,,0,0,0,0,0,0,0,,0,0,0,0,0,0,0,,0,0,0,0,0,0,0,0,0,0,0,0
00-0033051,D.Onyemata,David Onyemata,DT,DL,"https://static.www.nfl.com/image/upload/f_auto,q_auto/league/tl0jr4mxarpbmvu3tho9",2025,10,REG,2025_10_ATL_IND,ATL,IND,0,0,0,0,0,0,0,0,0,0,0,0,,,0,,0,0,0,0,0,0,0,0,0,0,,0,0,0,0,0,0,0,0,0,0,0,0,0,0,,0,0,0,0,0,,0,0,0,0,4,0,3,0,0,0,0,0,0,0,0,0,0,0,0,0,0,0,0,0,0,0,0,0,0,0,0,0,0,0,0,0,0,0,0,0,0,0,0,0,0,,,0,0,0,0,0,0,0,0,0,0,0,0,,,,0,0,0,0,0,0,0,,0,0,0,0,0,0,0,,0,0,0,0,0,0,0,0,0,0,0,0
00-0033055,J.Ramsey,Jalen Ramsey,CB,DB,"https://static.www.nfl.com/image/upload/f_auto,q_auto/league/pjozgun3xstol72jfoow",2025,10,REG,2025_10_PIT_LAC,PIT,LAC,0,0,0,0,0,0,0,0,0,0,0,0,,,0,,0,0,0,0,0,0,0,0,0,0,,0,0,0,0,0,0,0,0,0,0,0,0,0,0,,0,0,0,0,0,,0,0,0,0,4,0,4,0,0,0,0,0,0,0,0,0,0,0,0,0,0,0,0,0,0,0,0,0,0,0,0,0,0,0,0,0,0,0,0,0,0,0,0,0,0,,,0,0,0,0,0,0,0,0,0,0,0,0,,,,0,0,0,0,0,0,0,,0,0,0,0,0,0,0,,0,0,0,0,0,0,0,0,0,0,0,0
00-0033057,J.Conklin,Jack Conklin,OT,OL,"https://static.www.nfl.com/image/upload/f_auto,q_auto/league/n8bh3p91qk6myrjqmast",2025,10,REG,2025_10_CLE_NYJ,CLE,NYJ,0,0,0,0,0,0,0,0,0,0,0,0,,,0,,0,0,0,0,0,0,0,0,0,0,,0,0,0,0,0,0,0,0,0,0,0,0,0,0,,0,0,0,0,0,,0,0,0,0,0,0,0,0,0,0,0,0,0,0,0,0,0,0,0,0,0,0,0,0,0,0,0,0,0,0,1,15,0,0,0,0,0,0,0,0,0,0,0,0,0,,,0,0,0,0,0,0,0,0,0,0,0,0,,,,0,0,0,0,0,0,0,,0,0,0,0,0,0,0,,0,0,0,0,0,0,0,0,0,0,0,0
00-0033066,A.Billings,Andrew Billings,DT,DL,"https://static.www.nfl.com/image/upload/f_auto,q_auto/league/fh7q0h96fesyveoomjps",2025,10,REG,2025_10_NYG_CHI,CHI,NYG,0,0,0,0,0,0,0,0,0,0,0,0,,,0,,0,0,0,0,0,0,0,0,0,0,,0,0,0,0,0,0,0,0,0,0,0,0,0,0,,0,0,0,0,0,,0,0,0,0,4,0,0,2,2,0,0,0,0,0,0,0,0,0,0,0,0,0,0,0,0,0,0,0,0,0,0,0,0,0,0,0,0,0,0,0,0,0,0,0,0,,,0,0,0,0,0,0,0,0,0,0,0,0,,,,0,0,0,0,0,0,0,,0,0,0,0,0,0,0,,0,0,0,0,0,0,0,0,0,0,0,0
00-0033090,H.Henry,Hunter Henry,TE,TE,"https://static.www.nfl.com/image/upload/f_auto,q_auto/league/cvlunbqgztudbhjrug7l",2025,10,REG,2025_10_NE_TB,NE,TB,0,0,0,0,0,0,0,0,0,0,0,0,,,0,,0,0,0,0,0,0,0,0,0,0,,0,0,0,0,0,1,4,9,0,0,0,38,12,0,-2.18995189288398,0,0,0,0,0,0.236842105263158,0.137931034482759,0.108571428571429,0.282896551724138,0,0,0,0,0,0,0,0,0,0,0,0,0,0,0,0,0,0,0,0,0,0,0,0,0,0,0,0,0,0,0,0,0,0,0,0,0,0,0,0,0,0,,,0,0,0,0,0,0,0,0,0,0,0,0,,,,0,0,0,0,0,0,0,,0,0,0,0,0,0,0,,0,0,0,0,0,0,0,0,0,0,0.9,1.9
00-0033093,J.Bullard,Jonathan Bullard,DE,DL,"https://static.www.nfl.com/image/upload/f_auto,q_auto/league/xbebftotzf6hrqfrfnah",2025,10,REG,2025_10_NO_CAR,NO,CAR,0,0,0,0,0,0,0,0,0,0,0,0,,,0,,0,0,0,0,0,0,0,0,0,0,,0,0,0,0,0,0,0,0,0,0,0,0,0,0,,0,0,0,0,0,,0,0,0,0,0,0,1,0,0,0,0,0,0,0,0,1,0,0,0,0,0,0,0,0,0,0,0,0,0,0,0,0,0,0,0,0,0,0,0,0,0,0,0,0,0,,,0,0,0,0,0,0,0,0,0,0,0,0,,,,0,0,0,0,0,0,0,,0,0,0,0,0,0,0,,0,0,0,0,0,0,0,0,0,0,0,0
00-0033106,J.Goff,Jared Goff,QB,QB,"https://static.www.nfl.com/image/upload/f_auto,q_auto/league/kaicbot8qhzrvddilbtp",2025,10,REG,2025_10_DET_WAS,DET,WAS,25,33,320,3,0,0,0,0,0,163,192,19,25.3436270366447,14.4912736614545,0,1.96319018404908,16,6,2,1,0,0,0,0,0,0,,0,0,0,0,0,0,0,0,0,0,0,0,0,0,,0,0,0,0,0,,0,0,0,0,0,0,0,0,0,0,0,0,0,0,0,0,0,0,0,0,0,0,0,0,0,0,0,0,0,0,0,0,0,0,0,0,0,0,0,0,0,0,0,0,0,,,0,0,0,0,0,0,0,0,0,0,0,0,,,,0,0,0,0,0,0,0,,0,0,0,0,0,0,0,,0,0,0,0,0,0,0,0,0,0,24.8,24.8
00-0033109,J.Hargrave,Javon Hargrave,NT,DL,"https://static.www.nfl.com/image/upload/f_auto,q_auto/league/lfk4hghl74egnyztqxbn",2025,10,REG,2025_10_BAL_MIN,MIN,BAL,0,0,0,0,0,0,0,0,0,0,0,0,,,0,,0,0,0,0,0,0,0,0,0,0,,0,0,0,0,0,0,0,0,0,0,0,0,0,0,,0,0,0,0,0,,0,0,0,0,1,0,0,0,0,0,0,0,0,0,0,0,0,0,0,0,0,0,0,0,0,0,0,0,0,0,0,0,0,0,0,0,0,0,0,0,0,0,0,0,0,,,0,0,0,0,0,0,0,0,0,0,0,0,,,,0,0,0,0,0,0,0,,0,0,0,0,0,0,0,,0,0,0,0,0,0,0,0,0,0,0,0
00-0033110,T.Higbee,Tyler Higbee,TE,TE,"https://static.www.nfl.com/image/upload/f_auto,q_auto/league/x1d4osiefibd04df6gow",2025,10,REG,2025_10_LA_SF,LA,SF,0,0,0,0,0,0,0,0,0,0,0,0,,,0,,0,0,0,0,0,0,0,0,0,0,,0,0,0,0,0,3,3,33,0,0,0,11,22,2,3.32567793567432,0,2,0,0,0,3,0.0882352941176471,0.0331325301204819,0.155545712260808,0,0,0,0,0,0,0,0,0,0,0,0,0,0,0,0,0,0,0,0,0,0,0,0,0,0,0,0,0,0,0,0,0,0,0,0,0,0,0,0,0,0,,,0,0,0,0,0,0,0,0,0,0,0,0,,,,0,0,0,0,0,0,0,,0,0,0,0,0,0,0,,0,0,0,0,0,0,0,0,0,0,3.3,6.3
00-0033119,J.Brissett,Jacoby Brissett,QB,QB,"https://static.www.nfl.com/image/upload/f_auto,q_auto/league/qjswiunczrn5xmdiqhlz",2025,10,REG,2025_10_ARI_SEA,ARI,SEA,22,44,258,2,0,5,-52,2,2,324,119,13,-11.8719591520929,-9.89091832970464,1,0.796296296296296,11,5,3,0,4,31,0,0,0,1,1.97400819777977,0,1,1,0,0,0,0,0,0,0,0,0,0,0,,0,0,0,0,0,,0,0,0,0,0,0,0,0,0,0,0,0,0,0,0,0,0,0,0,0,0,0,0,0,0,0,0,0,0,0,0,0,2,0,0,2,2,0,0,0,0,0,0,0,0,,,0,0,0,0,0,0,0,0,0,0,0,0,,,,0,0,0,0,0,0,0,,0,0,0,0,0,0,0,,0,0,0,0,0,0,0,0,0,0,19.42,19.42
00-0033131,M.Collins,Maliek Collins,DT,DL,"https://static.www.nfl.com/image/upload/f_auto,q_auto/league/tjyv74ytq62fprrfnjrv",2025,10,REG,2025_10_CLE_NYJ,CLE,NYJ,0,0,0,0,0,0,0,0,0,0,0,0,,,0,,0,0,0,0,0,0,0,0,0,0,,0,0,0,0,0,0,0,0,0,0,0,0,0,0,,0,0,0,0,0,,0,0,0,0,1,1,1,1,1,0,0.5,1,1,0,0,0,0,0,0,0,0,0,0,0,0,0,0,0,0,0,1,5,0,0,0,0,0,0,0,0,0,0,0,0,0,,,0,0,0,0,0,0,0,0,0,0,0,0,,,,0,0,0,0,0,0,0,,0,0,0,0,0,0,0,,0,0,0,0,0,0,0,0,0,0,0,0
00-0033132,K.Byard,Kevin Byard,FS,DB,"https://static.www.nfl.com/image/upload/f_auto,q_auto/league/b11d1p9hvxgvobcqaiud",2025,10,REG,2025_10_NYG_CHI,CHI,NYG,0,0,0,0,0,0,0,0,0,0,0,0,,,0,,0,0,0,0,0,0,0,0,0,0,,0,0,0,0,0,0,0,0,0,0,0,0,0,0,,0,0,0,0,0,,0,0,0,0,5,0,1,0,0,0,0,0,0,0,0,0,0,0,0,0,0,0,0,0,0,0,0,0,0,0,0,0,0,0,0,0,0,0,0,0,0,0,0,0,0,,,0,0,0,0,0,0,0,0,0,0,0,0,,,,0,0,0,0,0,0,0,,0,0,0,0,0,0,0,,0,0,0,0,0,0,0,0,0,0,0,0
00-0033156,J.Bosa,Joey Bosa,DE,DL,"https://static.www.nfl.com/image/upload/f_auto,q_auto/league/soo7a4n5mxia4iky4so8",2025,10,REG,2025_10_BUF_MIA,BUF,MIA,0,0,0,0,0,0,0,0,0,0,0,0,,,0,,0,0,0,0,0,0,0,0,0,0,,0,0,0,0,0,0,0,0,0,0,0,0,0,0,,0,0,0,0,0,,0,0,0,0,4,0,0,2,7,0,0,0,0,0,0,0,0,0,0,0,0,0,0,0,0,0,0,0,0,0,0,0,0,0,0,0,0,0,0,0,0,0,0,0,0,,,0,0,0,0,0,0,0,0,0,0,0,0,,,,0,0,0,0,0,0,0,,0,0,0,0,0,0,0,,0,0,0,0,0,0,0,0,0,0,0,0
00-0033217,M.Alie-Cox,Mo Alie-Cox,TE,TE,"https://static.www.nfl.com/image/upload/f_auto,q_auto/league/ivdxijcqlhfwsydxh6ox",2025,10,REG,2025_10_ATL_IND,IND,ATL,0,0,0,0,0,0,0,0,0,0,0,0,,,0,,0,0,0,0,0,0,0,0,0,0,,0,0,0,0,0,0,1,0,0,0,0,15,0,0,-1.40199472731911,0,0,0,0,0,0,0.0384615384615385,0.0717703349282297,0.107931542142068,0,0,0,0,0,0,0,0,0,0,0,0,0,0,0,0,0,0,0,0,0,0,0,0,0,0,0,0,0,0,0,0,0,0,0,0,0,0,0,0,0,0,,,0,0,0,0,0,0,0,0,0,0,0,0,,,,0,0,0,0,0,0,0,,0,0,0,0,0,0,0,,0,0,0,0,0,0,0,0,0,0,0,0
00-0033246,J.Mundt,Johnny Mundt,TE,TE,"https://static.www.nfl.com/image/upload/f_auto,q_auto/league/gbsnomwbzavt5124vvaz",2025,10,REG,2025_10_JAX_HOU,JAX,HOU,0,0,0,0,0,0,0,0,0,0,0,0,,,0,,0,0,0,0,0,0,0,0,0,0,,0,0,0,0,0,1,2,21,0,0,0,15,21,1,2.40320986218285,0,1,1,1,0,1.4,0.0869565217391304,0.102739726027397,0.202352590827874,0,0,0,0,0,0,0,0,0,0,0,0,0,0,0,0,0,0,0,0,0,0,0,0,0,0,0,0,0,0,0,0,0,0,0,0,0,0,0,0,0,0,,,0,0,0,0,0,0,0,0,0,0,0,0,,,,0,0,0,0,0,0,0,,0,0,0,0,0,0,0,,0,0,0,0,0,0,0,0,0,0,2.1,3.1
00-0033260,T.Hennessy,Thomas Hennessy,LS,SPEC,"https://static.www.nfl.com/image/upload/f_auto,q_auto/league/dzwef96yf2ovfdcppbmo",2025,10,REG,2025_10_CLE_NYJ,NYJ,CLE,0,0,0,0,0,0,0,0,0,0,0,0,,,0,,0,0,0,0,0,0,0,0,0,0,,0,0,0,0,0,0,0,0,0,0,0,0,0,0,,0,0,0,0,0,,0,0,0,0,1,0,0,0,0,0,0,0,0,0,0,0,0,0,0,0,0,0,0,0,0,0,0,0,0,0,0,0,0,0,0,0,0,0,0,0,0,0,0,0,0,,,0,0,0,0,0,0,0,0,0,0,0,0,,,,0,0,0,0,0,0,0,,0,0,0,0,0,0,0,,0,0,0,0,0,0,0,0,0,0,0,0
00-0033269,R.Sanchez,Rigoberto Sanchez,P,SPEC,"https://static.www.nfl.com/image/upload/f_auto,q_auto/league/i3hjsasd97k3y3z0inc6",2025,10,REG,2025_10_ATL_IND,IND,ATL,0,0,0,0,0,0,0,0,0,0,0,0,,,0,,0,0,0,0,0,0,0,0,0,0,,0,0,0,0,0,0,0,0,0,0,0,0,0,0,,0,0,0,0,0,,0,0,0,0,0,0,0,0,0,0,0,0,0,0,0,0,0,0,0,0,0,0,0,0,0,0,0,0,0,0,0,0,0,0,0,0,0,0,0,0,0,0,0,0,0,,,0,0,0,0,0,0,0,0,0,0,0,0,,,,0,0,0,0,0,0,0,,0,0,0,0,0,1,0,44,44,0,0,0,0,1,0,0,0,44,0,0
00-0033280,C.McCaffrey,Christian McCaffrey,RB,RB,"https://static.www.nfl.com/image/upload/f_auto,q_auto/league/st82s2ytyzanatcmkqck",2025,10,REG,2025_10_LA_SF,SF,LA,0,0,0,0,0,0,0,0,0,0,0,0,,,0,,0,0,0,0,12,30,0,0,0,3,-5.95112107793102,0,0,0,0,0,8,10,66,0,0,0,28,43,3,1.10796495253453,0,2,1,0,0,2.35714285714286,0.256410256410256,0.099290780141844,0.454118930714675,0,0,0,0,0,0,0,0,0,0,0,0,0,0,0,0,0,0,0,0,0,0,0,0,0,0,0,0,0,0,0,0,0,0,0,0,0,0,0,0,0,0,,,0,0,0,0,0,0,0,0,0,0,0,0,,,,0,0,0,0,0,0,0,,0,0,0,0,0,0,0,,0,0,0,0,0,0,0,0,0,0,9.6,17.6
00-0033281,M.Humphrey,Marlon Humphrey,CB,DB,"https://static.www.nfl.com/image/upload/f_auto,q_auto/league/zru6ellib9fzob6zq5c3",2025,10,REG,2025_10_BAL_MIN,BAL,MIN,0,0,0,0,0,0,0,0,0,0,0,0,,,0,,0,0,0,0,0,0,0,0,0,0,,0,0,0,0,0,0,0,0,0,0,0,0,0,0,,0,0,0,0,0,,0,0,0,0,2,0,2,0,0,0,0,0,0,1,27,1,0,0,0,0,0,0,0,0,0,0,0,0,0,0,0,0,0,0,0,0,0,0,0,0,0,0,0,0,0,,,0,0,0,0,0,0,0,0,0,0,0,0,,,,0,0,0,0,0,0,0,,0,0,0,0,0,0,0,,0,0,0,0,0,0,0,0,0,0,0,0
00-0033282,C.Samuel,Curtis Samuel,WR,WR,"https://static.www.nfl.com/image/upload/f_auto,q_auto/league/vyibrxegz375ntjby5zs",2025,10,REG,2025_10_BUF_MIA,BUF,MIA,0,0,0,0,0,0,0,0,0,0,0,0,,,0,,0,0,0,0,0,0,0,0,0,0,,0,0,0,0,0,1,1,21,0,0,0,16,5,1,3.13034669891931,0,1,1,1,0,1.3125,0.0256410256410256,0.0396039603960396,0.0661843107387662,0,0,0,0,0,0,0,0,0,0,0,0,0,0,0,0,0,0,0,0,0,0,0,0,0,0,0,0,0,0,0,0,0,0,0,0,1,19,0,0,0,0,,,0,0,0,0,0,0,0,0,0,0,0,0,,,,0,0,0,0,0,0,0,,0,0,0,0,0,0,0,,0,0,0,0,0,0,0,0,0,0,2.1,3.1
00-0033288,G.Kittle,George Kittle,TE,TE,"https://static.www.nfl.com/image/upload/f_auto,q_auto/league/vkicdglglkyukgyxtmpx",2025,10,REG,2025_10_LA_SF,SF,LA,0,0,0,0,0,0,0,0,0,0,0,0,,,0,,0,0,0,0,0,0,0,0,0,0,,0,0,0,0,0,9,9,84,1,0,0,55,29,4,9.31257241894491,0,4,1,1,0,1.52727272727273,0.230769230769231,0.195035460992908,0.482678668848882,0,1,0,0,0,0,0,0,0,0,0,0,0,0,0,0,0,0,0,0,0,0,0,0,0,0,0,0,0,0,0,0,0,0,0,0,0,0,0,0,0,0,,,0,0,0,0,0,0,0,0,0,0,0,0,,,,0,0,0,0,0,0,0,,0,0,0,0,0,0,0,,0,0,0,0,0,0,0,0,0,0,14.4,23.4
00-0033293,A.Jones,Aaron Jones,RB,RB,"https://static.www.nfl.com/image/upload/f_auto,q_auto/league/bktkfvgfwujkdbzkcfim",2025,10,REG,2025_10_BAL_MIN,MIN,BAL,0,0,0,0,0,0,0,0,0,0,0,0,,,0,,0,0,0,0,9,47,1,0,0,3,-0.057009290845599,0,2,1,0,0,3,6,22,0,0,0,1,24,1,-2.54842787259258,0,1,0,0,0,22,0.146341463414634,0.00218340611353712,0.221040579401427,0,0,0,1,0,0,0,0,0,0,0,0,0,0,0,0,0,0,0,0,0,0,0,0,0,0,0,0,0,0,0,0,0,0,0,0,0,0,0,0,0,0,,,0,0,0,0,0,0,0,0,0,0,0,0,,,,0,0,0,0,0,0,0,,0,0,0,0,0,0,0,,0,0,0,0,0,0,0,0,0,0,12.9,15.9
00-0033297,D.Jones,D.J. Jones,DT,DL,"https://static.www.nfl.com/image/upload/f_auto,q_auto/league/ft4g8bxpn85mshqvp4lj",2025,10,REG,2025_10_LV_DEN,DEN,LV,0,0,0,0,0,0,0,0,0,0,0,0,,,0,,0,0,0,0,0,0,0,0,0,0,,0,0,0,0,0,0,0,0,0,0,0,0,0,0,,0,0,0,0,0,,0,0,0,0,0,0,1,0,0,0,0,0,0,0,0,0,0,0,0,0,0,0,0,0,0,0,0,0,0,0,0,0,0,0,0,0,0,0,0,0,0,0,0,0,0,,,0,0,0,0,0,0,0,0,0,0,0,0,,,,0,0,0,0,0,0,0,,0,0,0,0,0,0,0,,0,0,0,0,0,0,0,0,0,0,0,0
00-0033307,K.Bourne,Kendrick Bourne,WR,WR,"https://static.www.nfl.com/image/upload/f_auto,q_auto/league/yzfa94cmhpcqamrwzdzk",2025,10,REG,2025_10_LA_SF,SF,LA,0,0,0,0,0,0,0,0,0,0,0,0,,,0,,0,0,0,0,0,0,0,0,0,0,,0,0,0,0,0,1,1,19,0,0,0,18,1,1,1.25849523919169,0,1,1,0,0,1.05555555555556,0.0256410256410256,0.0638297872340426,0.0831423895253682,0,0,0,0,0,0,0,0,0,0,0,0,0,0,0,0,0,0,0,0,0,0,0,0,0,0,0,0,0,0,0,0,0,0,0,0,0,0,0,0,0,0,,,0,0,0,0,0,0,0,0,0,0,0,0,,,,0,0,0,0,0,0,0,,0,0,0,0,0,0,0,,0,0,0,0,0,0,0,0,0,0,1.9,2.9
00-0033336,E.Wilson,Eric Wilson,LB,LB,"https://static.www.nfl.com/image/upload/f_auto,q_auto/league/xp5tifhe6rxrdz4rsm2f",2025,10,REG,2025_10_BAL_MIN,MIN,BAL,0,0,0,0,0,0,0,0,0,0,0,0,,,0,,0,0,0,0,0,0,0,0,0,0,,0,0,0,0,0,0,0,0,0,0,0,0,0,0,,0,0,0,0,0,,0,0,0,0,4,1,1,1,2,1,0,0,0,0,0,0,0,0,0,0,0,0,0,0,0,0,0,0,0,0,0,0,0,0,0,0,0,0,0,0,0,0,0,0,0,,,0,0,0,0,0,0,0,0,0,0,0,0,,,,0,0,0,0,0,0,0,,0,0,0,0,0,0,0,,0,0,0,0,0,0,0,0,0,0,0,0
00-0033357,T.Hill,Taysom Hill,TE,TE,"https://static.www.nfl.com/image/upload/f_auto,q_auto/league/q8itjlocg5do60qat4l3",2025,10,REG,2025_10_NO_CAR,NO,CAR,0,1,0,0,0,0,0,0,0,-3,0,0,-0.574528492288664,,0,0,0,0,0,0,7,20,0,0,0,3,1.46979304985143,0,0,0,0,0,0,1,0,0,0,0,2,0,0,-1.51060366909951,0,0,0,0,0,0,0.0384615384615385,0.0078125,0.0631610576923077,0,0,0,0,0,0,0,0,0,0,0,0,0,0,0,0,0,0,0,0,0,0,0,0,0,0,0,0,0,0,0,0,0,0,0,0,0,0,0,0,0,0,,,0,0,0,0,0,0,0,0,0,0,0,0,,,,0,0,0,0,0,0,0,,0,0,0,0,0,0,0,,0,0,0,0,0,0,0,0,0,0,2,2
00-0033376,P.Ricard,Patrick Ricard,RB,RB,"https://static.www.nfl.com/image/upload/f_auto,q_auto/league/nm7ezh46zd5bdxaxz6a9",2025,10,REG,2025_10_BAL_MIN,BAL,MIN,0,0,0,0,0,0,0,0,0,0,0,0,,,0,,0,0,0,0,1,3,0,0,0,1,0.510267380392179,0,0,0,0,0,0,0,0,0,0,0,0,0,0,,0,0,0,0,0,,0,0,0,0,0,0,0,0,0,0,0,0,0,0,0,0,0,0,0,0,0,0,0,0,0,0,0,0,0,0,0,0,0,0,0,0,0,0,0,0,0,0,0,0,0,,,0,0,0,0,0,0,0,0,0,0,0,0,,,,0,0,0,0,0,0,0,,0,0,0,0,0,0,0,,0,0,0,0,0,0,0,0,0,0,0.3,0.3
00-0033381,A.Butler,Adam Butler,DT,DL,"https://static.www.nfl.com/image/upload/f_auto,q_auto/league/lhf00svlch3ueul8msuq",2025,10,REG,2025_10_LV_DEN,LV,DEN,0,0,0,0,0,0,0,0,0,0,0,0,,,0,,0,0,0,0,0,0,0,0,0,0,,0,0,0,0,0,0,0,0,0,0,0,0,0,0,,0,0,0,0,0,,0,0,0,0,2,0,0,1,9,0,1,9,1,0,0,0,0,0,0,0,0,0,0,0,0,0,0,0,0,0,0,0,0,0,0,0,0,0,0,0,0,0,0,0,0,,,0,0,0,0,0,0,0,0,0,0,0,0,,,,0,0,0,0,0,0,0,,0,0,0,0,0,0,0,,0,0,0,0,0,0,0,0,0,0,0,0
00-0033393,K.Moore,Kenny Moore II,CB,DB,"https://static.www.nfl.com/image/private/f_auto,q_auto/league/ji3hdoi86xonnhxlr6gl",2025,10,REG,2025_10_ATL_IND,IND,ATL,0,0,0,0,0,0,0,0,0,0,0,0,,,0,,0,0,0,0,0,0,0,0,0,0,,0,0,0,0,0,0,0,0,0,0,0,0,0,0,,0,0,0,0,0,,0,0,0,0,2,0,0,0,0,0,0,0,0,0,0,0,0,0,0,0,0,0,0,0,0,0,0,0,0,0,0,0,0,0,0,0,0,0,0,0,0,0,0,0,0,,,0,0,0,0,0,0,0,0,0,0,0,0,,,,0,0,0,0,0,0,0,,0,0,0,0,0,0,0,,0,0,0,0,0,0,0,0,0,0,0,0
00-0033503,A.Maulet,Arthur Maulet,CB,DB,"https://static.www.nfl.com/image/upload/f_auto,q_auto/league/aubd7y8fpt8tdx3tci9t",2025,10,REG,2025_10_DET_WAS,DET,WAS,0,0,0,0,0,0,0,0,0,0,0,0,,,0,,0,0,0,0,0,0,0,0,0,0,,0,0,0,0,0,0,0,0,0,0,0,0,0,0,,0,0,0,0,0,,0,0,0,0,2,0,1,0,0,0,0,0,0,0,0,1,0,0,0,0,0,0,0,0,0,0,0,0,0,0,0,0,0,0,0,0,0,0,0,0,0,0,0,0,0,,,0,0,0,0,0,0,0,0,0,0,0,0,,,,0,0,0,0,0,0,0,,0,0,0,0,0,0,0,,0,0,0,0,0,0,0,0,0,0,0,0
00-0033523,J.Allen,Jonathan Allen,DE,DL,"https://static.www.nfl.com/image/upload/f_auto,q_auto/league/pkrndcps9i443i4wyshq",2025,10,REG,2025_10_BAL_MIN,MIN,BAL,0,0,0,0,0,0,0,0,0,0,0,0,,,0,,0,0,0,0,0,0,0,0,0,0,,0,0,0,0,0,0,0,0,0,0,0,0,0,0,,0,0,0,0,0,,0,0,0,0,4,0,0,2,9,0,1,7,1,0,0,0,0,0,0,0,0,0,0,0,0,0,0,0,0,0,0,0,0,0,0,0,0,0,0,0,0,0,0,0,0,,,0,0,0,0,0,0,0,0,0,0,0,0,,,,0,0,0,0,0,0,0,,0,0,0,0,0,0,0,,0,0,0,0,0,0,0,0,0,0,0,0
00-0033546,D.Tomlinson,Dalvin Tomlinson,DE,DL,"https://static.www.nfl.com/image/upload/f_auto,q_auto/league/r3vkktytoghvtrua64hg",2025,10,REG,2025_10_ARI_SEA,ARI,SEA,0,0,0,0,0,0,0,0,0,0,0,0,,,0,,0,0,0,0,0,0,0,0,0,0,,0,0,0,0,0,0,0,0,0,0,0,0,0,0,,0,0,0,0,0,,0,0,0,0,3,0,1,0,0,0,0,0,0,0,0,0,0,0,0,0,0,0,0,0,0,0,0,0,0,0,0,0,0,0,0,0,0,0,0,0,0,0,0,0,0,,,0,0,0,0,0,0,0,0,0,0,0,0,,,,0,0,0,0,0,0,0,,0,0,0,0,0,0,0,,0,0,0,0,0,0,0,0,0,0,0,0
00-0033548,C.Awuzie,Chidobe Awuzie,CB,DB,"https://static.www.nfl.com/image/upload/f_auto,q_auto/league/o7hb0bwvyuymmsknlubx",2025,10,REG,2025_10_BAL_MIN,BAL,MIN,0,0,0,0,0,0,0,0,0,0,0,0,,,0,,0,0,0,0,0,0,0,0,0,0,,0,0,0,0,0,0,0,0,0,0,0,0,0,0,,0,0,0,0,0,,0,0,0,0,0,0,0,0,0,0,0,0,1,0,0,1,0,0,0,0,0,0,0,0,0,0,0,0,0,0,1,38,0,0,0,0,0,0,0,0,0,0,0,0,0,,,0,0,0,0,0,0,0,0,0,0,0,0,,,,0,0,0,0,0,0,0,,0,0,0,0,0,0,0,,0,0,0,0,0,0,0,0,0,0,0,0
00-0033555,M.Hollins,Mack Hollins,WR,WR,"https://static.www.nfl.com/image/upload/f_auto,q_auto/league/qbz7whjzsittudcecezw",2025,10,REG,2025_10_NE_TB,NE,TB,0,0,0,0,0,0,0,0,0,0,0,0,,,0,,0,0,0,0,0,0,0,0,0,0,,0,0,0,0,0,6,10,106,0,0,0,149,18,4,1.29311862942996,0,4,1,1,1,0.711409395973154,0.344827586206897,0.425714285714286,0.815241379310345,0,0,0,0,0,0,0,0,0,0,0,0,0,0,0,0,0,0,0,0,0,0,0,0,0,0,0,0,0,0,0,0,0,0,0,0,0,0,0,0,0,0,,,0,0,0,0,0,0,0,0,0,0,0,0,,,,0,0,0,0,0,0,0,,0,0,0,0,0,0,0,,0,0,0,0,0,0,0,0,0,0,10.6,16.6
00-0033571,M.Milano,Matt Milano,OLB,LB,"https://static.www.nfl.com/image/upload/f_auto,q_auto/league/ikmvrrbegypwn8wejcge",2025,10,REG,2025_10_BUF_MIA,BUF,MIA,0,0,0,0,0,0,0,0,0,0,0,0,,,0,,0,0,0,0,0,0,0,0,0,0,,0,0,0,0,0,0,0,0,0,0,0,0,0,0,,0,0,0,0,0,,0,0,0,0,1,0,3,0,0,0,0,0,0,0,0,0,0,0,0,0,0,0,0,0,0,0,0,0,0,0,0,0,0,0,0,0,0,0,0,0,0,0,0,0,0,,,0,0,0,0,0,0,0,0,0,0,0,0,,,,0,0,0,0,0,0,0,,0,0,0,0,0,0,0,,0,0,0,0,0,0,0,0,0,0,0,0
00-0033572,J.Agnew,Jamal Agnew,WR,WR,"https://static.www.nfl.com/image/upload/f_auto,q_auto/league/buapoaxrvjzwsr4l34mq",2025,10,REG,2025_10_ATL_IND,ATL,IND,0,0,0,0,0,0,0,0,0,0,0,0,,,0,,0,0,0,0,0,0,0,0,0,0,,0,0,0,0,0,0,0,0,0,0,0,0,0,0,,0,0,0,0,0,,0,0,0,0,0,0,0,0,0,0,0,0,0,0,0,0,0,0,0,0,0,0,0,0,0,0,0,0,0,0,0,0,0,0,0,0,0,0,0,6,135,0,0,0,0,,,0,0,0,0,0,0,0,0,0,0,0,0,,,,0,0,0,0,0,0,0,,0,0,0,0,0,0,0,,0,0,0,0,0,0,0,0,0,0,0,0
00-0033676,E.Wilkinson,Elijah Wilkinson,OT,OL,"https://static.www.nfl.com/image/upload/f_auto,q_auto/league/q24grx1dxcv83l2nmayx",2025,10,REG,2025_10_ATL_IND,ATL,IND,0,0,0,0,0,0,0,0,0,0,0,0,,,0,,0,0,0,0,0,0,0,0,0,0,,0,0,0,0,0,0,0,0,0,0,0,0,0,0,,0,0,0,0,0,,0,0,0,0,0,0,1,0,0,0,0,0,0,0,0,0,0,0,0,0,0,0,0,0,0,0,0,0,0,0,0,0,0,0,0,0,0,0,0,0,0,0,0,0,0,,,0,0,0,0,0,0,0,0,0,0,0,0,,,,0,0,0,0,0,0,0,,0,0,0,0,0,0,0,,0,0,0,0,0,0,0,0,0,0,0,0
00-0033697,M.Davis,Michael Davis,CB,DB,"https://static.www.nfl.com/image/upload/f_auto,q_auto/league/bh8fcv8fcihcx1munujm",2025,10,REG,2025_10_NO_CAR,NO,CAR,0,0,0,0,0,0,0,0,0,0,0,0,,,0,,0,0,0,0,0,0,0,0,0,0,,0,0,0,0,0,0,0,0,0,0,0,0,0,0,,0,0,0,0,0,,0,0,0,0,0,0,1,0,0,0,0,0,0,0,0,0,0,0,0,0,0,0,0,0,0,0,0,0,0,0,0,0,0,0,0,0,0,0,0,0,0,0,0,0,0,,,0,0,0,0,0,0,0,0,0,0,0,0,,,,0,0,0,0,0,0,0,,0,0,0,0,0,0,0,,0,0,0,0,0,0,0,0,0,0,0,0
00-0033702,Y.Koo,Younghoe Koo,K,SPEC,"https://static.www.nfl.com/image/upload/f_auto,q_auto/league/d6k1yzhzj3mikcheisnm",2025,10,REG,2025_10_NYG_CHI,NYG,CHI,0,0,0,0,0,0,0,0,0,0,0,0,,,0,,0,0,0,0,0,0,0,0,0,0,,0,0,0,0,0,0,0,0,0,0,0,0,0,0,,0,0,0,0,0,,0,0,0,0,0,0,1,0,0,0,0,0,0,0,0,0,0,0,0,0,0,0,0,0,0,0,0,0,0,0,0,0,0,0,0,0,0,0,0,0,0,2,2,0,0,32,1,1,0,1,0,0,0,0,0,0,0,0,0,32;19,,,51,0,0,2,2,0,0,1,0,0,0,0,0,0,0,,0,0,0,0,0,0,0,0,0,0,0,0
00-0033787,J.Elliott,Jake Elliott,K,SPEC,"https://static.www.nfl.com/image/upload/f_auto,q_auto/league/gxy1mhbnz1p2nufkg8qz",2025,10,REG,2025_10_PHI_GB,PHI,GB,0,0,0,0,0,0,0,0,0,0,0,0,,,0,,0,0,0,0,0,0,0,0,0,0,,0,0,0,0,0,0,0,0,0,0,0,0,0,0,,0,0,0,0,0,,0,0,0,0,0,0,0,0,0,0,0,0,0,0,0,0,0,0,0,0,0,0,0,0,0,0,0,0,0,0,0,0,0,0,0,0,0,0,0,0,0,1,1,0,0,39,1,0,0,1,0,0,0,0,0,0,0,0,0,39,,,39,0,0,1,1,0,0,1,0,0,0,0,0,0,0,,0,0,0,0,0,0,0,0,0,0,0,0
00-0033858,J.Smith,Jonnu Smith,TE,TE,"https://static.www.nfl.com/image/upload/f_auto,q_auto/league/egd6llghj3n5wfdrqacw",2025,10,REG,2025_10_PIT_LAC,PIT,LAC,0,0,0,0,0,0,0,0,0,0,0,0,,,0,,0,0,0,0,0,0,0,0,0,0,,0,0,0,0,0,1,2,4,0,0,0,21,0,0,-0.38835857930826,0,0,0,0,0,0.19047619047619,0.0714285714285714,0.0836653386454183,0.16570859419465,0,0,0,0,0,0,0,0,0,0,0,0,0,0,0,0,0,0,0,0,0,0,0,0,0,0,0,0,0,0,0,0,0,0,0,0,0,0,0,0,0,0,,,0,0,0,0,0,0,0,0,0,0,0,0,,,,0,0,0,0,0,0,0,,0,0,0,0,0,0,0,,0,0,0,0,0,0,0,0,0,0,0.4,1.4
00-0033860,D.Godchaux,Davon Godchaux,DT,DL,"https://static.www.nfl.com/image/upload/f_auto,q_auto/league/mldp5xpbggcf9iacij1s",2025,10,REG,2025_10_NO_CAR,NO,CAR,0,0,0,0,0,0,0,0,0,0,0,0,,,0,,0,0,0,0,0,0,0,0,0,0,,0,0,0,0,0,0,0,0,0,0,0,0,0,0,,0,0,0,0,0,,0,0,0,0,0,0,2,0,0,0,0,0,0,0,0,0,0,0,0,0,0,0,0,0,0,0,0,0,0,0,0,0,0,0,0,0,0,0,0,0,0,0,0,0,0,,,0,0,0,0,0,0,0,0,0,0,0,0,,,,0,0,0,0,0,0,0,,0,0,0,0,0,0,0,,0,0,0,0,0,0,0,0,0,0,0,0
00-0033862,Z.Gonzalez,Zane Gonzalez,K,SPEC,"https://static.www.nfl.com/image/upload/f_auto,q_auto/league/hrbmt2hunsrov39rqjzj",2025,10,REG,2025_10_ATL_IND,ATL,IND,0,0,0,0,0,0,0,0,0,0,0,0,,,0,,0,0,0,0,0,0,0,0,0,0,,0,0,0,0,0,0,0,0,0,0,0,0,0,0,,0,0,0,0,0,,0,0,0,0,0,0,0,0,0,0,0,0,0,0,0,0,0,0,0,0,0,0,0,0,0,0,0,0,0,0,0,0,0,0,0,0,0,0,0,0,0,1,1,0,0,43,1,0,0,0,1,0,0,0,0,0,0,0,0,43,,,43,0,0,2,2,0,0,1,0,0,0,0,0,0,0,,0,0,0,0,0,0,0,0,0,0,0,0
00-0033868,M.Garrett,Myles Garrett,DE,DL,"https://static.www.nfl.com/image/upload/f_auto,q_auto/league/y2d1lvpgfarfv76hjcqm",2025,10,REG,2025_10_CLE_NYJ,CLE,NYJ,0,0,0,0,0,0,0,0,0,0,0,0,,,0,,0,0,0,0,0,0,0,0,0,0,,0,0,0,0,0,0,0,0,0,0,0,0,0,0,,0,0,0,0,0,,0,0,0,0,1,1,1,2,9,0,1,8,1,0,0,0,0,0,0,0,0,0,0,0,0,0,0,0,0,0,0,0,0,0,0,0,0,0,0,0,0,0,0,0,0,,,0,0,0,0,0,0,0,0,0,0,0,0,,,,0,0,0,0,0,0,0,,0,0,0,0,0,0,0,,0,0,0,0,0,0,0,0,0,0,0,0
00-0033869,M.Trubisky,Mitchell Trubisky,QB,QB,"https://static.www.nfl.com/image/upload/f_auto,q_auto/league/yxs7ix2pmcfv5k1qn1sk",2025,10,REG,2025_10_BUF_MIA,BUF,MIA,0,0,0,0,0,0,0,0,0,0,0,0,,,0,,0,0,0,0,1,4,0,0,0,0,-0.632537836674601,0,0,0,0,0,0,0,0,0,0,0,0,0,0,,0,0,0,0,0,,0,0,0,0,0,0,0,0,0,0,0,0,0,0,0,0,0,0,0,0,0,0,0,0,0,0,0,0,0,0,0,0,0,0,0,0,0,0,0,0,0,0,0,0,0,,,0,0,0,0,0,0,0,0,0,0,0,0,,,,0,0,0,0,0,0,0,,0,0,0,0,0,0,0,,0,0,0,0,0,0,0,0,0,0,0.4,0.4
00-0033872,J.Adams,Jamal Adams,LB,LB,"https://static.www.nfl.com/image/upload/f_auto,q_auto/league/plodzh6kwjvhpo2mf3ie",2025,10,REG,2025_10_LV_DEN,LV,DEN,0,0,0,0,0,0,0,0,0,0,0,0,,,0,,0,0,0,0,0,0,0,0,0,0,,0,0,0,0,0,0,0,0,0,0,0,0,0,0,,0,0,0,0,0,,0,0,0,0,2,0,1,0,0,0,0,0,0,0,0,0,0,0,0,0,0,0,0,0,0,0,0,0,0,0,0,0,0,0,0,0,0,0,0,0,0,0,0,0,0,,,0,0,0,0,0,0,0,0,0,0,0,0,,,,0,0,0,0,0,0,0,,0,0,0,0,0,0,0,,0,0,0,0,0,0,0,0,0,0,0,0
00-0033876,D.Barnett,Derek Barnett,DE,DL,"https://static.www.nfl.com/image/upload/f_auto,q_auto/league/eh9ienpeakbbr9mw4vlm",2025,10,REG,2025_10_JAX_HOU,HOU,JAX,0,0,0,0,0,0,0,0,0,0,0,0,,,0,,0,0,0,0,0,0,0,0,0,0,,0,0,0,0,0,0,0,0,0,0,0,0,0,0,,0,0,0,0,0,,0,0,0,0,1,0,1,0,0,0,0,0,0,0,0,0,0,0,0,0,0,0,0,0,0,0,0,0,0,0,0,0,0,0,0,0,0,0,0,0,0,0,0,0,0,,,0,0,0,0,0,0,0,0,0,0,0,0,,,,0,0,0,0,0,0,0,,0,0,0,0,0,0,0,,0,0,0,0,0,0,0,0,0,0,0,0
00-0033878,A.Jackson,Adoree' Jackson,CB,DB,"https://static.www.nfl.com/image/upload/f_auto,q_auto/league/jtskiyzkosuajjatls72",2025,10,REG,2025_10_PHI_GB,PHI,GB,0,0,0,0,0,0,0,0,0,0,0,0,,,0,,0,0,0,0,0,0,0,0,0,0,,0,0,0,0,0,0,0,0,0,0,0,0,0,0,,0,0,0,0,0,,0,0,0,0,3,0,0,0,0,0,0,0,0,0,0,1,0,0,0,0,0,0,0,0,0,0,0,0,0,0,0,0,0,0,0,0,0,0,0,0,0,0,0,0,0,,,0,0,0,0,0,0,0,0,0,0,0,0,,,,0,0,0,0,0,0,0,,0,0,0,0,0,0,0,,0,0,0,0,0,0,0,0,0,0,0,0
00-0033881,E.Engram,Evan Engram,TE,TE,"https://static.www.nfl.com/image/upload/f_auto,q_auto/league/nucl2dxmpvhlywhyro8o",2025,10,REG,2025_10_LV_DEN,DEN,LV,0,0,0,0,0,0,0,0,0,0,0,0,,,0,,0,0,0,0,0,0,0,0,0,0,,0,0,0,0,0,2,5,12,0,0,0,30,9,0,-3.05763215699699,0,0,0,0,0,0.4,0.185185185185185,0.121457489878543,0.362798020692758,0,0,0,0,0,0,0,0,0,0,0,0,0,0,0,0,0,0,0,0,0,0,0,0,0,0,0,0,0,0,0,0,0,0,0,0,0,0,0,0,0,0,,,0,0,0,0,0,0,0,0,0,0,0,0,,,,0,0,0,0,0,0,0,,0,0,0,0,0,0,0,,0,0,0,0,0,0,0,0,0,0,1.2,3.2
00-0033884,T.White,Tre'Davious White,CB,DB,"https://static.www.nfl.com/image/upload/f_auto,q_auto/league/uxwbh1qimnyieywlu6ic",2025,10,REG,2025_10_BUF_MIA,BUF,MIA,0,0,0,0,0,0,0,0,0,0,0,0,,,0,,0,0,0,0,0,0,0,0,0,0,,0,0,0,0,0,0,0,0,0,0,0,0,0,0,,0,0,0,0,0,,0,0,0,0,2,0,2,1,3,0,0,0,0,0,0,0,0,0,0,0,0,0,0,0,0,0,0,0,0,0,0,0,0,0,0,0,0,0,0,0,0,0,0,0,0,,,0,0,0,0,0,0,0,0,0,0,0,0,,,,0,0,0,0,0,0,0,,0,0,0,0,0,0,0,,0,0,0,0,0,0,0,0,0,0,0,0
00-0033885,D.Njoku,David Njoku,TE,TE,"https://static.www.nfl.com/image/upload/f_auto,q_auto/league/y4g1iayqrbrhdvkqywpx",2025,10,REG,2025_10_CLE_NYJ,CLE,NYJ,0,0,0,0,0,0,0,0,0,0,0,0,,,0,,0,0,0,0,0,0,0,0,0,0,,0,0,0,0,0,2,2,21,1,0,0,-5,26,1,2.29031552135712,0,1,0,0,0,0,0.0625,-0.025,0.07625,0,0,0,0,0,0,0,0,0,0,0,0,0,0,0,0,0,0,0,0,0,0,0,0,0,0,0,0,0,0,0,0,0,0,0,0,0,0,0,0,0,0,,,0,0,0,0,0,0,0,0,0,0,0,0,,,,0,0,0,0,0,0,0,,0,0,0,0,0,0,0,,0,0,0,0,0,0,0,0,0,0,8.1,10.1
00-0033886,T.Watt,T.J. Watt,OLB,LB,"https://static.www.nfl.com/image/upload/f_auto,q_auto/league/aywegy4gpj1d32vrl67u",2025,10,REG,2025_10_PIT_LAC,PIT,LAC,0,0,0,0,0,0,0,0,0,0,0,0,,,0,,0,0,0,0,0,0,0,0,0,0,,0,0,0,0,0,0,0,0,0,0,0,0,0,0,,0,0,0,0,0,,0,0,0,0,2,0,1,1,3,0,1,3,3,0,0,1,0,0,0,0,0,0,0,0,0,0,0,0,0,0,0,0,0,0,0,0,0,0,0,0,0,0,0,0,0,,,0,0,0,0,0,0,0,0,0,0,0,0,,,,0,0,0,0,0,0,0,,0,0,0,0,0,0,0,,0,0,0,0,0,0,0,0,0,0,0,0
00-0033889,C.Robinson,Cam Robinson,OT,OL,"https://static.www.nfl.com/image/upload/f_auto,q_auto/league/lqgjpx9ttpdhpbvswdly",2025,10,REG,2025_10_CLE_NYJ,CLE,NYJ,0,0,0,0,0,0,0,0,0,0,0,0,,,0,,0,0,0,0,0,0,0,0,0,0,,0,0,0,0,0,0,0,0,0,0,0,0,0,0,,0,0,0,0,0,,0,0,0,0,0,0,0,0,0,0,0,0,0,0,0,0,0,0,0,0,0,0,0,0,0,0,0,0,0,0,1,10,0,0,0,0,0,0,0,0,0,0,0,0,0,,,0,0,0,0,0,0,0,0,0,0,0,0,,,,0,0,0,0,0,0,0,,0,0,0,0,0,0,0,,0,0,0,0,0,0,0,0,0,0,0,0
00-0033890,B.Baker,Budda Baker,S,DB,"https://static.www.nfl.com/image/upload/f_auto,q_auto/league/tpr5aphfvgckzecyr5rd",2025,10,REG,2025_10_ARI_SEA,ARI,SEA,0,0,0,0,0,0,0,0,0,0,0,0,,,0,,0,0,0,0,0,0,0,0,0,0,,0,0,0,0,0,0,0,0,0,0,0,0,0,0,,0,0,0,0,0,,0,0,0,0,2,0,3,0,0,0,0,0,0,0,0,0,0,0,0,0,0,0,0,0,0,0,0,0,0,0,1,15,0,0,0,0,0,0,0,0,0,0,0,0,0,,,0,0,0,0,0,0,0,0,0,0,0,0,,,,0,0,0,0,0,0,0,,0,0,0,0,0,0,0,,0,0,0,0,0,0,0,0,0,0,0,0
00-0033891,Z.Jones,Zay Jones,WR,WR,"https://static.www.nfl.com/image/upload/f_auto,q_auto/league/qihjjzfk0vwzoyrzztkq",2025,10,REG,2025_10_ARI_SEA,ARI,SEA,0,0,0,0,0,0,0,0,0,0,0,0,,,0,,0,0,0,0,0,0,0,0,0,0,,0,0,0,0,0,0,1,0,0,0,0,3,0,0,-0.970904047251679,0,0,0,0,0,0,0.0227272727272727,0.00911854103343465,0.0404738878143133,0,0,0,0,0,0,0,0,0,0,0,0,0,0,0,0,0,0,0,0,0,0,0,0,0,0,0,0,0,0,0,0,0,0,0,0,0,0,0,0,0,0,,,0,0,0,0,0,0,0,0,0,0,0,0,,,,0,0,0,0,0,0,0,,0,0,0,0,0,0,0,,0,0,0,0,0,0,0,0,0,0,0,0
00-0033905,L.Ogunjobi,Larry Ogunjobi,DT,DL,"https://static.www.nfl.com/image/upload/f_auto,q_auto/league/gt0gj15hsswookg40d39",2025,10,REG,2025_10_BUF_MIA,BUF,MIA,0,0,0,0,0,0,0,0,0,0,0,0,,,0,,0,0,0,0,0,0,0,0,0,0,,0,0,0,0,0,0,0,0,0,0,0,0,0,0,,0,0,0,0,0,,0,0,0,0,2,0,0,1,4,0,0,0,0,0,0,0,0,0,0,0,0,0,0,0,0,0,0,0,0,0,0,0,0,0,0,0,0,0,0,0,0,0,0,0,0,,,0,0,0,0,0,0,0,0,0,0,0,0,,,,0,0,0,0,0,0,0,,0,0,0,0,0,0,0,,0,0,0,0,0,0,0,0,0,0,0,0
00-0033906,A.Kamara,Alvin Kamara,RB,RB,"https://static.www.nfl.com/image/upload/f_auto,q_auto/league/yxebpuskandivlh2iil4",2025,10,REG,2025_10_NO_CAR,NO,CAR,0,0,0,0,0,0,0,0,0,0,0,0,,,0,,0,0,0,0,22,83,0,0,0,4,-2.27916740160435,0,2,1,0,0,3,3,32,0,0,0,-2,34,1,1.68357298581395,0,1,1,1,0,-16,0.115384615384615,-0.0078125,0.167608173076923,0,0,0,0,0,0,0,0,0,0,0,0,0,0,0,0,0,0,0,0,0,0,0,0,0,0,0,0,0,0,0,0,0,0,0,0,0,0,0,0,0,0,,,0,0,0,0,0,0,0,0,0,0,0,0,,,,0,0,0,0,0,0,0,,0,0,0,0,0,0,0,,0,0,0,0,0,0,0,0,0,0,11.5,14.5
00-0033908,C.Kupp,Cooper Kupp,WR,WR,"https://static.www.nfl.com/image/upload/f_auto,q_auto/league/kjixprihktsfog6wx9sq",2025,10,REG,2025_10_ARI_SEA,SEA,ARI,0,0,0,0,0,0,0,0,0,0,0,0,,,0,,0,0,0,0,0,0,0,0,0,0,,0,0,0,0,0,2,2,74,0,0,0,18,56,2,7.44396561206668,0,1,1,1,1,4.11111111111111,0.166666666666667,0.140625,0.3484375,0,0,0,0,0,0,0,0,0,0,0,0,0,0,0,0,0,0,0,0,0,0,0,0,0,0,0,0,0,0,0,0,0,0,0,0,0,0,0,0,0,0,,,0,0,0,0,0,0,0,0,0,0,0,0,,,,0,0,0,0,0,0,0,,0,0,0,0,0,0,0,,0,0,0,0,0,0,0,0,0,0,7.4,9.4
00-0033914,A.Anzalone,Alex Anzalone,MLB,LB,"https://static.www.nfl.com/image/upload/f_auto,q_auto/league/ltqvhzvqdxxtl1phtrgi",2025,10,REG,2025_10_DET_WAS,DET,WAS,0,0,0,0,0,0,0,0,0,0,0,0,,,0,,0,0,0,0,0,0,0,0,0,0,,0,0,0,0,0,0,0,0,0,0,0,0,0,0,,0,0,0,0,0,,0,0,0,0,3,0,2,0,0,0,0,0,1,0,0,0,0,0,0,0,0,0,0,0,0,0,0,0,0,0,0,0,0,0,0,0,0,0,0,0,0,0,0,0,0,,,0,0,0,0,0,0,0,0,0,0,0,0,,,,0,0,0,0,0,0,0,,0,0,0,0,0,0,0,,0,0,0,0,0,0,0,0,0,0,0,0
00-0033918,F.Moreau,Fabian Moreau,CB,DB,"https://static.www.nfl.com/image/upload/f_auto,q_auto/league/osj1pbe8mj5f7h47l2op",2025,10,REG,2025_10_BAL_MIN,MIN,BAL,0,0,0,0,0,0,0,0,0,0,0,0,,,0,,0,0,0,0,0,0,0,0,0,0,,0,0,0,0,0,0,0,0,0,0,0,0,0,0,,0,0,0,0,0,,0,0,0,0,2,0,0,0,0,0,0,0,0,0,0,0,0,0,0,0,0,0,0,0,0,0,0,0,0,0,0,0,0,0,0,0,0,0,0,0,0,0,0,0,0,,,0,0,0,0,0,0,0,0,0,0,0,0,,,,0,0,0,0,0,0,0,,0,0,0,0,0,0,0,,0,0,0,0,0,0,0,0,0,0,0,0
00-0033941,R.Jenkins,Rayshawn Jenkins,DB,DB,"https://static.www.nfl.com/image/upload/f_auto,q_auto/league/e3tppqrhd6bpipfn2k4z",2025,10,REG,2025_10_CLE_NYJ,CLE,NYJ,0,0,0,0,0,0,0,0,0,0,0,0,,,0,,0,0,0,0,0,0,0,0,0,0,,0,0,0,0,0,0,0,0,0,0,0,0,0,0,,0,0,0,0,0,,0,0,0,0,2,0,2,0,0,0,0,0,0,0,0,0,0,0,0,0,0,0,0,0,0,0,0,0,0,0,0,0,0,0,0,0,0,0,0,0,0,0,0,0,0,,,0,0,0,0,0,0,0,0,0,0,0,0,,,,0,0,0,0,0,0,0,,0,0,0,0,0,0,0,,0,0,0,0,0,0,0,0,0,0,0,0
00-0033952,G.Stewart,Grover Stewart,DT,DL,"https://static.www.nfl.com/image/upload/f_auto,q_auto/league/hevbchcmeeujuwjcyjqv",2025,10,REG,2025_10_ATL_IND,IND,ATL,0,0,0,0,0,0,0,0,0,0,0,0,,,0,,0,0,0,0,0,0,0,0,0,0,,0,0,0,0,0,0,0,0,0,0,0,0,0,0,,0,0,0,0,0,,0,0,0,0,1,0,2,0,0,0,0,0,0,0,0,0,0,0,0,0,0,0,0,0,0,0,0,0,0,0,0,0,0,0,0,0,0,0,0,0,0,0,0,0,0,,,0,0,0,0,0,0,0,0,0,0,0,0,,,,0,0,0,0,0,0,0,,0,0,0,0,0,0,0,,0,0,0,0,0,0,0,0,0,0,0,0
00-0033955,J.McNichols,Jeremy McNichols,RB,RB,"https://static.www.nfl.com/image/upload/f_auto,q_auto/league/xcrgrtlk6ukrshtlnr5e",2025,10,REG,2025_10_DET_WAS,WAS,DET,0,0,0,0,0,0,0,0,0,0,0,0,,,0,,0,0,0,0,5,25,0,0,0,2,1.34466956730466,0,0,0,0,0,1,1,4,0,0,0,4,0,0,-0.0699492786661722,0,0,0,0,0,1,0.0454545454545455,0.0138888888888889,0.0779040404040404,0,0,0,0,0,0,0,0,0,0,0,0,0,0,0,0,0,0,0,0,0,0,0,0,0,0,0,0,0,0,0,0,0,0,0,0,0,0,0,0,0,0,,,0,0,0,0,0,0,0,0,0,0,0,0,,,,0,0,0,0,0,0,0,,0,0,0,0,0,0,0,,0,0,0,0,0,0,0,0,0,0,2.9,3.9
00-0034073,R.Dwelley,Ross Dwelley,TE,TE,"https://static.www.nfl.com/image/upload/f_auto,q_auto/league/wf9ynmqonmnaosslkwdl",2025,10,REG,2025_10_DET_WAS,DET,WAS,0,0,0,0,0,0,0,0,0,0,0,0,,,0,,0,0,0,0,0,0,0,0,0,0,,0,0,0,0,0,0,1,0,0,0,0,0,0,0,-0.36093316989718,0,0,0,0,0,,0.03125,0,0.046875,0,0,0,0,0,0,0,0,0,0,0,0,0,0,0,0,0,0,0,0,0,0,0,0,0,0,0,0,0,0,0,0,0,0,0,0,0,0,0,0,0,0,,,0,0,0,0,0,0,0,0,0,0,0,0,,,,0,0,0,0,0,0,0,,0,0,0,0,0,0,0,,0,0,0,0,0,0,0,0,0,0,0,0
00-0034084,M.Badgley,Mike Badgley,K,SPEC,"https://static.www.nfl.com/image/upload/f_auto,q_auto/league/vws2nawkkxxb8s82ny1s",2025,10,REG,2025_10_ATL_IND,IND,ATL,0,0,0,0,0,0,0,0,0,0,0,0,,,0,,0,0,0,0,0,0,0,0,0,0,,0,0,0,0,0,0,0,0,0,0,0,0,0,0,,0,0,0,0,0,,0,0,0,0,0,0,0,0,0,0,0,0,0,0,0,0,0,0,0,0,0,0,0,0,0,0,0,0,0,0,0,0,0,0,0,0,0,0,0,0,0,2,3,1,0,44,0.666666666666667,0,0,1,1,0,0,0,0,0,0,1,0,34;44,53,,78,53,0,1,2,1,0,0.5,0,0,0,0,0,0,0,,0,0,0,0,0,0,0,0,0,0,0,0
00-0034112,A.Schlottmann,Austin Schlottmann,C,OL,"https://static.www.nfl.com/image/upload/f_auto,q_auto/league/afwyxpln2lcv4uhf1mvd",2025,10,REG,2025_10_NYG_CHI,NYG,CHI,0,0,0,0,0,0,0,0,0,0,0,0,,,0,,0,0,0,0,0,0,0,0,0,0,,0,0,0,0,0,0,0,0,0,0,0,0,0,0,,0,0,0,0,0,,0,0,0,0,0,0,0,0,0,0,0,0,0,0,0,0,0,0,0,0,0,0,0,0,0,0,0,0,0,0,1,10,0,0,0,0,0,0,0,0,0,0,0,0,0,,,0,0,0,0,0,0,0,0,0,0,0,0,,,,0,0,0,0,0,0,0,,0,0,0,0,0,0,0,,0,0,0,0,0,0,0,0,0,0,0,0
00-0034158,B.O'Neill,Brian O'Neill,OT,OL,"https://static.www.nfl.com/image/upload/f_auto,q_auto/league/ouq6nfernugv9rsvcvwm",2025,10,REG,2025_10_BAL_MIN,MIN,BAL,0,0,0,0,0,0,0,0,0,0,0,0,,,0,,0,0,0,0,0,0,0,0,0,0,,0,0,0,0,0,0,0,0,0,0,0,0,0,0,,0,0,0,0,0,,0,0,0,0,0,0,0,0,0,0,0,0,0,0,0,0,0,0,0,0,0,0,0,0,0,0,0,0,0,0,3,15,0,0,0,0,0,0,0,0,0,0,0,0,0,,,0,0,0,0,0,0,0,0,0,0,0,0,,,,0,0,0,0,0,0,0,,0,0,0,0,0,0,0,,0,0,0,0,0,0,0,0,0,0,0,0
00-0034161,D.Carlson,Daniel Carlson,K,SPEC,"https://static.www.nfl.com/image/upload/f_auto,q_auto/league/gsvj7rtvqwbwdeho8whf",2025,10,REG,2025_10_LV_DEN,LV,DEN,0,0,0,0,0,0,0,0,0,0,0,0,,,0,,0,0,0,0,0,0,0,0,0,0,,0,0,0,0,0,0,0,0,0,0,0,0,0,0,,0,0,0,0,0,,0,0,0,0,0,0,0,0,0,0,0,0,0,0,0,0,0,0,0,0,0,0,0,0,0,0,0,0,0,0,0,0,0,0,0,0,0,0,0,0,0,0,1,1,0,,0,0,0,0,0,0,0,0,0,0,1,0,0,,48,,0,48,0,1,1,0,0,1,0,0,0,0,0,0,0,,0,0,0,0,0,0,0,0,0,0,0,0
00-0034162,J.Scott,J.K. Scott,P,SPEC,"https://static.www.nfl.com/image/upload/f_auto,q_auto/league/yayikawhfng99cqrosax",2025,10,REG,2025_10_PIT_LAC,LAC,PIT,0,0,0,0,0,0,0,0,0,0,0,0,,,0,,0,0,0,0,0,0,0,0,0,0,,0,0,0,0,0,0,0,0,0,0,0,0,0,0,,0,0,0,0,0,,0,0,0,0,0,0,0,0,0,0,0,0,0,0,0,0,0,0,0,0,0,0,0,0,0,0,0,0,0,0,0,0,0,0,0,0,0,0,0,0,0,0,0,0,0,,,0,0,0,0,0,0,0,0,0,0,0,0,,,,0,0,0,0,0,0,0,,0,0,0,0,0,6,0,55,263,3,1,1,0,2,2,11,0,252,0,0
00-0034163,J.Martin,Jacob Martin,DE,DL,"https://static.www.nfl.com/image/upload/f_auto,q_auto/league/iq7og8epwftb1wl8aghd",2025,10,REG,2025_10_DET_WAS,WAS,DET,0,0,0,0,0,0,0,0,0,0,0,0,,,0,,0,0,0,0,0,0,0,0,0,0,,0,0,0,0,0,0,0,0,0,0,0,0,0,0,,0,0,0,0,0,,0,0,0,0,2,0,0,0,0,0,0,0,2,0,0,0,0,0,0,0,0,0,0,0,0,0,0,0,0,0,0,0,0,0,0,0,0,0,0,0,0,0,0,0,0,,,0,0,0,0,0,0,0,0,0,0,0,0,,,,0,0,0,0,0,0,0,,0,0,0,0,0,0,0,,0,0,0,0,0,0,0,0,0,0,0,0
00-0034173,E.Pineiro,Eddy Pineiro,K,SPEC,"https://static.www.nfl.com/image/upload/f_auto,q_auto/league/v3vtl2t4dfzkueanjfwc",2025,10,REG,2025_10_LA_SF,SF,LA,0,0,0,0,0,0,0,0,0,0,0,0,,,0,,0,0,0,0,0,0,0,0,0,0,,0,0,0,0,0,0,0,0,0,0,0,0,0,0,,0,0,0,0,0,,0,0,0,0,0,0,0,0,0,0,0,0,0,0,0,0,0,0,0,0,0,0,0,0,0,0,0,0,0,0,0,0,0,0,0,0,0,0,0,0,0,0,0,0,0,,,0,0,0,0,0,0,0,0,0,0,0,0,,,,0,0,0,2,3,0,1,0.666666666666667,0,0,0,0,0,0,0,,0,0,0,0,0,0,0,0,0,0,0,0
00-0034203,D.Williams,Darious Williams,CB,DB,"https://static.www.nfl.com/image/upload/f_auto,q_auto/league/nzrgn9doxy57s7si8uyf",2025,10,REG,2025_10_LA_SF,LA,SF,0,0,0,0,0,0,0,0,0,0,0,0,,,0,,0,0,0,0,0,0,0,0,0,0,,0,0,0,0,0,0,0,0,0,0,0,0,0,0,,0,0,0,0,0,,0,0,0,0,1,0,0,0,0,0,0,0,0,0,0,0,0,0,0,0,0,0,0,0,0,0,0,0,0,0,0,0,0,0,0,0,0,0,0,0,0,0,0,0,0,,,0,0,0,0,0,0,0,0,0,0,0,0,,,,0,0,0,0,0,0,0,,0,0,0,0,0,0,0,,0,0,0,0,0,0,0,0,0,0,0,0
00-0034234,P.Ford,Poona Ford,DT,DL,"https://static.www.nfl.com/image/upload/f_auto,q_auto/league/emckafsx5psbs9pjhhpe",2025,10,REG,2025_10_LA_SF,LA,SF,0,0,0,0,0,0,0,0,0,0,0,0,,,0,,0,0,0,0,0,0,0,0,0,0,,0,0,0,0,0,0,0,0,0,0,0,0,0,0,,0,0,0,0,0,,0,0,0,0,2,1,1,0,0,0,0,0,0,0,0,0,0,0,0,0,0,0,0,0,0,0,0,0,0,0,0,0,0,0,0,0,0,0,0,0,0,0,0,0,0,,,0,0,0,0,0,0,0,0,0,0,0,0,,,,0,0,0,0,0,0,0,,0,0,0,0,0,0,0,,0,0,0,0,0,0,0,0,0,0,0,0
00-0034248,E.Campbell,Elijah Campbell,DB,DB,"https://static.www.nfl.com/image/upload/f_auto,q_auto/league/qyz7zre7auvk1ilrfs70",2025,10,REG,2025_10_BUF_MIA,MIA,BUF,0,0,0,0,0,0,0,0,0,0,0,0,,,0,,0,0,0,0,0,0,0,0,0,0,,0,0,0,0,0,0,0,0,0,0,0,0,0,0,,0,0,0,0,0,,0,0,0,0,1,0,0,0,0,0,0,0,0,0,0,0,0,0,0,0,0,0,0,0,0,0,0,0,0,0,0,0,0,0,0,0,0,0,0,0,0,0,0,0,0,,,0,0,0,0,0,0,0,0,0,0,0,0,,,,0,0,0,0,0,0,0,,0,0,0,0,0,0,0,,0,0,0,0,0,0,0,0,0,0,0,0
00-0034270,T.Conklin,Tyler Conklin,TE,TE,"https://static.www.nfl.com/image/upload/f_auto,q_auto/league/knjuzxnzsfjxwcjxp5en",2025,10,REG,2025_10_PIT_LAC,LAC,PIT,0,0,0,0,0,0,0,0,0,0,0,0,,,0,,0,0,0,0,0,0,0,0,0,0,,0,0,0,0,0,1,1,12,0,0,0,5,7,0,-0.26795585769946,0,1,0,0,0,2.4,0.0303030303030303,0.0320512820512821,0.0678904428904429,0,0,0,0,0,0,0,0,0,0,0,0,0,0,0,0,0,0,0,0,0,0,0,0,0,0,0,0,0,0,0,0,0,0,0,0,0,0,0,0,0,0,,,0,0,0,0,0,0,0,0,0,0,0,0,,,,0,0,0,0,0,0,0,,0,0,0,0,0,0,0,,0,0,0,0,0,0,0,0,0,0,1.2,2.2
00-0034278,T.Smith,Tremon Smith,CB,DB,"https://static.www.nfl.com/image/upload/f_auto,q_auto/league/pva3iicdybaabrrws0sg",2025,10,REG,2025_10_JAX_HOU,HOU,JAX,0,0,0,0,0,0,0,0,0,0,0,0,,,0,,0,0,0,0,0,0,0,0,0,0,,0,0,0,0,0,0,0,0,0,0,0,0,0,0,,0,0,0,0,0,,0,0,0,0,3,0,1,0,0,0,0,0,0,0,0,1,0,0,0,0,0,0,0,0,0,0,0,0,0,0,0,0,1,0,0,1,1,0,0,1,17,0,0,0,0,,,0,0,0,0,0,0,0,0,0,0,0,0,,,,0,0,0,0,0,0,0,,0,0,0,0,0,0,0,,0,0,0,0,0,0,0,0,0,0,0,0
00-0034281,B.Bozeman,Bradley Bozeman,C,OL,"https://static.www.nfl.com/image/upload/f_auto,q_auto/league/qzomwajldexxneohmb7q",2025,10,REG,2025_10_PIT_LAC,LAC,PIT,0,0,0,0,0,0,0,0,0,0,0,0,,,0,,0,0,0,0,0,0,0,0,0,0,,0,0,0,0,0,0,0,0,0,0,0,0,0,0,,0,0,0,0,0,,0,0,0,0,0,0,0,0,0,0,0,0,0,0,0,0,0,0,0,0,0,0,0,0,0,0,0,0,0,0,1,10,0,0,0,0,0,0,0,0,0,0,0,0,0,,,0,0,0,0,0,0,0,0,0,0,0,0,,,,0,0,0,0,0,0,0,,0,0,0,0,0,0,0,,0,0,0,0,0,0,0,0,0,0,0,0
00-0034285,Z.Sieler,Zach Sieler,DE,DL,"https://static.www.nfl.com/image/upload/f_auto,q_auto/league/s5sel5udu4qvmi9jgryz",2025,10,REG,2025_10_BUF_MIA,MIA,BUF,0,0,0,0,0,0,0,0,0,0,0,0,,,0,,0,0,0,0,0,0,0,0,0,0,,0,0,0,0,0,0,0,0,0,0,0,0,0,0,,0,0,0,0,0,,0,0,0,0,1,0,0,1,6,0,1,6,1,0,0,0,0,0,0,0,0,0,0,0,0,0,0,0,0,0,0,0,0,0,0,0,0,0,0,0,0,0,0,0,0,,,0,0,0,0,0,0,0,0,0,0,0,0,,,,0,0,0,0,0,0,0,,0,0,0,0,0,0,0,,0,0,0,0,0,0,0,0,0,0,0,0
00-0034302,F.Luvu,Frankie Luvu,LB,LB,"https://static.www.nfl.com/image/upload/f_auto,q_auto/league/a42s7i0njohztuhxz13p",2025,10,REG,2025_10_DET_WAS,WAS,DET,0,0,0,0,0,0,0,0,0,0,0,0,,,0,,0,0,0,0,0,0,0,0,0,0,,0,0,0,0,0,0,0,0,0,0,0,0,0,0,,0,0,0,0,0,,0,0,0,0,3,0,0,0,0,0,0,0,0,0,0,1,0,0,0,0,0,0,0,0,0,0,0,0,0,0,0,0,0,0,0,0,0,0,0,0,0,0,0,0,0,,,0,0,0,0,0,0,0,0,0,0,0,0,,,,0,0,0,0,0,0,0,,0,0,0,0,0,0,0,,0,0,0,0,0,0,0,0,0,0,0,0
00-0034333,D.Payne,Daron Payne,NT,DL,"https://static.www.nfl.com/image/upload/f_auto,q_auto/league/fyaqgxzjicgbmrethav3",2025,10,REG,2025_10_DET_WAS,WAS,DET,0,0,0,0,0,0,0,0,0,0,0,0,,,0,,0,0,0,0,0,0,0,0,0,0,,0,0,0,0,0,0,0,0,0,0,0,0,0,0,,0,0,0,0,0,,0,0,0,0,0,0,0,0,0,0,0,0,0,0,0,0,0,0,0,0,0,0,0,0,0,0,0,0,0,0,1,1,0,0,0,0,0,0,0,0,0,0,0,0,0,,,0,0,0,0,0,0,0,0,0,0,0,0,,,,0,0,0,0,0,0,0,,0,0,0,0,0,0,0,,0,0,0,0,0,0,0,0,0,0,0,0
00-0034348,C.Sutton,Courtland Sutton,WR,WR,"https://static.www.nfl.com/image/upload/f_auto,q_auto/league/kqwmqcrlrwmqcvfuguhs",2025,10,REG,2025_10_LV_DEN,DEN,LV,0,0,0,0,0,1,-5,0,0,0,0,0,-4.03171936139203,,0,,0,0,0,0,0,0,0,0,0,0,,0,0,0,0,0,3,4,24,0,0,0,31,0,1,0.595974431431387,0,1,0,0,0,0.774193548387097,0.148148148148148,0.125506072874494,0.310076473234368,0,0,0,0,0,0,0,0,0,0,0,0,0,0,0,0,0,0,0,0,0,0,0,0,0,0,0,0,0,0,0,0,0,0,0,0,0,0,0,0,0,0,,,0,0,0,0,0,0,0,0,0,0,0,0,,,,0,0,0,0,0,0,0,,0,0,0,0,0,0,0,,0,0,0,0,0,0,0,0,0,0,2.4,5.4
00-0034350,U.Nwosu,Uchenna Nwosu,LB,LB,"https://static.www.nfl.com/image/upload/f_auto,q_auto/league/eovri4ccfixdbtikxbyg",2025,10,REG,2025_10_ARI_SEA,SEA,ARI,0,0,0,0,0,0,0,0,0,0,0,0,,,0,,0,0,0,0,0,0,0,0,0,0,,0,0,0,0,0,0,0,0,0,0,0,0,0,0,,0,0,0,0,0,,0,0,0,0,2,1,0,2,3,0,0,0,1,0,0,0,0,0,0,0,0,0,0,0,0,0,0,0,0,0,0,0,0,0,0,0,0,0,0,0,0,0,0,0,0,,,0,0,0,0,0,0,0,0,0,0,0,0,,,,0,0,0,0,0,0,0,,0,0,0,0,0,0,0,,0,0,0,0,0,0,0,0,0,0,0,0
00-0034351,D.Goedert,Dallas Goedert,TE,TE,"https://static.www.nfl.com/image/upload/f_auto,q_auto/league/bafepstxu7vvxb9v5vua",2025,10,REG,2025_10_PHI_GB,PHI,GB,0,0,0,0,0,0,0,0,0,0,0,0,,,0,,0,0,0,0,0,0,0,0,0,0,,0,0,0,0,0,4,6,43,0,0,0,54,9,3,2.69045455963351,0,1,1,1,0,0.796296296296296,0.260869565217391,0.235807860262009,0.556369850009493,0,0,0,0,0,0,0,0,0,0,0,0,0,0,0,0,0,0,0,0,0,0,0,0,0,0,0,0,0,0,0,0,0,0,0,0,0,0,0,0,0,0,,,0,0,0,0,0,0,0,0,0,0,0,0,,,,0,0,0,0,0,0,0,,0,0,0,0,0,0,0,,0,0,0,0,0,0,0,0,0,0,4.3,8.3
00-0034356,D.Jackson,Donte Jackson,CB,DB,"https://static.www.nfl.com/image/upload/f_auto,q_auto/league/ptrcpfheqfuuyiqexmsq",2025,10,REG,2025_10_PIT_LAC,LAC,PIT,0,0,0,0,0,0,0,0,0,0,0,0,,,0,,0,0,0,0,0,0,0,0,0,0,,0,0,0,0,0,0,0,0,0,0,0,0,0,0,,0,0,0,0,0,,0,0,0,0,2,0,1,0,0,0,0,0,0,1,21,2,0,0,0,0,0,0,0,0,0,0,0,0,0,0,0,0,0,0,0,0,0,0,0,0,0,0,0,0,0,,,0,0,0,0,0,0,0,0,0,0,0,0,,,,0,0,0,0,0,0,0,,0,0,0,0,0,0,0,,0,0,0,0,0,0,0,0,0,0,0,0
00-0034357,I.Oliver,Isaiah Oliver,FS,DB,"https://static.www.nfl.com/image/upload/f_auto,q_auto/league/kkjrgyvwont6cdbhu9y2",2025,10,REG,2025_10_CLE_NYJ,NYJ,CLE,0,0,0,0,0,0,0,0,0,0,0,0,,,0,,0,0,0,0,0,0,0,0,0,0,,0,0,0,0,0,0,0,0,0,0,0,0,0,0,,0,0,0,0,0,,0,0,0,0,2,0,5,0,0,0,0,0,0,0,0,0,0,0,0,0,0,0,0,0,0,0,0,0,0,0,0,0,0,0,0,0,0,0,0,0,0,0,0,0,0,,,0,0,0,0,0,0,0,0,0,0,0,0,,,,0,0,0,0,0,0,0,,0,0,0,0,0,0,0,,0,0,0,0,0,0,0,0,0,0,0,0
00-0034361,J.Reid,Justin Reid,S,DB,"https://static.www.nfl.com/image/upload/f_auto,q_auto/league/ysi7vrkwfhei6adamgb3",2025,10,REG,2025_10_NO_CAR,NO,CAR,0,0,0,0,0,0,0,0,0,0,0,0,,,0,,0,0,0,0,0,0,0,0,0,0,,0,0,0,0,0,0,0,0,0,0,0,0,0,0,,0,0,0,0,0,,0,0,0,0,1,0,4,0,0,0,0,0,0,0,0,0,0,0,0,0,0,0,0,0,0,0,0,0,0,0,1,15,0,0,0,0,0,0,0,0,0,0,0,0,0,,,0,0,0,0,0,0,0,0,0,0,0,0,,,,0,0,0,0,0,0,0,,0,0,0,0,0,0,0,,0,0,0,0,0,0,0,0,0,0,0,0
00-0034371,D.Hand,Da'Shawn Hand,DE,DL,"https://static.www.nfl.com/image/upload/f_auto,q_auto/league/c2synfyorkd9gnrvv43v",2025,10,REG,2025_10_PIT_LAC,LAC,PIT,0,0,0,0,0,0,0,0,0,0,0,0,,,0,,0,0,0,0,0,0,0,0,0,0,,0,0,0,0,0,0,0,0,0,0,0,0,0,0,,0,0,0,0,0,,0,0,0,0,2,0,1,0,0,0,0,0,1,0,0,0,0,0,0,0,0,0,0,0,0,0,0,0,0,0,0,0,0,0,0,0,0,0,0,0,0,0,0,0,0,,,0,0,0,0,0,0,0,0,0,0,0,0,,,,0,0,0,0,0,0,0,,0,0,0,0,0,0,0,,0,0,0,0,0,0,0,0,0,0,0,0
00-0034377,A.Maddox,Avonte Maddox,FS,DB,"https://static.www.nfl.com/image/upload/f_auto,q_auto/league/j2guzeu1ggx5opajjl3h",2025,10,REG,2025_10_DET_WAS,DET,WAS,0,0,0,0,0,0,0,0,0,0,0,0,,,0,,0,0,0,0,0,0,0,0,0,0,,0,0,0,0,0,0,0,0,0,0,0,0,0,0,,0,0,0,0,0,,0,0,0,0,4,0,0,0,0,0,0,0,0,0,0,0,0,0,0,0,0,0,0,0,0,0,0,0,0,0,1,1,0,0,0,0,0,0,0,0,0,0,0,0,0,,,0,0,0,0,0,0,0,0,0,0,0,0,,,,0,0,0,0,0,0,0,,0,0,0,0,0,0,0,,0,0,0,0,0,0,0,0,0,0,0,0
00-0034381,J.Sweat,Josh Sweat,LB,LB,"https://static.www.nfl.com/image/upload/f_auto,q_auto/league/mfeq6gxl0uurxjsqdbos",2025,10,REG,2025_10_ARI_SEA,ARI,SEA,0,0,0,0,0,0,0,0,0,0,0,0,,,0,,0,0,0,0,0,0,0,0,0,0,,0,0,0,0,0,0,0,0,0,0,0,0,0,0,,0,0,0,0,0,,0,0,0,0,1,0,0,1,4,1,1,4,0,0,0,0,0,0,0,0,0,0,0,0,0,0,0,1,2,0,0,0,0,0,0,0,0,0,0,0,0,0,0,0,0,,,0,0,0,0,0,0,0,0,0,0,0,0,,,,0,0,0,0,0,0,0,,0,0,0,0,0,0,0,,0,0,0,0,0,0,0,0,0,0,0,0
00-0034383,D.Schultz,Dalton Schultz,TE,TE,"https://static.www.nfl.com/image/upload/f_auto,q_auto/league/ym8sbkev8l4scnrc0vd8",2025,10,REG,2025_10_JAX_HOU,HOU,JAX,0,0,0,0,0,0,0,0,0,0,0,0,,,0,,0,0,0,0,0,0,0,0,0,0,,0,0,0,0,0,7,11,53,1,0,0,91,17,5,4.29172368050786,0,1,1,1,0,0.582417582417583,0.25,0.213114754098361,0.524180327868852,0,0,0,0,0,0,0,0,0,0,0,0,0,0,0,0,0,0,0,0,0,0,0,0,0,0,0,0,0,0,0,0,0,0,0,0,0,0,0,0,0,0,,,0,0,0,0,0,0,0,0,0,0,0,0,,,,0,0,0,0,0,0,0,,0,0,0,0,0,0,0,,0,0,0,0,0,0,0,0,0,0,11.3,18.3
00-0034391,S.Neal,Siran Neal,DB,DB,"https://static.www.nfl.com/image/upload/f_auto,q_auto/league/bwesbjwrbjpycetidb2q",2025,10,REG,2025_10_LA_SF,SF,LA,0,0,0,0,0,0,0,0,0,0,0,0,,,0,,0,0,0,0,0,0,0,0,0,0,,0,0,0,0,0,0,0,0,0,0,0,0,0,0,,0,0,0,0,0,,0,0,0,0,1,0,0,0,0,0,0,0,0,0,0,0,0,0,0,0,0,0,0,0,0,0,0,0,0,0,0,0,0,0,0,0,0,0,0,0,0,0,0,0,0,,,0,0,0,0,0,0,0,0,0,0,0,0,,,,0,0,0,0,0,0,0,,0,0,0,0,0,0,0,,0,0,0,0,0,0,0,0,0,0,0,0
00-0034397,T.Settle,Tim Settle,DT,DL,"https://static.www.nfl.com/image/upload/f_auto,q_auto/league/pfxye4tf9lojvyeud1d9",2025,10,REG,2025_10_JAX_HOU,HOU,JAX,0,0,0,0,0,0,0,0,0,0,0,0,,,0,,0,0,0,0,0,0,0,0,0,0,,0,0,0,0,0,0,0,0,0,0,0,0,0,0,,0,0,0,0,0,,0,0,0,0,1,0,1,0,0,0,0,0,0,0,0,0,0,0,0,0,0,0,0,0,0,0,0,0,0,0,0,0,0,0,0,0,0,0,0,0,0,0,0,0,0,,,0,0,0,0,0,0,0,0,0,0,0,0,,,,0,0,0,0,0,0,0,,0,0,0,0,0,0,0,,0,0,0,0,0,0,0,0,0,0,0,0
00-0034399,W.Teller,Wyatt Teller,G,OL,"https://static.www.nfl.com/image/upload/f_auto,q_auto/league/g8mhl0gz8akc6k5hb06i",2025,10,REG,2025_10_CLE_NYJ,CLE,NYJ,0,0,0,0,0,0,0,0,0,0,0,0,,,0,,0,0,0,0,0,0,0,0,0,0,,0,0,0,0,0,0,0,0,0,0,0,0,0,0,,0,0,0,0,0,,0,0,0,0,0,0,0,0,0,0,0,0,0,0,0,0,0,0,0,0,0,0,0,0,0,0,0,0,0,0,1,5,0,0,0,0,0,0,0,0,0,0,0,0,0,,,0,0,0,0,0,0,0,0,0,0,0,0,,,,0,0,0,0,0,0,0,,0,0,0,0,0,0,0,,0,0,0,0,0,0,0,0,0,0,0,0
00-0034407,R.McCloud,Ray-Ray McCloud,WR,WR,"https://static.www.nfl.com/image/upload/f_auto,q_auto/league/nvwn3sdihyyd2itjt7vy",2025,10,REG,2025_10_NYG_CHI,NYG,CHI,0,0,0,0,0,0,0,0,0,0,0,0,,,0,,0,0,0,0,0,0,0,0,0,0,,0,0,0,0,0,0,0,0,0,0,0,0,0,0,,0,0,0,0,0,,0,0,0,0,0,0,0,0,0,0,0,0,0,0,0,0,0,0,0,0,0,0,0,0,0,0,0,0,0,0,1,10,0,0,0,0,0,0,0,0,0,0,0,0,0,,,0,0,0,0,0,0,0,0,0,0,0,0,,,,0,0,0,0,0,0,0,,0,0,0,0,0,0,0,,0,0,0,0,0,0,0,0,0,0,0,0
00-0034413,F.Oluokun,Foye Oluokun,LB,LB,"https://static.www.nfl.com/image/private/f_auto,q_auto/league/ldsewkhf1k2uxwcud0bj",2025,10,REG,2025_10_JAX_HOU,JAX,HOU,0,0,0,0,0,0,0,0,0,0,0,0,,,0,,0,0,0,0,0,0,0,0,0,0,,0,0,0,0,0,0,0,0,0,0,0,0,0,0,,0,0,0,0,0,,0,0,0,0,1,0,8,0,0,0,0,0,0,0,0,1,0,0,0,0,0,0,0,0,0,0,0,0,0,0,0,0,0,0,0,0,0,0,0,0,0,0,0,0,0,,,0,0,0,0,0,0,0,0,0,0,0,0,,,,0,0,0,0,0,0,0,,0,0,0,0,0,0,0,,0,0,0,0,0,0,0,0,0,0,0,0
00-0034419,B.Berrios,Braxton Berrios,WR,WR,"https://static.www.nfl.com/image/upload/f_auto,q_auto/league/striwxmn9t0ixherw7l8",2025,10,REG,2025_10_JAX_HOU,HOU,JAX,0,0,0,0,0,0,0,0,0,0,0,0,,,0,,0,0,0,0,0,0,0,0,0,0,,0,0,0,0,0,0,0,0,0,0,0,0,0,0,,0,0,0,0,0,,0,0,0,0,0,0,0,0,0,0,0,0,0,0,0,0,0,0,0,0,0,0,0,0,0,0,0,0,0,0,0,0,0,0,0,0,0,0,0,1,32,0,0,0,0,,,0,0,0,0,0,0,0,0,0,0,0,0,,,,0,0,0,0,0,0,0,,0,0,0,0,0,0,0,,0,0,0,0,0,0,0,0,0,0,0,0
00-0034429,J.Mailata,Jordan Mailata,OT,OL,"https://static.www.nfl.com/image/upload/f_auto,q_auto/league/al7gzhilxxfwtflukyei",2025,10,REG,2025_10_PHI_GB,PHI,GB,0,0,0,0,0,0,0,0,0,0,0,0,,,0,,0,0,0,0,0,0,0,0,0,0,,0,0,0,0,0,0,0,0,0,0,0,0,0,0,,0,0,0,0,0,,0,0,0,0,0,0,0,0,0,0,0,0,0,0,0,0,0,0,0,0,0,0,0,0,0,0,0,0,0,0,2,10,0,0,0,0,0,0,0,0,0,0,0,0,0,,,0,0,0,0,0,0,0,0,0,0,0,0,,,,0,0,0,0,0,0,0,,0,0,0,0,0,0,0,,0,0,0,0,0,0,0,0,0,0,0,0
00-0034431,Z.Franklin,Zaire Franklin,OLB,LB,"https://static.www.nfl.com/image/upload/f_auto,q_auto/league/k59qf7qnigqhlxw2652h",2025,10,REG,2025_10_ATL_IND,IND,ATL,0,0,0,0,0,0,0,0,0,0,0,0,,,0,,0,0,0,0,0,0,0,0,0,0,,0,0,0,0,0,0,0,0,0,0,0,0,0,0,,0,0,0,0,0,,0,0,0,0,6,0,4,2,14,0,1,12,1,0,0,0,0,0,0,0,0,0,0,0,0,0,0,0,0,0,0,0,0,0,0,0,0,0,0,0,0,0,0,0,0,,,0,0,0,0,0,0,0,0,0,0,0,0,,,,0,0,0,0,0,0,0,,0,0,0,0,0,0,0,,0,0,0,0,0,0,0,0,0,0,0,0
00-0034437,L.Cooke,Logan Cooke,P,SPEC,"https://static.www.nfl.com/image/upload/f_auto,q_auto/league/qy2pmeevxy1jndpdq1ai",2025,10,REG,2025_10_JAX_HOU,JAX,HOU,0,0,0,0,0,0,0,0,0,0,0,0,,,0,,0,0,0,0,0,0,0,0,0,0,,0,0,0,0,0,0,0,0,0,0,0,0,0,0,,0,0,0,0,0,,0,0,0,0,0,0,0,0,0,0,0,0,0,0,0,0,0,0,0,0,0,0,0,0,0,0,0,0,0,0,0,0,0,0,0,0,0,0,0,0,0,0,0,0,0,,,0,0,0,0,0,0,0,0,0,0,0,0,,,,0,0,0,0,0,0,0,,0,0,0,0,0,3,0,53,137,2,0,1,0,1,1,8,0,129,0,0
00-0034465,J.Reaves,Jeremy Reaves,DB,DB,"https://static.www.nfl.com/image/upload/f_auto,q_auto/league/kwmtxcogvel516q4ws86",2025,10,REG,2025_10_DET_WAS,WAS,DET,0,0,0,0,0,0,0,0,0,0,0,0,,,0,,0,0,0,0,0,0,0,0,0,0,,0,0,0,0,0,0,0,0,0,0,0,0,0,0,,0,0,0,0,0,,0,0,0,0,4,0,3,0,0,0,0,0,0,0,0,1,0,0,0,0,0,0,0,0,0,0,0,0,0,0,0,0,0,0,0,0,0,0,0,0,0,0,0,0,0,,,0,0,0,0,0,0,0,0,0,0,0,0,,,,0,0,0,0,0,0,0,,0,0,0,0,0,0,0,,0,0,0,0,0,0,0,0,0,0,0,0
00-0034473,D.Gardeck,Dennis Gardeck,LB,LB,"https://static.www.nfl.com/image/upload/f_auto,q_auto/league/wmk2eix7vcc9aglty2ga",2025,10,REG,2025_10_JAX_HOU,JAX,HOU,0,0,0,0,0,0,0,0,0,0,0,0,,,0,,0,0,0,0,0,0,0,0,0,0,,0,0,0,0,0,0,0,0,0,0,0,0,0,0,,0,0,0,0,0,,0,0,0,0,5,0,2,1,3,0,0,0,0,0,0,0,0,0,0,0,0,0,0,0,0,0,0,0,0,0,0,0,0,0,0,0,0,0,0,0,0,0,0,0,0,,,0,0,0,0,0,0,0,0,0,0,0,0,,,,0,0,0,0,0,0,0,,0,0,0,0,0,0,0,,0,0,0,0,0,0,0,0,0,0,0,0
00-0034485,J.Owens,Jonathan Owens,SAF,DB,"https://static.www.nfl.com/image/upload/f_auto,q_auto/league/myxiqs2nqxdlw2pi8rbd",2025,10,REG,2025_10_NYG_CHI,CHI,NYG,0,0,0,0,0,0,0,0,0,0,0,0,,,0,,0,0,0,0,0,0,0,0,0,0,,0,0,0,0,0,0,0,0,0,0,0,0,0,0,,0,0,0,0,0,,0,0,0,0,0,0,1,0,0,0,0,0,0,0,0,0,0,0,0,0,0,0,0,0,0,0,0,0,0,0,0,0,0,0,0,0,0,0,0,0,0,0,0,0,0,,,0,0,0,0,0,0,0,0,0,0,0,0,,,,0,0,0,0,0,0,0,,0,0,0,0,0,0,0,,0,0,0,0,0,0,0,0,0,0,0,0
00-0034488,T.Thomas,Tavierre Thomas,SAF,DB,"https://static.www.nfl.com/image/upload/f_auto,q_auto/league/uhnxkxxitwkhjwgf2egu",2025,10,REG,2025_10_BAL_MIN,MIN,BAL,0,0,0,0,0,0,0,0,0,0,0,0,,,0,,0,0,0,0,0,0,0,0,0,0,,0,0,0,0,0,0,0,0,0,0,0,0,0,0,,0,0,0,0,0,,0,0,0,0,1,0,0,0,0,0,0,0,0,0,0,0,0,0,0,0,0,0,0,0,0,0,0,0,0,0,0,0,0,0,0,0,0,0,0,0,0,0,0,0,0,,,0,0,0,0,0,0,0,0,0,0,0,0,,,,0,0,0,0,0,0,0,,0,0,0,0,0,0,0,,0,0,0,0,0,0,0,0,0,0,0,0
00-0034577,K.Allen,Kyle Allen,QB,QB,"https://static.www.nfl.com/image/upload/f_auto,q_auto/league/s3vbqdcoc6oc6yh460v9",2025,10,REG,2025_10_DET_WAS,DET,WAS,0,2,0,0,0,0,0,0,0,10,0,0,-1.35526536774439,-63.7493580579758,0,0,0,0,0,0,1,-1,0,0,0,0,0,0,0,0,0,0,0,0,0,0,0,0,0,0,0,,0,0,0,0,0,,0,0,0,0,0,0,0,0,0,0,0,0,0,0,0,0,0,0,0,0,0,0,0,0,0,0,0,0,0,0,0,0,0,0,0,0,0,0,0,0,0,0,0,0,0,,,0,0,0,0,0,0,0,0,0,0,0,0,,,,0,0,0,0,0,0,0,,0,0,0,0,0,0,0,,0,0,0,0,0,0,0,0,0,0,-0.1,-0.1
00-0034639,M.Ford,Mike Ford,DB,DB,"https://static.www.nfl.com/image/upload/f_auto,q_auto/league/b3k1q0kl0mc7d0t8xkka",2025,10,REG,2025_10_ATL_IND,ATL,IND,0,0,0,0,0,0,0,0,0,0,0,0,,,0,,0,0,0,0,0,0,0,0,0,0,,0,0,0,0,0,0,0,0,0,0,0,0,0,0,,0,0,0,0,0,,0,0,0,0,1,0,0,0,0,0,0,0,0,0,0,0,0,0,0,0,0,0,0,0,0,0,0,0,0,0,0,0,0,0,0,0,0,0,0,0,0,0,0,0,0,,,0,0,0,0,0,0,0,0,0,0,0,0,,,,0,0,0,0,0,0,0,,0,0,0,0,0,0,0,,0,0,0,0,0,0,0,0,0,0,0,0
00-0034673,T.Edmunds,Tremaine Edmunds,MLB,LB,"https://static.www.nfl.com/image/upload/f_auto,q_auto/league/oel5uugavzbyitnjlw7f",2025,10,REG,2025_10_NYG_CHI,CHI,NYG,0,0,0,0,0,0,0,0,0,0,0,0,,,0,,0,0,0,0,0,0,0,0,0,0,,0,0,0,0,0,0,0,0,0,0,0,0,0,0,,0,0,0,0,0,,0,0,0,0,4,0,3,1,2,0,0,0,1,0,0,2,0,0,0,0,0,0,0,0,0,0,0,0,0,0,0,0,0,0,0,0,0,0,0,0,0,0,0,0,0,,,0,0,0,0,0,0,0,0,0,0,0,0,,,,0,0,0,0,0,0,0,,0,0,0,0,0,0,0,,0,0,0,0,0,0,0,0,0,0,0,0
00-0034675,J.Bates,Jessie Bates,FS,DB,"https://static.www.nfl.com/image/upload/f_auto,q_auto/league/eego6d6svadhqg1dyacg",2025,10,REG,2025_10_ATL_IND,ATL,IND,0,0,0,0,0,0,0,0,0,0,0,0,,,0,,0,0,0,0,0,0,0,0,0,0,,0,0,0,0,0,0,0,0,0,0,0,0,0,0,,0,0,0,0,0,,0,0,0,0,6,0,3,0,0,1,0,0,0,1,3,2,0,0,0,0,0,0,0,0,0,0,0,0,0,0,1,15,0,0,0,0,0,0,0,0,0,0,0,0,0,,,0,0,0,0,0,0,0,0,0,0,0,0,,,,0,0,0,0,0,0,0,,0,0,0,0,0,0,0,,0,0,0,0,0,0,0,0,0,0,0,0
00-0034720,R.Spillane,Robert Spillane,LB,LB,"https://static.www.nfl.com/image/upload/f_auto,q_auto/league/xdchysme8chq50omxcui",2025,10,REG,2025_10_NE_TB,NE,TB,0,0,0,0,0,0,0,0,0,0,0,0,,,0,,0,0,0,0,0,0,0,0,0,0,,0,0,0,0,0,0,0,0,0,0,0,0,0,0,,0,0,0,0,0,,0,0,0,0,1,0,8,1,1,0,0,0,0,0,0,1,0,0,0,0,0,0,0,0,0,0,0,0,0,0,0,0,0,0,0,0,0,0,0,0,0,0,0,0,0,,,0,0,0,0,0,0,0,0,0,0,0,0,,,,0,0,0,0,0,0,0,,0,0,0,0,0,0,0,,0,0,0,0,0,0,0,0,0,0,0,0
00-0034721,C.Bojorquez,Corey Bojorquez,P,SPEC,"https://static.www.nfl.com/image/private/f_auto,q_auto/league/eiuli9dmspe6d4cwwa00",2025,10,REG,2025_10_CLE_NYJ,CLE,NYJ,0,0,0,0,0,0,0,0,0,0,0,0,,,0,,0,0,0,0,0,0,0,0,0,0,,0,0,0,0,0,0,0,0,0,0,0,0,0,0,,0,0,0,0,0,,0,0,0,0,0,0,0,0,0,0,0,0,0,0,0,0,0,0,0,0,0,0,0,0,0,0,0,0,0,0,0,0,0,0,0,0,0,0,0,0,0,0,0,0,0,,,0,0,0,0,0,0,0,0,0,0,0,0,,,,0,0,0,0,0,0,0,,0,0,0,0,0,7,0,60,351,0,0,1,1,0,5,126,1,205,0,0
00-0034753,M.Andrews,Mark Andrews,TE,TE,"https://static.www.nfl.com/image/upload/f_auto,q_auto/league/u4xzz7tclch0tpzm9hhz",2025,10,REG,2025_10_BAL_MIN,BAL,MIN,0,0,0,0,0,0,0,0,0,0,0,0,,,0,,0,0,0,0,0,0,0,0,0,0,,0,0,0,0,0,3,5,14,1,0,0,33,4,2,0.252662070619408,0,0,0,0,0,0.424242424242424,0.178571428571429,0.277310924369748,0.461974789915966,0,0,0,0,0,0,0,0,0,0,0,0,0,0,0,0,0,0,0,0,0,0,0,0,0,0,0,0,0,0,0,0,0,0,0,0,0,0,0,0,0,0,,,0,0,0,0,0,0,0,0,0,0,0,0,,,,0,0,0,0,0,0,0,,0,0,0,0,0,0,0,,0,0,0,0,0,0,0,0,0,0,7.4,10.4
00-0034760,N.Shepherd,Nathan Shepherd,DE,DL,"https://static.www.nfl.com/image/upload/f_auto,q_auto/league/sl9b2jgyvmo5yn0vglok",2025,10,REG,2025_10_NO_CAR,NO,CAR,0,0,0,0,0,0,0,0,0,0,0,0,,,0,,0,0,0,0,0,0,0,0,0,0,,0,0,0,0,0,0,0,0,0,0,0,0,0,0,,0,0,0,0,0,,0,0,0,0,2,0,0,1,13,0,1,13,1,0,0,0,0,0,0,0,0,1,0,0,0,0,0,0,0,0,0,0,0,0,0,0,0,0,0,0,0,0,0,0,0,,,0,0,0,0,0,0,0,0,0,0,0,0,,,,0,0,0,0,0,0,0,,0,0,0,0,0,0,0,,0,0,0,0,0,0,0,0,0,0,0,0
00-0034773,V.Vea,Vita Vea,DT,DL,"https://static.www.nfl.com/image/upload/f_auto,q_auto/league/dbumwcqqltdqv9pxkno0",2025,10,REG,2025_10_NE_TB,TB,NE,0,0,0,0,0,0,0,0,0,0,0,0,,,0,,0,0,0,0,0,0,0,0,0,0,,0,0,0,0,0,0,0,0,0,0,0,0,0,0,,0,0,0,0,0,,0,0,0,0,1,0,1,0,0,0,0,0,1,0,0,0,0,0,0,0,0,0,0,0,0,0,0,0,0,0,0,0,0,0,0,0,0,0,0,0,0,0,0,0,0,,,0,0,0,0,0,0,0,0,0,0,0,0,,,,0,0,0,0,0,0,0,,0,0,0,0,0,0,0,,0,0,0,0,0,0,0,0,0,0,0,0
00-0034775,C.Kirk,Christian Kirk,WR,WR,"https://static.www.nfl.com/image/upload/f_auto,q_auto/league/ffp75mtwnqgrv0qz0txz",2025,10,REG,2025_10_JAX_HOU,HOU,JAX,0,0,0,0,0,0,0,0,0,0,0,0,,,0,,0,0,0,0,0,0,0,0,0,0,,0,0,0,0,0,1,3,3,0,0,0,13,0,0,-7.2693474041298,0,0,0,0,0,0.230769230769231,0.0681818181818182,0.0304449648711944,0.123584202682563,0,1,0,0,0,0,0,0,0,0,0,0,0,0,0,0,0,0,0,0,0,0,0,0,0,0,0,0,0,0,0,0,0,0,0,0,0,0,0,0,0,0,,,0,0,0,0,0,0,0,0,0,0,0,0,,,,0,0,0,0,0,0,0,,0,0,0,0,0,0,0,,0,0,0,0,0,0,0,0,0,0,0.3,1.3
00-0034778,C.Davis,Carlton Davis III,CB,DB,"https://static.www.nfl.com/image/upload/f_auto,q_auto/league/pzbrbbwgymysharir2ms",2025,10,REG,2025_10_NE_TB,NE,TB,0,0,0,0,0,0,0,0,0,0,0,0,,,0,,0,0,0,0,0,0,0,0,0,0,,0,0,0,0,0,0,0,0,0,0,0,0,0,0,,0,0,0,0,0,,0,0,0,0,2,0,3,0,0,0,0,0,0,0,0,0,0,0,0,0,0,0,0,0,0,0,0,0,0,0,0,0,0,0,0,0,0,0,0,0,0,0,0,0,0,,,0,0,0,0,0,0,0,0,0,0,0,0,,,,0,0,0,0,0,0,0,,0,0,0,0,0,0,0,,0,0,0,0,0,0,0,0,0,0,0,0
00-0034779,R.Harrison,Ronnie Harrison,LB,LB,"https://static.www.nfl.com/image/upload/f_auto,q_auto/league/uhybqeoqkzjgcogc3s9y",2025,10,REG,2025_10_ATL_IND,ATL,IND,0,0,0,0,0,0,0,0,0,0,0,0,,,0,,0,0,0,0,0,0,0,0,0,0,,0,0,0,0,0,0,0,0,0,0,0,0,0,0,,0,0,0,0,0,,0,0,0,0,5,0,2,1,6,0,1,6,1,0,0,0,0,0,0,0,0,0,0,0,0,0,0,0,0,0,0,0,0,0,0,0,0,0,0,0,0,0,0,0,0,,,0,0,0,0,0,0,0,0,0,0,0,0,,,,0,0,0,0,0,0,0,,0,0,0,0,0,0,0,,0,0,0,0,0,0,0,0,0,0,0,0
00-0034780,I.Yiadom,Isaac Yiadom,CB,DB,"https://static.www.nfl.com/image/upload/f_auto,q_auto/league/yshnc3lfpcams5ropegx",2025,10,REG,2025_10_NO_CAR,NO,CAR,0,0,0,0,0,0,0,0,0,0,0,0,,,0,,0,0,0,0,0,0,0,0,0,0,,0,0,0,0,0,0,0,0,0,0,0,0,0,0,,0,0,0,0,0,,0,0,0,0,1,0,0,0,0,0,0,0,0,0,0,0,0,0,0,0,0,0,0,0,0,0,0,0,0,0,0,0,0,0,0,0,0,0,0,0,0,0,0,0,0,,,0,0,0,0,0,0,0,0,0,0,0,0,,,,0,0,0,0,0,0,0,,0,0,0,0,0,0,0,,0,0,0,0,0,0,0,0,0,0,0,0
00-0034782,H.Phillips,Harrison Phillips,DT,DL,"https://static.www.nfl.com/image/upload/f_auto,q_auto/league/znophhdzukalwuwsx6vx",2025,10,REG,2025_10_CLE_NYJ,NYJ,CLE,0,0,0,0,0,0,0,0,0,0,0,0,,,0,,0,0,0,0,0,0,0,0,0,0,,0,0,0,0,0,0,0,0,0,0,0,0,0,0,,0,0,0,0,0,,0,0,0,0,3,0,1,0,0,0,0,0,0,0,0,0,0,0,0,0,0,0,0,0,0,0,0,0,0,0,0,0,0,0,0,0,0,0,0,0,0,0,0,0,0,,,0,0,0,0,0,0,0,0,0,0,0,0,,,,0,0,0,0,0,0,0,,0,0,0,0,0,0,0,,0,0,0,0,0,0,0,0,0,0,0,0
00-0034789,M.Fitzpatrick,Minkah Fitzpatrick,FS,DB,"https://static.www.nfl.com/image/upload/f_auto,q_auto/league/z733r4dwebhrqeeihy0e",2025,10,REG,2025_10_BUF_MIA,MIA,BUF,0,0,0,0,0,0,0,0,0,0,0,0,,,0,,0,0,0,0,0,0,0,0,0,0,,0,0,0,0,0,0,0,0,0,0,0,0,0,0,,0,0,0,0,0,,0,0,0,0,6,0,0,0,0,0,0,0,0,0,0,1,0,0,0,0,0,0,0,0,0,0,0,1,0,0,0,0,0,0,0,0,0,0,0,0,0,0,0,0,0,,,0,0,0,0,0,0,0,0,0,0,0,0,,,,0,0,0,0,0,0,0,,0,0,0,0,0,0,0,,0,0,0,0,0,0,0,0,0,0,0,0
00-0034790,D.James,Derwin James,FS,DB,"https://static.www.nfl.com/image/upload/f_auto,q_auto/league/z9au0ajgcwoeozfdu0ec",2025,10,REG,2025_10_PIT_LAC,LAC,PIT,0,0,0,0,0,0,0,0,0,0,0,0,,,0,,0,0,0,0,0,0,0,0,0,0,,0,0,0,0,0,0,0,0,0,0,0,0,0,0,,0,0,0,0,0,,0,0,0,0,0,0,3,0,0,0,0,0,0,0,0,0,0,0,0,0,0,0,0,0,0,0,0,0,0,0,0,0,0,0,0,0,0,0,0,0,0,0,0,0,0,,,0,0,0,0,0,0,0,0,0,0,0,0,,,,0,0,0,0,0,0,0,,0,0,0,0,0,0,0,,0,0,0,0,0,0,0,0,0,0,0,0
00-0034791,N.Chubb,Nick Chubb,RB,RB,"https://static.www.nfl.com/image/upload/f_auto,q_auto/league/h5y74trx6l8ivpkbmrkt",2025,10,REG,2025_10_JAX_HOU,HOU,JAX,0,0,0,0,0,0,0,0,0,0,0,0,,,0,,0,0,0,0,5,47,0,0,0,3,2.92644283646951,0,2,2,0,0,1,1,5,0,0,0,5,0,0,0.0229921862483025,0,0,0,0,0,1,0.0227272727272727,0.0117096018735363,0.0422876304023845,0,0,0,0,0,0,0,0,0,0,0,0,0,0,0,0,0,0,0,0,0,0,0,0,0,0,0,0,0,0,0,0,0,0,0,0,0,0,0,0,0,0,,,0,0,0,0,0,0,0,0,0,0,0,0,,,,0,0,0,0,0,0,0,,0,0,0,0,0,0,0,,0,0,0,0,0,0,0,0,0,0,5.2,6.2
00-0034796,L.Jackson,Lamar Jackson,QB,QB,"https://static.www.nfl.com/image/upload/f_auto,q_auto/league/eno6s5qzl9grbfbfwhoa",2025,10,REG,2025_10_BAL_MIN,BAL,MIN,17,29,176,1,0,1,-7,0,0,119,100,9,-1.38979655075827,-13.4963293160711,1,1.47899159663866,8,4,3,0,9,36,0,0,0,3,0.973069881147239,0,0,0,0,0,0,0,0,0,0,0,0,0,0,,0,0,0,0,0,,0,0,0,0,0,0,0,0,0,0,0,0,0,0,0,0,0,0,0,0,0,0,0,0,0,0,0,0,0,0,0,0,0,1,0,1,0,0,0,0,0,0,0,0,0,,,0,0,0,0,0,0,0,0,0,0,0,0,,,,0,0,0,0,0,0,0,,0,0,0,0,0,0,0,,0,0,0,0,0,0,0,0,0,0,16.64,16.64
00-0034797,J.Baker,Jerome Baker,OLB,LB,"https://static.www.nfl.com/image/upload/f_auto,q_auto/league/wdo4k5bdufnhhu8izyj4",2025,10,REG,2025_10_CLE_NYJ,CLE,NYJ,0,0,0,0,0,0,0,0,0,0,0,0,,,0,,0,0,0,0,0,0,0,0,0,0,,0,0,0,0,0,0,0,0,0,0,0,0,0,0,,0,0,0,0,0,,0,0,0,0,1,0,1,1,9,0,0,0,0,0,0,0,0,0,0,0,0,0,0,0,0,0,0,0,0,0,0,0,0,0,0,0,0,0,0,0,0,0,0,0,0,,,0,0,0,0,0,0,0,0,0,0,0,0,,,,0,0,0,0,0,0,0,,0,0,0,0,0,0,0,,0,0,0,0,0,0,0,0,0,0,0,0
00-0034801,J.Woods,Josh Woods,LB,LB,"https://static.www.nfl.com/image/upload/f_auto,q_auto/league/p6wltly2bismav4hvfvb",2025,10,REG,2025_10_ATL_IND,ATL,IND,0,0,0,0,0,0,0,0,0,0,0,0,,,0,,0,0,0,0,0,0,0,0,0,0,,0,0,0,0,0,0,0,0,0,0,0,0,0,0,,0,0,0,0,0,,0,0,0,0,2,0,2,0,0,0,0,0,0,0,0,0,0,0,0,0,0,0,0,0,0,0,0,0,0,0,0,0,0,0,0,0,0,0,0,0,0,0,0,0,0,,,0,0,0,0,0,0,0,0,0,0,0,0,,,,0,0,0,0,0,0,0,,0,0,0,0,0,0,0,,0,0,0,0,0,0,0,0,0,0,0,0
00-0034805,J.Franklin-Myers,John Franklin-Myers,DE,DL,"https://static.www.nfl.com/image/upload/f_auto,q_auto/league/ixfyxejxsfgffbgd7in2",2025,10,REG,2025_10_LV_DEN,DEN,LV,0,0,0,0,0,0,0,0,0,0,0,0,,,0,,0,0,0,0,0,0,0,0,0,0,,0,0,0,0,0,0,0,0,0,0,0,0,0,0,,0,0,0,0,0,,0,0,0,0,1,0,2,0,0,0,0.5,1.5,1,0,0,0,0,0,0,0,0,0,0,0,0,0,0,0,0,0,0,0,0,0,0,0,0,0,0,0,0,0,0,0,0,,,0,0,0,0,0,0,0,0,0,0,0,0,,,,0,0,0,0,0,0,0,,0,0,0,0,0,0,0,,0,0,0,0,0,0,0,0,0,0,0,0
00-0034827,D.Moore,DJ Moore,WR,WR,"https://static.www.nfl.com/image/upload/f_auto,q_auto/league/lsavpxtqoqu25emwcnvy",2025,10,REG,2025_10_NYG_CHI,CHI,NYG,0,0,0,0,0,0,0,0,0,0,0,0,,,0,,0,0,0,0,0,0,0,0,0,0,,0,0,0,0,0,0,4,0,0,0,0,56,0,0,-5.38219398143701,0,0,0,0,0,0,0.111111111111111,0.16231884057971,0.280289855072464,0,0,0,0,0,0,0,0,0,0,0,0,0,0,0,0,0,0,0,0,0,0,0,0,0,0,0,0,0,0,0,0,0,0,0,0,0,0,0,0,0,0,,,0,0,0,0,0,0,0,0,0,0,0,0,,,,0,0,0,0,0,0,0,,0,0,0,0,0,0,0,,0,0,0,0,0,0,0,0,0,0,0,0
00-0034828,H.Landry,Harold Landry III,LB,LB,"https://static.www.nfl.com/image/upload/f_auto,q_auto/league/u4vo0zlxvsph3annhc4f",2025,10,REG,2025_10_NE_TB,NE,TB,0,0,0,0,0,0,0,0,0,0,0,0,,,0,,0,0,0,0,0,0,0,0,0,0,,0,0,0,0,0,0,0,0,0,0,0,0,0,0,,0,0,0,0,0,,0,0,0,0,0,0,3,0,0,0,0,0,1,0,0,0,0,0,0,0,0,0,0,0,0,0,0,0,0,0,0,0,0,0,0,0,0,0,0,0,0,0,0,0,0,,,0,0,0,0,0,0,0,0,0,0,0,0,,,,0,0,0,0,0,0,0,,0,0,0,0,0,0,0,,0,0,0,0,0,0,0,0,0,0,0,0
00-0034832,B.Chubb,Bradley Chubb,OLB,LB,"https://static.www.nfl.com/image/upload/f_auto,q_auto/league/k65yb752vk1uq7sweetl",2025,10,REG,2025_10_BUF_MIA,MIA,BUF,0,0,0,0,0,0,0,0,0,0,0,0,,,0,,0,0,0,0,0,0,0,0,0,0,,0,0,0,0,0,0,0,0,0,0,0,0,0,0,,0,0,0,0,0,,0,0,0,0,2,0,1,0,0,0,1,6,4,0,0,0,0,0,0,0,0,0,0,0,0,0,0,0,0,0,2,20,0,0,0,0,0,0,0,0,0,0,0,0,0,,,0,0,0,0,0,0,0,0,0,0,0,0,,,,0,0,0,0,0,0,0,,0,0,0,0,0,0,0,,0,0,0,0,0,0,0,0,0,0,0,0
00-0034836,B.Smith,Braden Smith,OT,OL,"https://static.www.nfl.com/image/upload/f_auto,q_auto/league/nvotj0nraxfrdeklulgb",2025,10,REG,2025_10_ATL_IND,IND,ATL,0,0,0,0,0,0,0,0,0,0,0,0,,,0,,0,0,0,0,0,0,0,0,0,0,,0,0,0,0,0,0,0,0,0,0,0,0,0,0,,0,0,0,0,0,,0,0,0,0,0,0,0,0,0,0,0,0,0,0,0,0,0,0,0,0,0,0,0,0,0,0,0,0,0,0,1,5,0,0,0,0,0,0,0,0,0,0,0,0,0,,,0,0,0,0,0,0,0,0,0,0,0,0,,,,0,0,0,0,0,0,0,,0,0,0,0,0,0,0,,0,0,0,0,0,0,0,0,0,0,0,0
00-0034842,T.Bryan,Taven Bryan,DT,DL,"https://static.www.nfl.com/image/upload/f_auto,q_auto/league/omwj6uyx0ermi51ptvh6",2025,10,REG,2025_10_BAL_MIN,BAL,MIN,0,0,0,0,0,0,0,0,0,0,0,0,,,0,,0,0,0,0,0,0,0,0,0,0,,0,0,0,0,0,0,0,0,0,0,0,0,0,0,,0,0,0,0,0,,0,0,0,0,0,0,0,0,0,0,0,0,1,0,0,0,0,0,0,0,0,0,0,0,0,0,0,0,0,0,0,0,0,0,0,0,0,0,0,0,0,0,0,0,0,,,0,0,0,0,0,0,0,0,0,0,0,0,,,,0,0,0,0,0,0,0,,0,0,0,0,0,0,0,,0,0,0,0,0,0,0,0,0,0,0,0
00-0034844,S.Barkley,Saquon Barkley,RB,RB,"https://static.www.nfl.com/image/upload/f_auto,q_auto/league/qcayrzjpura2zydszonh",2025,10,REG,2025_10_PHI_GB,PHI,GB,0,0,0,0,0,0,0,0,0,0,0,0,,,0,,0,0,0,0,22,60,0,0,0,2,-6.23942760913633,0,1,1,0,0,3,3,41,0,0,0,-10,51,1,2.73715705471113,0,1,1,1,1,-4.1,0.130434782608696,-0.0436681222707424,0.165084488323524,0,0,0,0,0,0,0,0,0,0,0,0,0,0,0,0,0,0,0,0,0,0,0,0,0,0,0,0,0,0,0,0,0,0,0,0,0,0,0,0,0,0,,,0,0,0,0,0,0,0,0,0,0,0,0,,,,0,0,0,0,0,0,0,,0,0,0,0,0,0,0,,0,0,0,0,0,0,0,0,0,0,10.1,13.1
00-0034847,M.McGlinchey,Mike McGlinchey,OT,OL,"https://static.www.nfl.com/image/upload/f_auto,q_auto/league/fddsmma8dpk7kqufb6f1",2025,10,REG,2025_10_LV_DEN,DEN,LV,0,0,0,0,0,0,0,0,0,0,0,0,,,0,,0,0,0,0,0,0,0,0,0,0,,0,0,0,0,0,0,0,0,0,0,0,0,0,0,,0,0,0,0,0,,0,0,0,0,0,0,0,0,0,0,0,0,0,0,0,0,0,0,0,0,0,0,0,0,0,0,0,0,0,0,1,5,0,0,0,0,0,0,0,0,0,0,0,0,0,,,0,0,0,0,0,0,0,0,0,0,0,0,,,,0,0,0,0,0,0,0,,0,0,0,0,0,0,0,,0,0,0,0,0,0,0,0,0,0,0,0
00-0034854,K.Hodge,KhaDarel Hodge,WR,WR,"https://static.www.nfl.com/image/upload/f_auto,q_auto/league/r6vyxamrbb62lcccap2r",2025,10,REG,2025_10_ATL_IND,ATL,IND,0,0,0,0,0,0,0,0,0,0,0,0,,,0,,0,0,0,0,0,0,0,0,0,0,,0,0,0,0,0,0,0,0,0,0,0,0,0,0,,0,0,0,0,0,,0,0,0,0,1,0,1,0,0,0,0,0,0,0,0,0,0,0,0,0,0,0,0,0,0,0,0,0,0,0,0,0,0,0,0,0,0,0,0,0,0,0,0,0,0,,,0,0,0,0,0,0,0,0,0,0,0,0,,,,0,0,0,0,0,0,0,,0,0,0,0,0,0,0,,0,0,0,0,0,0,0,0,0,0,0,0
00-0034855,B.Mayfield,Baker Mayfield,QB,QB,"https://static.www.nfl.com/image/upload/f_auto,q_auto/league/gjb8e69jtt1ffqf1afue",2025,10,REG,2025_10_NE_TB,TB,NE,28,43,273,3,0,2,-15,0,0,282,132,14,0.968220839278859,-2.53880481387294,0,0.968085106382979,14,5,4,0,0,0,0,0,0,0,,0,0,0,0,0,0,0,0,0,0,0,0,0,0,,0,0,0,0,0,,0,0,0,0,0,0,0,0,0,0,0,0,0,0,0,0,0,0,0,0,0,0,0,0,0,0,0,0,0,0,0,0,0,0,0,0,0,0,0,0,0,0,0,0,0,,,0,0,0,0,0,0,0,0,0,0,0,0,,,,0,0,0,0,0,0,0,,0,0,0,0,0,0,0,,0,0,0,0,0,0,0,0,0,0,22.92,22.92
00-0034856,D.Ward,Denzel Ward,CB,DB,"https://static.www.nfl.com/image/upload/f_auto,q_auto/league/mmp5gacrbeeolrsgg5wm",2025,10,REG,2025_10_CLE_NYJ,CLE,NYJ,0,0,0,0,0,0,0,0,0,0,0,0,,,0,,0,0,0,0,0,0,0,0,0,0,,0,0,0,0,0,0,0,0,0,0,0,0,0,0,,0,0,0,0,0,,0,0,0,0,1,0,0,0,0,0,0,0,0,0,0,0,0,0,0,0,0,0,0,0,0,0,0,0,0,0,0,0,0,0,0,0,0,0,0,0,0,0,0,0,0,,,0,0,0,0,0,0,0,0,0,0,0,0,,,,0,0,0,0,0,0,0,,0,0,0,0,0,0,0,,0,0,0,0,0,0,0,0,0,0,0,0
00-0034857,J.Allen,Josh Allen,QB,QB,"https://static.www.nfl.com/image/upload/f_auto,q_auto/league/mjwbioajzldkq1vzoz2d",2025,10,REG,2025_10_BUF_MIA,BUF,MIA,28,40,306,2,1,3,-17,0,0,404,114,12,4.18633139254246,7.70525680138515,0,0.757425742574258,11,9,7,0,4,31,0,1,1,2,-0.789932894113008,0,1,1,0,0,0,0,0,0,0,0,0,0,0,,0,0,0,0,0,,0,0,0,0,0,0,0,0,0,0,0,0,0,0,0,0,0,0,0,0,0,0,0,0,0,0,0,0,0,0,0,0,1,0,0,1,1,0,0,0,0,0,0,0,0,,,0,0,0,0,0,0,0,0,0,0,0,0,,,,0,0,0,0,0,0,0,,0,0,0,0,0,0,0,,0,0,0,0,0,0,0,0,0,0,19.34,19.34
00-0034860,D.Pettis,Dante Pettis,WR,WR,"https://static.www.nfl.com/image/upload/f_auto,q_auto/league/xz70t2ahl2ak2q9mqtia",2025,10,REG,2025_10_NO_CAR,NO,CAR,0,0,0,0,0,0,0,0,0,0,0,0,,,0,,0,0,0,0,0,0,0,0,0,0,,0,0,0,0,0,0,0,0,0,0,0,0,0,0,,0,0,0,0,0,,0,0,0,0,0,0,0,0,0,0,0,0,0,0,0,0,0,0,0,0,0,0,0,0,0,0,0,0,0,0,0,0,0,0,0,0,0,2,8,1,31,0,0,0,0,,,0,0,0,0,0,0,0,0,0,0,0,0,,,,0,0,0,0,0,0,0,,0,0,0,0,0,0,0,,0,0,0,0,0,0,0,0,0,0,0,0
00-0034869,S.Darnold,Sam Darnold,QB,QB,"https://static.www.nfl.com/image/upload/f_auto,q_auto/league/fyay8vruj0cqmhopufzk",2025,10,REG,2025_10_ARI_SEA,SEA,ARI,10,12,178,1,1,1,-4,1,1,128,79,6,4.09513975489924,18.8896216452122,0,1.390625,5,3,2,2,3,-2,0,1,1,0,-5.20589306447073,0,0,0,0,0,0,0,0,0,0,0,0,0,0,,0,0,0,0,0,,0,0,0,0,0,0,0,0,0,0,0,0,0,0,0,0,0,0,0,0,0,0,0,0,0,0,0,0,0,0,0,0,1,1,0,2,2,0,0,0,0,0,0,0,0,,,0,0,0,0,0,0,0,0,0,0,0,0,,,,0,0,0,0,0,0,0,,0,0,0,0,0,0,0,,0,0,0,0,0,0,0,0,0,0,4.92,4.92
00-0034874,R.Smith,Roquan Smith,ILB,LB,"https://static.www.nfl.com/image/upload/f_auto,q_auto/league/hfsdx9xzvyknsdm7bysy",2025,10,REG,2025_10_BAL_MIN,BAL,MIN,0,0,0,0,0,0,0,0,0,0,0,0,,,0,,0,0,0,0,0,0,0,0,0,0,,0,0,0,0,0,0,0,0,0,0,0,0,0,0,,0,0,0,0,0,,0,0,0,0,3,0,3,0,0,0,0,0,1,0,0,1,0,0,0,0,0,0,0,0,0,0,0,0,0,0,2,14,0,0,0,0,0,0,0,0,0,0,0,0,0,,,0,0,0,0,0,0,0,0,0,0,0,0,,,,0,0,0,0,0,0,0,,0,0,0,0,0,0,0,,0,0,0,0,0,0,0,0,0,0,0,0
00-0034941,M.Wishnowsky,Mitch Wishnowsky,P,SPEC,"https://static.www.nfl.com/image/upload/f_auto,q_auto/league/kjifuyh2rm6dygczcv4f",2025,10,REG,2025_10_BUF_MIA,BUF,MIA,0,0,0,0,0,0,0,0,0,0,0,0,,,0,,0,0,0,0,0,0,0,0,0,0,,0,0,0,0,0,0,0,0,0,0,0,0,0,0,,0,0,0,0,0,,0,0,0,0,0,0,0,0,0,0,0,0,0,0,0,0,0,0,0,0,0,0,0,0,0,0,0,0,0,0,0,0,0,0,0,0,0,0,0,0,0,0,0,0,0,,,0,0,0,0,0,0,0,0,0,0,0,0,,,,0,0,0,0,0,0,0,,0,0,0,0,0,4,0,61,217,2,0,1,0,2,1,13,0,204,0,0
00-0034959,A.Beck,Andrew Beck,FB,RB,"https://static.www.nfl.com/image/upload/f_auto,q_auto/league/zv8xb3nfxamq7sqa1xqt",2025,10,REG,2025_10_CLE_NYJ,NYJ,CLE,0,0,0,0,0,0,0,0,0,0,0,0,,,0,,0,0,0,0,0,0,0,0,0,0,,0,0,0,0,0,0,0,0,0,0,0,0,0,0,,0,0,0,0,0,,0,0,0,0,1,0,0,0,0,0,0,0,0,0,0,0,0,0,0,0,0,0,0,0,0,0,0,0,0,0,0,0,0,0,0,0,0,0,0,0,0,0,0,0,0,,,0,0,0,0,0,0,0,0,0,0,0,0,,,,0,0,0,0,0,0,0,,0,0,0,0,0,0,0,,0,0,0,0,0,0,0,0,0,0,0,0
00-0034960,J.Meyers,Jakobi Meyers,WR,WR,"https://static.www.nfl.com/image/upload/f_auto,q_auto/league/zrs4ij8mvw7wr1uujwew",2025,10,REG,2025_10_JAX_HOU,JAX,HOU,0,0,0,0,0,0,0,0,0,0,0,0,,,0,,0,0,0,0,0,0,0,0,0,0,,0,0,0,0,0,3,3,41,0,0,0,34,7,2,4.2978222060483,0,2,1,1,0,1.20588235294118,0.130434782608696,0.232876712328767,0.35866587254318,0,0,0,0,0,0,0,0,0,0,0,0,0,0,0,0,0,0,0,0,0,0,0,0,0,0,0,0,0,0,0,0,0,0,0,0,0,0,0,0,0,0,,,0,0,0,0,0,0,0,0,0,0,0,0,,,,0,0,0,0,0,0,0,,0,0,0,0,0,0,0,,0,0,0,0,0,0,0,0,0,0,4.1,7.1
00-0034967,R.Gary,Rashan Gary,LB,LB,"https://static.www.nfl.com/image/upload/f_auto,q_auto/league/ew8xw9vqpcmeily0m3fk",2025,10,REG,2025_10_PHI_GB,GB,PHI,0,0,0,0,0,0,0,0,0,0,0,0,,,0,,0,0,0,0,0,0,0,0,0,0,,0,0,0,0,0,0,0,0,0,0,0,0,0,0,,0,0,0,0,0,,0,0,0,0,1,0,3,0,0,0,0,0,0,0,0,0,0,0,0,0,0,0,0,0,0,0,0,0,0,0,0,0,0,0,0,0,0,0,0,0,0,0,0,0,0,,,0,0,0,0,0,0,0,0,0,0,0,0,,,,0,0,0,0,0,0,0,,0,0,0,0,0,0,0,,0,0,0,0,0,0,0,0,0,0,0,0
00-0034968,D.Savage,Darnell Savage,SAF,DB,"https://static.www.nfl.com/image/upload/f_auto,q_auto/league/oahujzgwcvkeyc9qpqrb",2025,10,REG,2025_10_DET_WAS,WAS,DET,0,0,0,0,0,0,0,0,0,0,0,0,,,0,,0,0,0,0,0,0,0,0,0,0,,0,0,0,0,0,0,0,0,0,0,0,0,0,0,,0,0,0,0,0,,0,0,0,0,1,0,0,0,0,0,0,0,0,0,0,0,0,0,0,0,0,0,0,0,0,0,0,0,0,0,0,0,0,0,0,0,0,0,0,0,0,0,0,0,0,,,0,0,0,0,0,0,0,0,0,0,0,0,,,,0,0,0,0,0,0,0,,0,0,0,0,0,0,0,,0,0,0,0,0,0,0,0,0,0,0,0
00-0034973,M.Crosby,Maxx Crosby,DE,DL,"https://static.www.nfl.com/image/upload/f_auto,q_auto/league/r9gqe3lrjstj55ydljhk",2025,10,REG,2025_10_LV_DEN,LV,DEN,0,0,0,0,0,0,0,0,0,0,0,0,,,0,,0,0,0,0,0,0,0,0,0,0,,0,0,0,0,0,0,0,0,0,0,0,0,0,0,,0,0,0,0,0,,0,0,0,0,2,0,3,0,0,0,0,0,0,0,0,0,0,0,0,0,0,0,0,0,0,0,0,0,0,0,1,5,0,0,0,0,0,0,0,0,0,0,0,0,0,,,0,0,0,0,0,0,0,0,0,0,0,0,,,,0,0,0,0,0,0,0,,0,0,0,0,0,0,0,,0,0,0,0,0,0,0,0,0,0,0,0
00-0034975,J.Hill,Justice Hill,RB,RB,"https://static.www.nfl.com/image/upload/f_auto,q_auto/league/fuodbrwvianete2gy5ag",2025,10,REG,2025_10_BAL_MIN,BAL,MIN,0,0,0,0,0,0,0,0,0,0,0,0,,,0,,0,0,0,0,1,1,1,0,0,1,0.527041434193961,0,0,0,0,0,1,2,12,0,0,0,6,8,1,-0.273600936459843,0,1,0,0,0,2,0.0714285714285714,0.0504201680672269,0.142436974789916,0,0,0,0,0,0,0,0,0,0,0,0,0,0,0,0,0,0,0,0,0,0,0,0,0,0,0,0,0,0,0,0,0,0,0,0,1,28,0,0,0,0,,,0,0,0,0,0,0,0,0,0,0,0,0,,,,0,0,0,0,0,0,0,,0,0,0,0,0,0,0,,0,0,0,0,0,0,0,0,0,0,7.3,8.3
00-0034981,F.Moreau,Foster Moreau,TE,TE,"https://static.www.nfl.com/image/upload/f_auto,q_auto/league/daymhftrwf00siu0iviy",2025,10,REG,2025_10_NO_CAR,NO,CAR,0,0,0,0,0,0,0,0,0,0,0,0,,,0,,0,0,0,0,0,0,0,0,0,0,,0,0,0,0,0,2,3,16,0,0,0,10,9,1,1.33481609285809,0,1,0,0,0,1.6,0.115384615384615,0.0390625,0.200420673076923,0,0,0,0,0,0,0,0,0,0,0,0,0,0,0,0,0,0,0,0,0,0,0,0,0,0,0,0,0,0,0,0,0,0,0,0,0,0,0,0,0,0,,,0,0,0,0,0,0,0,0,0,0,0,0,,,,0,0,0,0,0,0,0,,0,0,0,0,0,0,0,,0,0,0,0,0,0,0,0,0,0,1.6,3.6
00-0034982,D.Greenlaw,Dre Greenlaw,LB,LB,"https://static.www.nfl.com/image/upload/f_auto,q_auto/league/jtvcc2vtczop90dkl4wd",2025,10,REG,2025_10_LV_DEN,DEN,LV,0,0,0,0,0,0,0,0,0,0,0,0,,,0,,0,0,0,0,0,0,0,0,0,0,,0,0,0,0,0,0,0,0,0,0,0,0,0,0,,0,0,0,0,0,,0,0,0,0,2,0,3,1,7,1,0,0,0,0,0,1,0,0,0,0,0,0,0,0,0,0,0,0,0,0,0,0,0,0,0,0,0,0,0,0,0,0,0,0,0,,,0,0,0,0,0,0,0,0,0,0,0,0,,,,0,0,0,0,0,0,0,,0,0,0,0,0,0,0,,0,0,0,0,0,0,0,0,0,0,0,0
00-0034987,E.Speed,E.J. Speed,LB,LB,"https://static.www.nfl.com/image/upload/f_auto,q_auto/league/lpqe7elzi8tbt8rjzozd",2025,10,REG,2025_10_JAX_HOU,HOU,JAX,0,0,0,0,0,0,0,0,0,0,0,0,,,0,,0,0,0,0,0,0,0,0,0,0,,0,0,0,0,0,0,0,0,0,0,0,0,0,0,,0,0,0,0,0,,0,0,0,0,3,0,3,1,1,0,0,0,0,0,0,0,0,0,0,0,0,0,0,0,0,0,0,0,0,0,1,5,0,0,0,0,0,0,0,0,0,0,0,0,0,,,0,0,0,0,0,0,0,0,0,0,0,0,,,,0,0,0,0,0,0,0,,0,0,0,0,0,0,0,,0,0,0,0,0,0,0,0,0,0,0,0
00-0035000,Q.Bell,Quinton Bell,LB,LB,"https://static.www.nfl.com/image/upload/f_auto,q_auto/league/zjs3eeybw4lxtljzm8lf",2025,10,REG,2025_10_BUF_MIA,MIA,BUF,0,0,0,0,0,0,0,0,0,0,0,0,,,0,,0,0,0,0,0,0,0,0,0,0,,0,0,0,0,0,0,0,0,0,0,0,0,0,0,,0,0,0,0,0,,0,0,0,0,0,0,1,0,0,0,0,0,0,0,0,0,0,0,0,0,0,0,0,0,0,0,0,0,0,0,0,0,0,0,0,0,0,0,0,0,0,0,0,0,0,,,0,0,0,0,0,0,0,0,0,0,0,0,,,,0,0,0,0,0,0,0,,0,0,0,0,0,0,0,,0,0,0,0,0,0,0,0,0,0,0,0
00-0035020,D.Flannigan-Fowles,Demetrius Flannigan-Fowles,LB,LB,"https://static.www.nfl.com/image/upload/f_auto,q_auto/league/fdscbr72gkwbdwv1z4qd",2025,10,REG,2025_10_NYG_CHI,NYG,CHI,0,0,0,0,0,0,0,0,0,0,0,0,,,0,,0,0,0,0,0,0,0,0,0,0,,0,0,0,0,0,0,0,0,0,0,0,0,0,0,,0,0,0,0,0,,0,0,0,0,4,1,2,1,2,0,0,0,1,0,0,0,0,0,0,0,0,0,0,0,0,0,0,0,0,0,0,0,0,0,0,0,0,0,0,0,0,0,0,0,0,,,0,0,0,0,0,0,0,0,0,0,0,0,,,,0,0,0,0,0,0,0,,0,0,0,0,0,0,0,,0,0,0,0,0,0,0,0,0,0,0,0
00-0035021,A.Dulin,Ashton Dulin,WR,WR,"https://static.www.nfl.com/image/upload/f_auto,q_auto/league/ux55cx0r9iwqwmfmaip6",2025,10,REG,2025_10_ATL_IND,IND,ATL,0,0,0,0,0,0,0,0,0,0,0,0,,,0,,0,0,0,0,1,22,0,0,0,1,1.93153586378321,0,1,1,1,0,0,0,0,0,0,0,0,0,0,,0,0,0,0,0,,0,0,0,0,1,0,0,0,0,0,0,0,0,0,0,0,0,0,0,0,0,0,0,0,0,0,0,0,0,0,1,6,0,0,0,0,0,0,0,2,70,0,0,0,0,,,0,0,0,0,0,0,0,0,0,0,0,0,,,,0,0,0,0,0,0,0,,0,0,0,0,0,0,0,,0,0,0,0,0,0,0,0,0,0,2.2,2.2
00-0035026,K.Givens,Kevin Givens,DT,DL,"https://static.www.nfl.com/image/upload/f_auto,q_auto/league/dpbmpsyvi88lpb4xebly",2025,10,REG,2025_10_LA_SF,SF,LA,0,0,0,0,0,0,0,0,0,0,0,0,,,0,,0,0,0,0,0,0,0,0,0,0,,0,0,0,0,0,0,0,0,0,0,0,0,0,0,,0,0,0,0,0,,0,0,0,0,1,0,0,0,0,0,0,0,0,0,0,0,0,0,0,0,0,0,0,0,0,0,0,0,0,0,0,0,0,0,0,0,0,0,0,0,0,0,0,0,0,,,0,0,0,0,0,0,0,0,0,0,0,0,,,,0,0,0,0,0,0,0,,0,0,0,0,0,0,0,,0,0,0,0,0,0,0,0,0,0,0,0
00-0035042,J.Gillan,Jamie Gillan,P,SPEC,"https://static.www.nfl.com/image/upload/f_auto,q_auto/league/kxwddoiqqghc1kxaajco",2025,10,REG,2025_10_NYG_CHI,NYG,CHI,0,0,0,0,0,0,0,0,0,0,0,0,,,0,,0,0,0,0,0,0,0,0,0,0,,0,0,0,0,0,0,0,0,0,0,0,0,0,0,,0,0,0,0,0,,0,0,0,0,0,0,0,0,0,0,0,0,0,0,0,0,0,0,0,0,0,0,0,0,0,0,0,0,0,0,2,0,0,0,0,0,0,0,0,0,0,0,0,0,0,,,0,0,0,0,0,0,0,0,0,0,0,0,,,,0,0,0,0,0,0,0,,0,0,0,0,0,3,0,54,110,1,1,0,0,1,1,13,0,97,0,0
00-0035125,A.Ingold,Alec Ingold,FB,RB,"https://static.www.nfl.com/image/upload/f_auto,q_auto/league/saqgxmq3xrr68byket0r",2025,10,REG,2025_10_BUF_MIA,MIA,BUF,0,0,0,0,0,0,0,0,0,0,0,0,,,0,,0,0,0,0,1,6,0,0,0,1,0.726817573653534,0,0,0,0,0,0,0,0,0,0,0,0,0,0,,0,0,0,0,0,,0,0,0,0,0,0,0,0,0,0,0,0,0,0,0,0,0,0,0,0,0,0,0,0,0,0,0,0,0,0,1,5,0,0,0,0,0,0,0,0,0,0,0,0,0,,,0,0,0,0,0,0,0,0,0,0,0,0,,,,0,0,0,0,0,0,0,,0,0,0,0,0,0,0,,0,0,0,0,0,0,0,0,0,0,0.6,0.6
00-0035133,K.Nixon,Keisean Nixon,DB,DB,"https://static.www.nfl.com/image/upload/f_auto,q_auto/league/ousxob0dqjxxmcalq8aa",2025,10,REG,2025_10_PHI_GB,GB,PHI,0,0,0,0,0,0,0,0,0,0,0,0,,,0,,0,0,0,0,0,0,0,0,0,0,,0,0,0,0,0,0,0,0,0,0,0,0,0,0,,0,0,0,0,0,,0,0,0,0,2,0,2,0,0,0,0,0,0,0,0,1,0,0,0,0,0,0,0,0,0,0,0,1,22,0,0,0,0,0,0,0,0,0,0,0,0,0,0,0,0,,,0,0,0,0,0,0,0,0,0,0,0,0,,,,0,0,0,0,0,0,0,,0,0,0,0,0,0,0,,0,0,0,0,0,0,0,0,0,0,0,0
00-0035166,A.Al-Shaair,Azeez Al-Shaair,LB,LB,"https://static.www.nfl.com/image/upload/f_auto,q_auto/league/s03mktbhybon2whnvytl",2025,10,REG,2025_10_JAX_HOU,HOU,JAX,0,0,0,0,0,0,0,0,0,0,0,0,,,0,,0,0,0,0,0,0,0,0,0,0,,0,0,0,0,0,0,0,0,0,0,0,0,0,0,,0,0,0,0,0,,0,0,0,0,3,0,5,0,0,0,0,0,0,0,0,1,0,0,0,0,0,0,0,0,0,0,0,0,0,0,0,0,0,0,0,0,0,0,0,0,0,0,0,0,0,,,0,0,0,0,0,0,0,0,0,0,0,0,,,,0,0,0,0,0,0,0,,0,0,0,0,0,0,0,,0,0,0,0,0,0,0,0,0,0,0,0
00-0035189,M.Wright,Matthew Wright,K,SPEC,"https://static.www.nfl.com/image/upload/f_auto,q_auto/league/htrs1hrrfok88fllrtex",2025,10,REG,2025_10_JAX_HOU,HOU,JAX,0,0,0,0,0,0,0,0,0,0,0,0,,,0,,0,0,0,0,0,0,0,0,0,0,,0,0,0,0,0,0,0,0,0,0,0,0,0,0,,0,0,0,0,0,,0,0,0,0,0,0,0,0,0,0,0,0,0,0,0,0,0,0,0,0,0,0,0,0,0,0,0,0,0,0,0,0,0,0,0,0,0,0,0,0,0,1,1,0,0,23,1,0,1,0,0,0,0,0,0,0,0,0,0,23,,,23,0,0,1,1,0,0,1,0,0,0,0,0,0,0,,0,0,0,0,0,0,0,0,0,0,0,0
00-0035190,A.Cole,AJ Cole,P,SPEC,"https://static.www.nfl.com/image/upload/f_auto,q_auto/league/t6ah2u0wptbb8n22tehr",2025,10,REG,2025_10_LV_DEN,LV,DEN,0,0,0,0,0,0,0,0,0,0,0,0,,,0,,0,0,0,0,0,0,0,0,0,0,,0,0,0,0,0,0,0,0,0,0,0,0,0,0,,0,0,0,0,0,,0,0,0,0,0,0,0,0,0,0,0,0,0,0,0,0,0,0,0,0,0,0,0,0,0,1,0,0,0,0,0,0,0,1,0,1,0,0,0,0,0,0,0,0,0,,,0,0,0,0,0,0,0,0,0,0,0,0,,,,0,0,0,0,0,0,0,,0,0,0,0,0,7,1,48,299,3,4,0,1,1,1,-1,0,280,0,0
00-0035202,D.Phillips,Del'Shawn Phillips,LB,LB,"https://static.www.nfl.com/image/upload/f_auto,q_auto/league/plnsixu8jpozw1grxuvc",2025,10,REG,2025_10_PIT_LAC,LAC,PIT,0,0,0,0,0,0,0,0,0,0,0,0,,,0,,0,0,0,0,0,0,0,0,0,0,,0,0,0,0,0,0,0,0,0,0,0,0,0,0,,0,0,0,0,0,,0,0,0,0,3,0,0,0,0,0,0,0,0,0,0,0,0,0,0,0,0,0,0,0,0,0,0,1,0,0,0,0,0,0,0,0,0,0,0,0,0,0,0,0,0,,,0,0,0,0,0,0,0,0,0,0,0,0,,,,0,0,0,0,0,0,0,,0,0,0,0,0,0,0,,0,0,0,0,0,0,0,0,0,0,0,0
00-0035208,O.Zaccheaus,Olamide Zaccheaus,WR,WR,"https://static.www.nfl.com/image/upload/f_auto,q_auto/league/zsnzd30ysrewgufbv06y",2025,10,REG,2025_10_NYG_CHI,CHI,NYG,0,0,0,0,0,0,0,0,0,0,0,0,,,0,,0,0,0,0,0,0,0,0,0,0,,0,0,0,0,0,1,4,5,0,0,0,38,-1,0,-3.78167874505743,0,0,0,0,0,0.131578947368421,0.111111111111111,0.110144927536232,0.243768115942029,0,0,0,0,0,0,0,0,0,0,0,0,0,0,0,0,0,0,0,0,0,0,0,0,0,0,0,0,0,0,0,0,0,0,0,0,0,0,0,0,0,0,,,0,0,0,0,0,0,0,0,0,0,0,0,,,,0,0,0,0,0,0,0,,0,0,0,0,0,0,0,,0,0,0,0,0,0,0,0,0,0,0.5,1.5
00-0035229,T.Hockenson,T.J. Hockenson,TE,TE,"https://static.www.nfl.com/image/upload/f_auto,q_auto/league/rs8o65x0u0n9xzde0fd6",2025,10,REG,2025_10_BAL_MIN,MIN,BAL,0,0,0,0,0,0,0,0,0,0,0,0,,,0,,0,0,0,0,0,0,0,0,0,0,,0,0,0,0,0,2,2,8,0,0,0,8,0,0,-0.327455690363422,0,0,0,0,0,1,0.0487804878048781,0.0174672489082969,0.085397805943125,0,0,0,0,0,0,0,0,0,0,0,0,0,0,0,0,0,0,0,0,0,0,0,0,0,0,0,0,0,0,0,0,0,0,0,0,0,0,0,0,0,0,,,0,0,0,0,0,0,0,0,0,0,0,0,,,,0,0,0,0,0,0,0,,0,0,0,0,0,0,0,,0,0,0,0,0,0,0,0,0,0,0.8,2.8
00-0035236,B.Murphy,Byron Murphy,CB,DB,"https://static.www.nfl.com/image/upload/f_auto,q_auto/league/secfzfwznyhcgiow4rvq",2025,10,REG,2025_10_BAL_MIN,MIN,BAL,0,0,0,0,0,0,0,0,0,0,0,0,,,0,,0,0,0,0,0,0,0,0,0,0,,0,0,0,0,0,0,0,0,0,0,0,0,0,0,,0,0,0,0,0,,0,0,0,0,4,0,0,0,0,0,0,0,0,0,0,0,0,0,0,0,0,0,0,0,0,0,0,0,0,0,1,5,0,0,0,0,0,0,0,0,0,0,0,0,0,,,0,0,0,0,0,0,0,0,0,0,0,0,,,,0,0,0,0,0,0,0,,0,0,0,0,0,0,0,,0,0,0,0,0,0,0,0,0,0,0,0
00-0035240,J.Tavai,Jahlani Tavai,LB,LB,"https://static.www.nfl.com/image/upload/f_auto,q_auto/league/srlewkb9utcfby1x0bhh",2025,10,REG,2025_10_NE_TB,NE,TB,0,0,0,0,0,0,0,0,0,0,0,0,,,0,,0,0,0,0,0,0,0,0,0,0,,0,0,0,0,0,0,0,0,0,0,0,0,0,0,,0,0,0,0,0,,0,0,0,0,0,0,2,0,0,0,0,0,0,0,0,0,0,0,0,0,0,0,0,0,0,0,0,0,0,0,0,0,0,0,0,0,0,0,0,0,0,0,0,0,0,,,0,0,0,0,0,0,0,0,0,0,0,0,,,,0,0,0,0,0,0,0,,0,0,0,0,0,0,0,,0,0,0,0,0,0,0,0,0,0,0,0
00-0035244,L.Johnson,Lonnie Johnson,SAF,DB,"https://static.www.nfl.com/image/upload/f_auto,q_auto/league/qdkpfoodqaly3jypouwm",2025,10,REG,2025_10_LV_DEN,LV,DEN,0,0,0,0,0,0,0,0,0,0,0,0,,,0,,0,0,0,0,0,0,0,0,0,0,,0,0,0,0,0,0,0,0,0,0,0,0,0,0,,0,0,0,0,0,,0,0,0,0,3,0,0,0,0,0,0,0,0,0,0,0,0,0,0,0,0,0,0,0,0,0,0,0,0,0,0,0,0,0,0,0,0,0,0,0,0,0,0,0,0,,,0,0,0,0,0,0,0,0,0,0,0,0,,,,0,0,0,0,0,0,0,,0,0,0,0,0,0,0,,0,0,0,0,0,0,0,0,0,0,0,0
00-0035248,Z.Allen,Zach Allen,DE,DL,"https://static.www.nfl.com/image/upload/f_auto,q_auto/league/ywtnmev7mxnkh1yhbrgx",2025,10,REG,2025_10_LV_DEN,DEN,LV,0,0,0,0,0,0,0,0,0,0,0,0,,,0,,0,0,0,0,0,0,0,0,0,0,,0,0,0,0,0,0,0,0,0,0,0,0,0,0,,0,0,0,0,0,,0,0,0,0,1,0,3,0,0,0,1,5.5,3,0,0,1,0,0,0,0,0,0,0,0,0,0,0,0,0,0,0,0,0,0,0,0,0,0,0,0,0,0,0,0,0,,,0,0,0,0,0,0,0,0,0,0,0,0,,,,0,0,0,0,0,0,0,,0,0,0,0,0,0,0,,0,0,0,0,0,0,0,0,0,0,0,0
00-0035250,D.Singletary,Devin Singletary,RB,RB,"https://static.www.nfl.com/image/upload/f_auto,q_auto/league/xy2r2msxjqneml2c1cdc",2025,10,REG,2025_10_NYG_CHI,NYG,CHI,0,0,0,0,0,0,0,0,0,0,0,0,,,0,,0,0,0,0,8,20,0,0,0,1,-2.32541275874246,0,0,0,0,0,3,3,53,0,0,0,-3,56,1,2.86830148205627,0,1,1,1,1,-17.6666666666667,0.09375,-0.0103092783505155,0.133408505154639,0,0,0,0,0,0,0,0,0,0,0,0,0,0,0,0,0,0,0,0,0,0,0,0,0,0,0,0,0,0,0,0,0,0,0,0,0,0,0,0,0,0,,,0,0,0,0,0,0,0,0,0,0,0,0,,,,0,0,0,0,0,0,0,,0,0,0,0,0,0,0,,0,0,0,0,0,0,0,0,0,0,7.3,10.3
00-0035253,C.Gardner-Johnson,C.J. Gardner-Johnson,SAF,DB,"https://static.www.nfl.com/image/upload/f_auto,q_auto/league/pvzkbh5j3zlna7pkywx6",2025,10,REG,2025_10_NYG_CHI,CHI,NYG,0,0,0,0,0,0,0,0,0,0,0,0,,,0,,0,0,0,0,0,0,0,0,0,0,,0,0,0,0,0,0,0,0,0,0,0,0,0,0,,0,0,0,0,0,,0,0,0,0,7,0,2,2,19,1,2,19,2,0,0,0,0,0,0,0,0,0,0,0,0,0,0,0,0,0,0,0,0,0,0,0,0,0,0,0,0,0,0,0,0,,,0,0,0,0,0,0,0,0,0,0,0,0,,,,0,0,0,0,0,0,0,,0,0,0,0,0,0,0,,0,0,0,0,0,0,0,0,0,0,0,0
00-0035254,A.Nelson,Anthony Nelson,LB,LB,"https://static.www.nfl.com/image/upload/f_auto,q_auto/league/b6hjuuemwgsh8q7lmadz",2025,10,REG,2025_10_NE_TB,TB,NE,0,0,0,0,0,0,0,0,0,0,0,0,,,0,,0,0,0,0,0,0,0,0,0,0,,0,0,0,0,0,0,0,0,0,0,0,0,0,0,,0,0,0,0,0,,0,0,0,0,3,0,3,0,0,0,0,0,0,0,0,0,0,0,0,0,0,0,0,0,0,0,0,0,0,0,0,0,0,0,0,0,0,0,0,0,0,0,0,0,0,,,0,0,0,0,0,0,0,0,0,0,0,0,,,,0,0,0,0,0,0,0,,0,0,0,0,0,0,0,,0,0,0,0,0,0,0,0,0,0,0,0
00-0035258,H.Froholdt,Hjalte Froholdt,G,OL,"https://static.www.nfl.com/image/upload/f_auto,q_auto/league/ylkuycgg5mlekrd0e7uy",2025,10,REG,2025_10_ARI_SEA,ARI,SEA,0,0,0,0,0,0,0,0,0,0,0,0,,,0,,0,0,0,0,0,0,0,0,0,0,,0,0,0,0,0,0,0,0,0,0,0,0,0,0,,0,0,0,0,0,,0,0,0,0,0,0,0,0,0,0,0,0,0,0,0,0,0,0,0,0,0,0,0,0,0,0,0,0,0,0,1,5,0,0,0,0,0,0,0,0,0,0,0,0,0,,,0,0,0,0,0,0,0,0,0,0,0,0,,,,0,0,0,0,0,0,0,,0,0,0,0,0,0,0,,0,0,0,0,0,0,0,0,0,0,0,0
00-0035269,M.Gay,Matt Gay,K,SPEC,"https://static.www.nfl.com/image/upload/f_auto,q_auto/league/opglxpqmhu21eydoyvg2",2025,10,REG,2025_10_DET_WAS,WAS,DET,0,0,0,0,0,0,0,0,0,0,0,0,,,0,,0,0,0,0,0,0,0,0,0,0,,0,0,0,0,0,0,0,0,0,0,0,0,0,0,,0,0,0,0,0,,0,0,0,0,0,0,0,0,0,0,0,0,0,0,0,0,0,0,0,0,0,0,0,0,0,0,0,0,0,0,0,0,0,0,0,0,0,0,0,0,0,1,1,0,0,44,1,0,0,0,1,0,0,0,0,0,0,0,0,44,,,44,0,0,1,1,0,0,1,0,0,0,0,0,0,0,,0,0,0,0,0,0,0,0,0,0,0,0
00-0035272,A.Van Ginkel,Andrew Van Ginkel,OLB,LB,"https://static.www.nfl.com/image/upload/f_auto,q_auto/league/vbpdlib647tcpzz59wyt",2025,10,REG,2025_10_BAL_MIN,MIN,BAL,0,0,0,0,0,0,0,0,0,0,0,0,,,0,,0,0,0,0,0,0,0,0,0,0,,0,0,0,0,0,0,0,0,0,0,0,0,0,0,,0,0,0,0,0,,0,0,0,0,2,0,2,0,0,0,0,0,1,0,0,2,0,0,0,0,0,0,0,0,0,0,0,0,0,0,0,0,0,0,0,0,0,0,0,0,0,0,0,0,0,,,0,0,0,0,0,0,0,0,0,0,0,0,,,,0,0,0,0,0,0,0,,0,0,0,0,0,0,0,,0,0,0,0,0,0,0,0,0,0,0,0
00-0035276,B.Cashman,Blake Cashman,LB,LB,"https://static.www.nfl.com/image/upload/f_auto,q_auto/league/mvui8tjkoewkupyncbok",2025,10,REG,2025_10_BAL_MIN,MIN,BAL,0,0,0,0,0,0,0,0,0,0,0,0,,,0,,0,0,0,0,0,0,0,0,0,0,,0,0,0,0,0,0,0,0,0,0,0,0,0,0,,0,0,0,0,0,,0,0,0,0,4,0,7,0,0,0,0,0,0,0,0,0,0,0,0,0,0,0,0,0,0,0,0,0,0,0,0,0,0,0,0,0,0,0,0,0,0,0,0,0,0,,,0,0,0,0,0,0,0,0,0,0,0,0,,,,0,0,0,0,0,0,0,,0,0,0,0,0,0,0,,0,0,0,0,0,0,0,0,0,0,0,0
00-0035277,M.Jackson,Mike Jackson,CB,DB,"https://static.www.nfl.com/image/upload/f_auto,q_auto/league/ohcl41cpchr9fjoktlj6",2025,10,REG,2025_10_NO_CAR,CAR,NO,0,0,0,0,0,0,0,0,0,0,0,0,,,0,,0,0,0,0,0,0,0,0,0,0,,0,0,0,0,0,0,0,0,0,0,0,0,0,0,,0,0,0,0,0,,0,0,0,0,1,0,0,0,0,0,0,0,0,0,0,1,0,0,0,0,0,0,0,0,0,0,0,0,0,0,0,0,0,0,0,0,0,0,0,0,0,0,0,0,0,,,0,0,0,0,0,0,0,0,0,0,0,0,,,,0,0,0,0,0,0,0,,0,0,0,0,0,0,0,,0,0,0,0,0,0,0,0,0,0,0,0
00-0035280,J.Bailey,Jake Bailey,P,SPEC,"https://static.www.nfl.com/image/upload/f_auto,q_auto/league/loghcplmv69wosiqlopr",2025,10,REG,2025_10_BUF_MIA,MIA,BUF,0,0,0,0,0,0,0,0,0,0,0,0,,,0,,0,0,0,0,0,0,0,0,0,0,,0,0,0,0,0,0,0,0,0,0,0,0,0,0,,0,0,0,0,0,,0,0,0,0,0,0,0,0,0,0,0,0,0,0,0,0,0,0,0,0,0,0,0,0,0,0,0,0,0,0,0,0,0,0,0,0,0,0,0,0,0,0,0,0,0,,,0,0,0,0,0,0,0,0,0,0,0,0,,,,0,0,0,0,0,0,0,,0,0,0,0,0,3,0,61,153,2,0,1,1,0,1,7,0,126,0,0
00-0035291,T.Williams,Trayveon Williams,RB,RB,"https://static.www.nfl.com/image/upload/f_auto,q_auto/league/zwei0idpruplnhlmpfkr",2025,10,REG,2025_10_PIT_LAC,LAC,PIT,0,0,0,0,0,0,0,0,0,0,0,0,,,0,,0,0,0,0,0,0,0,0,0,0,,0,0,0,0,0,0,0,0,0,0,0,0,0,0,,0,0,0,0,0,,0,0,0,0,0,0,0,0,0,0,0,0,0,0,0,0,0,0,0,0,0,0,0,0,0,0,0,0,0,0,0,0,0,0,0,0,0,0,0,2,51,0,0,0,0,,,0,0,0,0,0,0,0,0,0,0,0,0,,,,0,0,0,0,0,0,0,,0,0,0,0,0,0,0,,0,0,0,0,0,0,0,0,0,0,0,0
00-0035316,K.Elliss,Kaden Elliss,LB,LB,"https://static.www.nfl.com/image/upload/f_auto,q_auto/league/lndj0awmhdulawkcjgua",2025,10,REG,2025_10_ATL_IND,ATL,IND,0,0,0,0,0,0,0,0,0,0,0,0,,,0,,0,0,0,0,0,0,0,0,0,0,,0,0,0,0,0,0,0,0,0,0,0,0,0,0,,0,0,0,0,0,,0,0,0,0,1,0,5,1,10,0,1,10,2,0,0,1,0,0,0,0,0,0,0,0,0,0,0,0,0,0,0,0,0,0,0,0,0,0,0,0,0,0,0,0,0,,,0,0,0,0,0,0,0,0,0,0,0,0,,,,0,0,0,0,0,0,0,,0,0,0,0,0,0,0,,0,0,0,0,0,0,0,0,0,0,0,0
00-0035352,T.Dodson,Tyrel Dodson,LB,LB,"https://static.www.nfl.com/image/upload/f_auto,q_auto/league/ssfyc6yarlegh112xeoa",2025,10,REG,2025_10_BUF_MIA,MIA,BUF,0,0,0,0,0,0,0,0,0,0,0,0,,,0,,0,0,0,0,0,0,0,0,0,0,,0,0,0,0,0,0,0,0,0,0,0,0,0,0,,0,0,0,0,0,,0,0,0,0,5,0,4,0,0,0,0,0,0,0,0,0,0,0,0,0,0,0,0,0,0,0,0,0,0,0,0,0,0,0,0,0,0,0,0,0,0,0,0,0,0,,,0,0,0,0,0,0,0,0,0,0,0,0,,,,0,0,0,0,0,0,0,,0,0,0,0,0,0,0,,0,0,0,0,0,0,0,0,0,0,0,0
00-0035357,C.Lewis,Cam Lewis,CB,DB,"https://static.www.nfl.com/image/upload/f_auto,q_auto/league/daximpzohtbyuaxvak82",2025,10,REG,2025_10_BUF_MIA,BUF,MIA,0,0,0,0,0,0,0,0,0,0,0,0,,,0,,0,0,0,0,0,0,0,0,0,0,,0,0,0,0,0,0,0,0,0,0,0,0,0,0,,0,0,0,0,0,,0,0,0,0,4,0,3,1,1,0,0,0,0,0,0,1,0,0,0,0,0,0,0,0,0,0,0,0,0,0,0,0,0,0,0,0,0,0,0,0,0,0,0,0,0,,,0,0,0,0,0,0,0,0,0,0,0,0,,,,0,0,0,0,0,0,0,,0,0,0,0,0,0,0,,0,0,0,0,0,0,0,0,0,0,0,0
