00-0034844,S.Barkley,Saquon Barkley,RB,RB,"https://static.www.nfl.com/image/upload/f_auto,q_auto/league/qcayrzjpura2zydszonh",2025,14,REG,2025_14_PHI_LAC,PHI,LAC,0,0,0,0,0,0,0,0,0,0,0,0,,,0,,0,0,0,0,20,122,1,0,0,5,-0.210135142930085,0,4,3,1,1,0,2,0,0,0,0,12,0,0,-1.29704667051556,0,0,0,0,0,0,0.0526315789473684,0.0294117647058824,0.0995356037151703,0,0,0,0,0,0,0,0,0,0,0,0,0,0,0,0,0,0,0,0,0,0,0,0,0,0,0,0,0,0,0,0,0,0,0,0,0,0,0,0,0,0,,,0,0,0,0,0,0,0,0,0,0,0,0,,,,0,0,0,0,0,0,0,,0,0,0,0,0,0,0,,0,0,0,0,0,0,0,0,0,0,18.2,18.2
00-0034847,M.McGlinchey,Mike McGlinchey,OT,OL,"https://static.www.nfl.com/image/upload/f_auto,q_auto/league/fddsmma8dpk7kqufb6f1",2025,14,REG,2025_14_DEN_LV,DEN,LV,0,0,0,0,0,0,0,0,0,0,0,0,,,0,,0,0,0,0,0,0,0,0,0,0,,0,0,0,0,0,0,0,0,0,0,0,0,0,0,,0,0,0,0,0,,0,0,0,0,0,0,0,0,0,0,0,0,0,0,0,0,0,0,0,0,0,0,0,0,0,0,0,0,0,0,1,10,0,0,0,0,0,0,0,0,0,0,0,0,0,,,0,0,0,0,0,0,0,0,0,0,0,0,,,,0,0,0,0,0,0,0,,0,0,0,0,0,0,0,,0,0,0,0,0,0,0,0,0,0,0,0
00-0034855,B.Mayfield,Baker Mayfield,QB,QB,"https://static.www.nfl.com/image/upload/f_auto,q_auto/league/gjb8e69jtt1ffqf1afue",2025,14,REG,2025_14_NO_TB,TB,NO,14,30,122,1,1,0,0,0,0,230,94,4,-9.81600643074352,-16.4797844631331,0,0.530434782608696,4,2,2,0,6,42,0,0,0,3,2.69622599642025,0,2,2,0,0,0,0,0,0,0,0,0,0,0,,0,0,0,0,0,,0,0,0,0,0,0,0,0,0,0,0,0,0,0,0,0,0,0,0,0,0,0,0,0,0,0,0,0,0,0,0,0,0,0,0,0,0,0,0,0,0,0,0,0,0,,,0,0,0,0,0,0,0,0,0,0,0,0,,,,0,0,0,0,0,0,0,,0,0,0,0,0,0,0,,0,0,0,0,0,0,0,0,0,0,11.08,11.08
00-0034856,D.Ward,Denzel Ward,CB,DB,"https://static.www.nfl.com/image/upload/f_auto,q_auto/league/mmp5gacrbeeolrsgg5wm",2025,14,REG,2025_14_TEN_CLE,CLE,TEN,0,0,0,0,0,0,0,0,0,0,0,0,,,0,,0,0,0,0,0,0,0,0,0,0,,0,0,0,0,0,0,0,0,0,0,0,0,0,0,,0,0,0,0,0,,0,0,0,0,2,0,2,0,0,0,0,0,0,0,0,0,0,0,0,0,0,0,0,0,0,0,0,0,0,0,0,0,0,0,0,0,0,0,0,0,0,0,0,0,0,,,0,0,0,0,0,0,0,0,0,0,0,0,,,,0,0,0,0,0,0,0,,0,0,0,0,0,0,0,,0,0,0,0,0,0,0,0,0,0,0,0
00-0034857,J.Allen,Josh Allen,QB,QB,"https://static.www.nfl.com/image/upload/f_auto,q_auto/league/mjwbioajzldkq1vzoz2d",2025,14,REG,2025_14_CIN_BUF,BUF,CIN,22,28,251,3,0,3,-18,0,0,129,174,13,16.7012618369046,12.4837554163403,1,1.94573643410853,10,6,4,0,9,78,1,0,0,4,5.03255299778248,0,3,3,1,1,0,0,0,0,0,0,0,0,0,,0,0,0,0,0,,0,0,0,0,0,0,0,0,0,0,0,0,0,0,0,0,0,0,0,0,0,0,0,0,0,0,0,0,0,0,0,0,0,0,0,0,0,0,0,0,0,0,0,0,0,,,0,0,0,0,0,0,0,0,0,0,0,0,,,,0,0,0,0,0,0,0,,0,0,0,0,0,0,0,,0,0,0,0,0,0,0,0,0,0,37.84,37.84
00-0034860,D.Pettis,Dante Pettis,WR,WR,"https://static.www.nfl.com/image/upload/f_auto,q_auto/league/xz70t2ahl2ak2q9mqtia",2025,14,REG,2025_14_NO_TB,NO,TB,0,0,0,0,0,0,0,0,0,0,0,0,,,0,,0,0,0,0,0,0,0,0,0,0,,0,0,0,0,0,0,0,0,0,0,0,0,0,0,,0,0,0,0,0,,0,0,0,0,0,0,0,0,0,0,0,0,0,0,0,0,0,0,0,0,0,0,0,0,0,0,0,0,0,0,0,0,0,0,0,0,0,0,0,4,84,0,0,0,0,,,0,0,0,0,0,0,0,0,0,0,0,0,,,,0,0,0,0,0,0,0,,0,0,0,0,0,0,0,,0,0,0,0,0,0,0,0,0,0,0,0
00-0034869,S.Darnold,Sam Darnold,QB,QB,"https://static.www.nfl.com/image/upload/f_auto,q_auto/league/fyay8vruj0cqmhopufzk",2025,14,REG,2025_14_SEA_ATL,SEA,ATL,20,30,249,3,1,2,-13,0,0,255,114,11,10.0413748343407,-0.264247258504232,0,0.976470588235294,10,5,4,0,3,23,0,0,0,2,1.18386429041857,0,1,1,0,0,0,0,0,0,0,0,0,0,0,,0,0,0,0,0,,0,0,0,0,0,0,0,0,0,0,0,0,0,0,0,0,0,0,0,0,0,0,0,0,0,0,0,0,0,0,0,0,0,0,0,0,0,0,0,0,0,0,0,0,0,,,0,0,0,0,0,0,0,0,0,0,0,0,,,,0,0,0,0,0,0,0,,0,0,0,0,0,0,0,,0,0,0,0,0,0,0,0,0,0,22.26,22.26
00-0034874,R.Smith,Roquan Smith,ILB,LB,"https://static.www.nfl.com/image/upload/f_auto,q_auto/league/hfsdx9xzvyknsdm7bysy",2025,14,REG,2025_14_PIT_BAL,BAL,PIT,0,0,0,0,0,0,0,0,0,0,0,0,,,0,,0,0,0,0,0,0,0,0,0,0,,0,0,0,0,0,0,0,0,0,0,0,0,0,0,,0,0,0,0,0,,0,0,0,0,3,1,6,1,1,0,0,0,0,0,0,0,0,0,0,0,0,0,0,0,0,0,0,0,0,0,0,0,0,0,0,0,0,0,0,0,0,0,0,0,0,,,0,0,0,0,0,0,0,0,0,0,0,0,,,,0,0,0,0,0,0,0,,0,0,0,0,0,0,0,,0,0,0,0,0,0,0,0,0,0,0,0
00-0034959,A.Beck,Andrew Beck,FB,RB,"https://static.www.nfl.com/image/upload/f_auto,q_auto/league/zv8xb3nfxamq7sqa1xqt",2025,14,REG,2025_14_MIA_NYJ,NYJ,MIA,0,0,0,0,0,0,0,0,0,0,0,0,,,0,,0,0,0,0,0,0,0,0,0,0,,0,0,0,0,0,1,1,17,0,0,0,12,5,1,1.08469938696362,0,1,1,0,0,1.41666666666667,0.03125,0.041522491349481,0.0759407439446367,0,0,0,0,0,0,0,0,0,0,0,0,0,0,0,0,0,0,0,0,0,0,0,0,0,0,0,0,0,0,0,0,0,0,0,0,0,0,0,0,0,0,,,0,0,0,0,0,0,0,0,0,0,0,0,,,,0,0,0,0,0,0,0,,0,0,0,0,0,0,0,,0,0,0,0,0,0,0,0,0,0,1.7,2.7
00-0034960,J.Meyers,Jakobi Meyers,WR,WR,"https://static.www.nfl.com/image/upload/f_auto,q_auto/league/zrs4ij8mvw7wr1uujwew",2025,14,REG,2025_14_IND_JAX,JAX,IND,0,0,0,0,0,0,0,0,0,0,0,0,,,0,,0,0,0,0,3,9,0,0,0,1,0.543057555885753,0,0,0,0,0,4,10,39,1,0,0,79,15,3,-1.79874724593268,0,2,0,0,0,0.493670886075949,0.32258064516129,0.237237237237237,0.649937033808002,0,0,0,0,0,0,0,0,0,0,0,0,0,0,0,0,0,0,0,0,0,0,0,0,0,0,0,1,10,0,0,0,0,0,0,0,0,0,0,0,0,0,,,0,0,0,0,0,0,0,0,0,0,0,0,,,,0,0,0,0,0,0,0,,0,0,0,0,0,0,0,,0,0,0,0,0,0,0,0,0,0,10.8,14.8
00-0034967,R.Gary,Rashan Gary,LB,LB,"https://static.www.nfl.com/image/upload/f_auto,q_auto/league/ew8xw9vqpcmeily0m3fk",2025,14,REG,2025_14_CHI_GB,GB,CHI,0,0,0,0,0,0,0,0,0,0,0,0,,,0,,0,0,0,0,0,0,0,0,0,0,,0,0,0,0,0,0,0,0,0,0,0,0,0,0,,0,0,0,0,0,,0,0,0,0,2,0,0,0,0,0,0,0,1,0,0,0,0,0,0,0,0,0,0,0,0,0,0,0,0,0,0,0,0,0,0,0,0,0,0,0,0,0,0,0,0,,,0,0,0,0,0,0,0,0,0,0,0,0,,,,0,0,0,0,0,0,0,,0,0,0,0,0,0,0,,0,0,0,0,0,0,0,0,0,0,0,0
00-0034973,M.Crosby,Maxx Crosby,DE,DL,"https://static.www.nfl.com/image/upload/f_auto,q_auto/league/r9gqe3lrjstj55ydljhk",2025,14,REG,2025_14_DEN_LV,LV,DEN,0,0,0,0,0,0,0,0,0,0,0,0,,,0,,0,0,0,0,0,0,0,0,0,0,,0,0,0,0,0,0,0,0,0,0,0,0,0,0,,0,0,0,0,0,,0,0,0,0,2,0,2,2,6,0,1,5,1,0,0,0,0,0,0,0,0,0,0,0,0,0,0,0,0,0,1,5,0,0,0,0,0,0,0,0,0,0,0,0,0,,,0,0,0,0,0,0,0,0,0,0,0,0,,,,0,0,0,0,0,0,0,,0,0,0,0,0,0,0,,0,0,0,0,0,0,0,0,0,0,0,0
00-0034974,J.Love,Julian Love,SAF,DB,"https://static.www.nfl.com/image/upload/f_auto,q_auto/league/l2tncxut7ssqo0ilamxq",2025,14,REG,2025_14_SEA_ATL,SEA,ATL,0,0,0,0,0,0,0,0,0,0,0,0,,,0,,0,0,0,0,0,0,0,0,0,0,,0,0,0,0,0,0,0,0,0,0,0,0,0,0,,0,0,0,0,0,,0,0,0,0,0,0,1,0,0,0,0,0,0,0,0,1,0,0,0,0,0,0,0,0,0,0,0,0,0,0,0,0,0,0,0,0,0,0,0,0,0,0,0,0,0,,,0,0,0,0,0,0,0,0,0,0,0,0,,,,0,0,0,0,0,0,0,,0,0,0,0,0,0,0,,0,0,0,0,0,0,0,0,0,0,0,0
00-0034981,F.Moreau,Foster Moreau,TE,TE,"https://static.www.nfl.com/image/upload/f_auto,q_auto/league/daymhftrwf00siu0iviy",2025,14,REG,2025_14_NO_TB,NO,TB,0,0,0,0,0,0,0,0,0,0,0,0,,,0,,0,0,0,0,0,0,0,0,0,0,,0,0,0,0,0,1,1,16,0,0,0,6,10,1,1.7563591573853,0,1,1,0,0,2.66666666666667,0.05,0.0379746835443038,0.101582278481013,0,0,0,0,0,0,0,0,0,0,0,0,0,0,0,0,0,0,0,0,0,0,0,0,0,0,0,0,0,0,0,0,0,0,0,0,0,0,0,0,0,0,,,0,0,0,0,0,0,0,0,0,0,0,0,,,,0,0,0,0,0,0,0,,0,0,0,0,0,0,0,,0,0,0,0,0,0,0,0,0,0,1.6,2.6
00-0034982,D.Greenlaw,Dre Greenlaw,LB,LB,"https://static.www.nfl.com/image/upload/f_auto,q_auto/league/jtvcc2vtczop90dkl4wd",2025,14,REG,2025_14_DEN_LV,DEN,LV,0,0,0,0,0,0,0,0,0,0,0,0,,,0,,0,0,0,0,0,0,0,0,0,0,,0,0,0,0,0,0,0,0,0,0,0,0,0,0,,0,0,0,0,0,,0,0,0,0,2,0,2,1,1,0,0,0,0,0,0,0,0,0,0,0,0,0,0,0,0,0,0,0,0,0,0,0,0,0,0,0,0,0,0,0,0,0,0,0,0,,,0,0,0,0,0,0,0,0,0,0,0,0,,,,0,0,0,0,0,0,0,,0,0,0,0,0,0,0,,0,0,0,0,0,0,0,0,0,0,0,0
00-0034993,M.Epps,Marcus Epps,SAF,DB,"https://static.www.nfl.com/image/upload/f_auto,q_auto/league/mlmepu3ng2uaqlo4sqhx",2025,14,REG,2025_14_PHI_LAC,PHI,LAC,0,0,0,0,0,0,0,0,0,0,0,0,,,0,,0,0,0,0,0,0,0,0,0,0,,0,0,0,0,0,0,0,0,0,0,0,0,0,0,,0,0,0,0,0,,0,0,0,0,3,0,0,0,0,0,0,0,0,0,0,0,0,0,0,0,0,0,0,0,0,0,0,0,0,0,0,0,0,0,0,0,0,0,0,0,0,0,0,0,0,,,0,0,0,0,0,0,0,0,0,0,0,0,,,,0,0,0,0,0,0,0,,0,0,0,0,0,0,0,,0,0,0,0,0,0,0,0,0,0,0,0
00-0035112,P.Mekari,Patrick Mekari,OT,OL,"https://static.www.nfl.com/image/upload/f_auto,q_auto/league/zexcgdqu1lea3ecum5vl",2025,14,REG,2025_14_IND_JAX,JAX,IND,0,0,0,0,0,0,0,0,0,0,0,0,,,0,,0,0,0,0,0,0,0,0,0,0,,0,0,0,0,0,0,0,0,0,0,0,0,0,0,,0,0,0,0,0,,0,0,0,0,0,0,0,0,0,0,0,0,0,0,0,0,0,0,0,0,0,0,0,0,0,0,0,0,0,0,1,5,0,0,0,0,0,0,0,0,0,0,0,0,0,,,0,0,0,0,0,0,0,0,0,0,0,0,,,,0,0,0,0,0,0,0,,0,0,0,0,0,0,0,,0,0,0,0,0,0,0,0,0,0,0,0
00-0035118,M.Orzech,Matthew Orzech,LS,SPEC,"https://static.www.nfl.com/image/upload/f_auto,q_auto/league/kfuljmbcfkwx1quqoklv",2025,14,REG,2025_14_CHI_GB,GB,CHI,0,0,0,0,0,0,0,0,0,0,0,0,,,0,,0,0,0,0,0,0,0,0,0,0,,0,0,0,0,0,0,0,0,0,0,0,0,0,0,,0,0,0,0,0,,0,0,0,0,0,0,0,0,0,0,0,0,0,0,0,0,0,0,0,0,0,0,0,0,0,0,0,0,0,0,1,10,0,0,0,0,0,0,0,0,0,0,0,0,0,,,0,0,0,0,0,0,0,0,0,0,0,0,,,,0,0,0,0,0,0,0,,0,0,0,0,0,0,0,,0,0,0,0,0,0,0,0,0,0,0,0
00-0035133,K.Nixon,Keisean Nixon,DB,DB,"https://static.www.nfl.com/image/upload/f_auto,q_auto/league/ousxob0dqjxxmcalq8aa",2025,14,REG,2025_14_CHI_GB,GB,CHI,0,0,0,0,0,0,0,0,0,0,0,0,,,0,,0,0,0,0,0,0,0,0,0,0,,0,0,0,0,0,0,0,0,0,0,0,0,0,0,,0,0,0,0,0,,0,0,0,0,2,0,0,0,0,0,0,0,1,1,0,2,0,0,0,0,0,0,0,0,0,0,0,0,0,0,2,20,0,0,0,0,0,0,0,0,0,0,0,0,0,,,0,0,0,0,0,0,0,0,0,0,0,0,,,,0,0,0,0,0,0,0,,0,0,0,0,0,0,0,,0,0,0,0,0,0,0,0,0,0,0,0
00-0035156,J.Fox,Jack Fox,P,SPEC,"https://static.www.nfl.com/image/upload/f_auto,q_auto/league/iwfepgslxhtx236z6faz",2025,14,REG,2025_14_DAL_DET,DET,DAL,0,0,0,0,0,0,0,0,0,0,0,0,,,0,,0,0,0,0,0,0,0,0,0,0,,0,0,0,0,0,0,0,0,0,0,0,0,0,0,,0,0,0,0,0,,0,0,0,0,0,0,0,0,0,0,0,0,0,0,0,0,0,0,0,0,0,0,0,0,0,0,0,0,0,0,0,0,0,0,0,0,0,0,0,0,0,0,0,0,0,,,0,0,0,0,0,0,0,0,0,0,0,0,,,,0,0,0,0,0,0,0,,0,0,0,0,0,2,0,42,84,1,0,0,0,1,1,0,0,84,0,0
00-0035166,A.Al-Shaair,Azeez Al-Shaair,LB,LB,"https://static.www.nfl.com/image/upload/f_auto,q_auto/league/s03mktbhybon2whnvytl",2025,14,REG,2025_14_HOU_KC,HOU,KC,0,0,0,0,0,0,0,0,0,0,0,0,,,0,,0,0,0,0,0,0,0,0,0,0,,0,0,0,0,0,0,0,0,0,0,0,0,0,0,,0,0,0,0,0,,0,0,0,0,1,0,4,0,0,0,0,0,0,1,0,1,0,0,0,0,0,0,0,0,0,0,0,0,0,0,0,0,0,0,0,0,0,0,0,0,0,0,0,0,0,,,0,0,0,0,0,0,0,0,0,0,0,0,,,,0,0,0,0,0,0,0,,0,0,0,0,0,0,0,,0,0,0,0,0,0,0,0,0,0,0,0
00-0035190,A.Cole,AJ Cole,P,SPEC,"https://static.www.nfl.com/image/upload/f_auto,q_auto/league/t6ah2u0wptbb8n22tehr",2025,14,REG,2025_14_DEN_LV,LV,DEN,0,0,0,0,0,0,0,0,0,0,0,0,,,0,,0,0,0,0,0,0,0,0,0,0,,0,0,0,0,0,0,0,0,0,0,0,0,0,0,,0,0,0,0,0,,0,0,0,0,0,0,0,0,0,0,0,0,0,0,0,0,0,0,0,0,0,0,0,0,0,0,0,0,0,0,0,0,0,0,0,0,0,0,0,0,0,0,0,0,0,,,0,0,0,0,0,0,0,0,0,0,0,0,,,,0,0,0,0,0,0,0,,0,0,0,0,0,3,0,58,143,2,0,1,0,1,1,48,1,95,0,0
00-0035192,J.Slye,Joey Slye,K,SPEC,"https://static.www.nfl.com/image/upload/f_auto,q_auto/league/qyugyvvddildncveryob",2025,14,REG,2025_14_TEN_CLE,TEN,CLE,0,0,0,0,0,0,0,0,0,0,0,0,,,0,,0,0,0,0,0,0,0,0,0,0,,0,0,0,0,0,0,0,0,0,0,0,0,0,0,,0,0,0,0,0,,0,0,0,0,0,0,0,0,0,0,0,0,0,0,0,0,0,0,0,0,0,0,0,0,0,0,0,0,0,0,1,0,0,0,0,0,0,0,0,0,0,1,1,0,0,41,1,0,0,0,1,0,0,0,0,0,0,0,0,41,,,41,0,0,4,4,0,0,1,0,0,0,0,0,0,0,,0,0,0,0,0,0,0,0,0,0,0,0
00-0035202,D.Phillips,Del'Shawn Phillips,LB,LB,"https://static.www.nfl.com/image/upload/f_auto,q_auto/league/plnsixu8jpozw1grxuvc",2025,14,REG,2025_14_PHI_LAC,LAC,PHI,0,0,0,0,0,0,0,0,0,0,0,0,,,0,,0,0,0,0,0,0,0,0,0,0,,0,0,0,0,0,0,0,0,0,0,0,0,0,0,,0,0,0,0,0,,0,0,0,0,3,0,1,0,0,0,0,0,0,0,0,0,0,0,0,0,0,0,0,0,0,0,0,0,0,0,0,0,0,0,0,0,0,0,0,0,0,0,0,0,0,,,0,0,0,0,0,0,0,0,0,0,0,0,,,,0,0,0,0,0,0,0,,0,0,0,0,0,0,0,,0,0,0,0,0,0,0,0,0,0,0,0
00-0035208,O.Zaccheaus,Olamide Zaccheaus,WR,WR,"https://static.www.nfl.com/image/upload/f_auto,q_auto/league/zsnzd30ysrewgufbv06y",2025,14,REG,2025_14_CHI_GB,CHI,GB,0,0,0,0,0,0,0,0,0,0,0,0,,,0,,0,0,0,0,0,0,0,0,0,0,,0,0,0,0,0,2,3,7,1,0,0,21,0,1,0.442624183546286,0,0,0,0,0,0.333333333333333,0.107142857142857,0.0704697986577181,0.210043144774688,0,0,0,0,0,0,0,0,0,0,0,0,0,0,0,0,0,0,0,0,0,0,0,0,0,0,0,0,0,0,0,0,0,0,0,0,0,0,0,0,0,0,,,0,0,0,0,0,0,0,0,0,0,0,0,,,,0,0,0,0,0,0,0,,0,0,0,0,0,0,0,,0,0,0,0,0,0,0,0,0,0,6.7,8.7
00-0035229,T.Hockenson,T.J. Hockenson,TE,TE,"https://static.www.nfl.com/image/upload/f_auto,q_auto/league/rs8o65x0u0n9xzde0fd6",2025,14,REG,2025_14_WAS_MIN,MIN,WAS,0,0,0,0,0,0,0,0,0,0,0,0,,,0,,0,0,0,0,0,0,0,0,0,0,,0,0,0,0,0,2,3,12,1,0,0,13,6,2,2.7955735744759,0,1,0,0,0,0.923076923076923,0.130434782608696,0.0849673202614379,0.25512929809605,0,0,0,0,0,0,0,0,0,0,0,0,0,0,0,0,0,0,0,0,0,0,0,0,0,0,0,0,0,0,0,0,0,0,0,0,0,0,0,0,0,0,,,0,0,0,0,0,0,0,0,0,0,0,0,,,,0,0,0,0,0,0,0,,0,0,0,0,0,0,0,,0,0,0,0,0,0,0,0,0,0,7.2,9.2
00-0035236,B.Murphy,Byron Murphy,CB,DB,"https://static.www.nfl.com/image/upload/f_auto,q_auto/league/secfzfwznyhcgiow4rvq",2025,14,REG,2025_14_WAS_MIN,MIN,WAS,0,0,0,0,0,0,0,0,0,0,0,0,,,0,,0,0,0,0,0,0,0,0,0,0,,0,0,0,0,0,0,0,0,0,0,0,0,0,0,,0,0,0,0,0,,0,0,0,0,1,0,2,1,1,0,0,0,0,0,0,0,0,0,0,0,0,0,0,0,0,0,0,0,0,0,0,0,0,0,0,0,0,0,0,0,0,0,0,0,0,,,0,0,0,0,0,0,0,0,0,0,0,0,,,,0,0,0,0,0,0,0,,0,0,0,0,0,0,0,,0,0,0,0,0,0,0,0,0,0,0,0
00-0035244,L.Johnson,Lonnie Johnson,SAF,DB,"https://static.www.nfl.com/image/upload/f_auto,q_auto/league/qdkpfoodqaly3jypouwm",2025,14,REG,2025_14_DEN_LV,LV,DEN,0,0,0,0,0,0,0,0,0,0,0,0,,,0,,0,0,0,0,0,0,0,0,0,0,,0,0,0,0,0,0,0,0,0,0,0,0,0,0,,0,0,0,0,0,,0,0,0,0,3,0,1,0,0,0,0,0,0,0,0,0,0,0,0,0,0,0,0,0,0,0,0,0,0,0,0,0,0,0,0,0,0,0,0,0,0,0,0,0,0,,,0,0,0,0,0,0,0,0,0,0,0,0,,,,0,0,0,0,0,0,0,,0,0,0,0,0,0,0,,0,0,0,0,0,0,0,0,0,0,0,0
00-0035248,Z.Allen,Zach Allen,DE,DL,"https://static.www.nfl.com/image/upload/f_auto,q_auto/league/ywtnmev7mxnkh1yhbrgx",2025,14,REG,2025_14_DEN_LV,DEN,LV,0,0,0,0,0,0,0,0,0,0,0,0,,,0,,0,0,0,0,0,0,0,0,0,0,,0,0,0,0,0,0,0,0,0,0,0,0,0,0,,0,0,0,0,0,,0,0,0,0,0,0,0,0,0,0,0,0,3,0,0,0,0,0,0,0,0,0,0,0,0,0,0,0,0,0,0,0,0,0,0,0,0,0,0,0,0,0,0,0,0,,,0,0,0,0,0,0,0,0,0,0,0,0,,,,0,0,0,0,0,0,0,,0,0,0,0,0,0,0,,0,0,0,0,0,0,0,0,0,0,0,0
00-0035249,J.Oliver,Josh Oliver,TE,TE,"https://static.www.nfl.com/image/upload/f_auto,q_auto/league/awdb5xedlbq0ebpptgzb",2025,14,REG,2025_14_WAS_MIN,MIN,WAS,0,0,0,0,0,0,0,0,0,0,0,0,,,0,,0,0,0,0,0,0,0,0,0,0,,0,0,0,0,0,2,2,24,2,0,0,18,6,2,2.90552433551056,0,1,1,0,0,1.33333333333333,0.0869565217391304,0.117647058823529,0.212787723785166,0,0,0,0,0,0,0,0,0,0,0,0,0,0,0,0,0,0,0,0,0,0,0,0,0,0,0,0,0,0,0,0,0,0,0,0,0,0,0,0,0,0,,,0,0,0,0,0,0,0,0,0,0,0,0,,,,0,0,0,0,0,0,0,,0,0,0,0,0,0,0,,0,0,0,0,0,0,0,0,0,0,14.4,16.4
00-0035253,C.Gardner-Johnson,C.J. Gardner-Johnson,SAF,DB,"https://static.www.nfl.com/image/upload/f_auto,q_auto/league/pvzkbh5j3zlna7pkywx6",2025,14,REG,2025_14_CHI_GB,CHI,GB,0,0,0,0,0,0,0,0,0,0,0,0,,,0,,0,0,0,0,0,0,0,0,0,0,,0,0,0,0,0,0,0,0,0,0,0,0,0,0,,0,0,0,0,0,,0,0,0,0,6,0,4,0,0,0,0,0,0,1,28,1,0,0,0,0,0,0,0,0,0,0,0,0,0,0,0,0,0,0,0,0,0,0,0,0,0,0,0,0,0,,,0,0,0,0,0,0,0,0,0,0,0,0,,,,0,0,0,0,0,0,0,,0,0,0,0,0,0,0,,0,0,0,0,0,0,0,0,0,0,0,0
00-0035254,A.Nelson,Anthony Nelson,LB,LB,"https://static.www.nfl.com/image/upload/f_auto,q_auto/league/b6hjuuemwgsh8q7lmadz",2025,14,REG,2025_14_NO_TB,TB,NO,0,0,0,0,0,0,0,0,0,0,0,0,,,0,,0,0,0,0,0,0,0,0,0,0,,0,0,0,0,0,0,0,0,0,0,0,0,0,0,,0,0,0,0,0,,0,0,0,0,1,0,0,0,0,0,0,0,0,0,0,1,0,0,0,0,0,0,0,0,0,0,0,0,0,0,0,0,0,0,0,0,0,0,0,0,0,0,0,0,0,,,0,0,0,0,0,0,0,0,0,0,0,0,,,,0,0,0,0,0,0,0,,0,0,0,0,0,0,0,,0,0,0,0,0,0,0,0,0,0,0,0
00-0035261,T.Pollard,Tony Pollard,RB,RB,"https://static.www.nfl.com/image/upload/f_auto,q_auto/league/mb2xdrqiys6ktlcuah2n",2025,14,REG,2025_14_TEN_CLE,TEN,CLE,0,0,0,0,0,0,0,0,0,0,0,0,,,0,,0,0,0,0,25,161,2,0,0,4,3.66763910860755,0,2,2,2,1,0,0,0,0,0,0,0,0,0,,0,0,0,0,0,,0,0,0,0,0,0,0,0,0,0,0,0,0,0,0,0,0,0,0,0,0,0,0,0,0,0,0,0,0,0,0,0,0,0,0,0,0,0,0,0,0,0,0,0,0,,,0,0,0,0,0,0,0,0,0,0,0,0,,,,0,0,0,0,0,0,0,,0,0,0,0,0,0,0,,0,0,0,0,0,0,0,0,0,0,28.1,28.1
00-0035262,D.Tranquill,Drue Tranquill,LB,LB,"https://static.www.nfl.com/image/upload/f_auto,q_auto/league/l8faaklzbj7o6moxy0di",2025,14,REG,2025_14_HOU_KC,KC,HOU,0,0,0,0,0,0,0,0,0,0,0,0,,,0,,0,0,0,0,0,0,0,0,0,0,,0,0,0,0,0,0,0,0,0,0,0,0,0,0,,0,0,0,0,0,,0,0,0,0,4,0,6,1,1,0,0,0,0,0,0,0,0,0,0,0,0,0,0,0,0,0,0,0,0,0,0,0,0,0,0,0,0,0,0,0,0,0,0,0,0,,,0,0,0,0,0,0,0,0,0,0,0,0,,,,0,0,0,0,0,0,0,,0,0,0,0,0,0,0,,0,0,0,0,0,0,0,0,0,0,0,0
00-0035266,M.Jordan,Mike Jordan,G,OL,"https://static.www.nfl.com/image/upload/f_auto,q_auto/league/wnmowwmhwy02pkvfxhkr",2025,14,REG,2025_14_NO_TB,TB,NO,0,0,0,0,0,0,0,0,0,0,0,0,,,0,,0,0,0,0,0,0,0,0,0,0,,0,0,0,0,0,0,0,0,0,0,0,0,0,0,,0,0,0,0,0,,0,0,0,0,0,0,0,0,0,0,0,0,0,0,0,0,0,0,0,0,0,0,0,0,0,0,0,0,0,0,1,5,0,0,0,0,0,0,0,0,0,0,0,0,0,,,0,0,0,0,0,0,0,0,0,0,0,0,,,,0,0,0,0,0,0,0,,0,0,0,0,0,0,0,,0,0,0,0,0,0,0,0,0,0,0,0
00-0035272,A.Van Ginkel,Andrew Van Ginkel,OLB,LB,"https://static.www.nfl.com/image/upload/f_auto,q_auto/league/vbpdlib647tcpzz59wyt",2025,14,REG,2025_14_WAS_MIN,MIN,WAS,0,0,0,0,0,0,0,0,0,0,0,0,,,0,,0,0,0,0,0,0,0,0,0,0,,0,0,0,0,0,0,0,0,0,0,0,0,0,0,,0,0,0,0,0,,0,0,0,0,1,0,3,0,0,0,0,0,0,1,40,2,0,0,0,0,0,0,0,0,0,0,0,0,0,0,0,0,0,0,0,0,0,0,0,0,0,0,0,0,0,,,0,0,0,0,0,0,0,0,0,0,0,0,,,,0,0,0,0,0,0,0,,0,0,0,0,0,0,0,,0,0,0,0,0,0,0,0,0,0,0,0
00-0035276,B.Cashman,Blake Cashman,LB,LB,"https://static.www.nfl.com/image/upload/f_auto,q_auto/league/mvui8tjkoewkupyncbok",2025,14,REG,2025_14_WAS_MIN,MIN,WAS,0,0,0,0,0,0,0,0,0,0,0,0,,,0,,0,0,0,0,0,0,0,0,0,0,,0,0,0,0,0,0,0,0,0,0,0,0,0,0,,0,0,0,0,0,,0,0,0,0,3,0,7,0,0,0,0,0,0,0,0,0,0,0,0,0,0,0,0,0,0,0,0,0,0,0,0,0,0,0,0,0,0,0,0,0,0,0,0,0,0,,,0,0,0,0,0,0,0,0,0,0,0,0,,,,0,0,0,0,0,0,0,,0,0,0,0,0,0,0,,0,0,0,0,0,0,0,0,0,0,0,0
00-0035280,J.Bailey,Jake Bailey,P,SPEC,"https://static.www.nfl.com/image/upload/f_auto,q_auto/league/loghcplmv69wosiqlopr",2025,14,REG,2025_14_MIA_NYJ,MIA,NYJ,0,0,0,0,0,0,0,0,0,0,0,0,,,0,,0,0,0,0,0,0,0,0,0,0,,0,0,0,0,0,0,0,0,0,0,0,0,0,0,,0,0,0,0,0,,0,0,0,0,0,0,0,0,0,0,0,0,0,0,0,0,0,0,0,0,0,0,0,0,0,0,0,0,0,0,0,0,0,0,0,0,0,0,0,0,0,0,0,0,0,,,0,0,0,0,0,0,0,0,0,0,0,0,,,,0,0,0,0,0,0,0,,0,0,0,0,0,6,0,58,259,1,1,0,0,2,3,91,1,168,0,0
00-0035286,C.Holcomb,Cole Holcomb,LB,LB,"https://static.www.nfl.com/image/upload/f_auto,q_auto/league/tze6n0gu18n71jassqte",2025,14,REG,2025_14_PIT_BAL,PIT,BAL,0,0,0,0,0,0,0,0,0,0,0,0,,,0,,0,0,0,0,0,0,0,0,0,0,,0,0,0,0,0,0,0,0,0,0,0,0,0,0,,0,0,0,0,0,,0,0,0,0,4,0,4,0,0,0,0,0,0,0,0,0,0,0,0,0,0,0,0,0,0,0,0,0,0,0,0,0,0,0,0,0,0,0,0,0,0,0,0,0,0,,,0,0,0,0,0,0,0,0,0,0,0,0,,,,0,0,0,0,0,0,0,,0,0,0,0,0,0,0,,0,0,0,0,0,0,0,0,0,0,0,0
00-0035301,D.Wilson,Donovan Wilson,SAF,DB,"https://static.www.nfl.com/image/upload/f_auto,q_auto/league/fl10d0bhrvfrqkjamcgp",2025,14,REG,2025_14_DAL_DET,DAL,DET,0,0,0,0,0,0,0,0,0,0,0,0,,,0,,0,0,0,0,0,0,0,0,0,0,,0,0,0,0,0,0,0,0,0,0,0,0,0,0,,0,0,0,0,0,,0,0,0,0,0,0,3,0,0,0,0,0,0,0,0,0,0,0,0,0,0,0,0,0,0,0,0,0,0,0,0,0,0,0,0,0,0,0,0,0,0,0,0,0,0,,,0,0,0,0,0,0,0,0,0,0,0,0,,,,0,0,0,0,0,0,0,,0,0,0,0,0,0,0,,0,0,0,0,0,0,0,0,0,0,0,0
00-0035316,K.Elliss,Kaden Elliss,LB,LB,"https://static.www.nfl.com/image/upload/f_auto,q_auto/league/lndj0awmhdulawkcjgua",2025,14,REG,2025_14_SEA_ATL,ATL,SEA,0,0,0,0,0,0,0,0,0,0,0,0,,,0,,0,0,0,0,0,0,0,0,0,0,,0,0,0,0,0,0,0,0,0,0,0,0,0,0,,0,0,0,0,0,,0,0,0,0,2,0,4,0,0,0,0,0,0,0,0,0,0,0,0,0,0,0,0,0,0,0,0,0,0,0,0,0,0,0,0,0,0,0,0,0,0,0,0,0,0,,,0,0,0,0,0,0,0,0,0,0,0,0,,,,0,0,0,0,0,0,0,,0,0,0,0,0,0,0,,0,0,0,0,0,0,0,0,0,0,0,0
00-0035352,T.Dodson,Tyrel Dodson,LB,LB,"https://static.www.nfl.com/image/upload/f_auto,q_auto/league/ssfyc6yarlegh112xeoa",2025,14,REG,2025_14_MIA_NYJ,MIA,NYJ,0,0,0,0,0,0,0,0,0,0,0,0,,,0,,0,0,0,0,0,0,0,0,0,0,,0,0,0,0,0,0,0,0,0,0,0,0,0,0,,0,0,0,0,0,,0,0,0,0,1,1,1,2,5,0,0,0,0,1,0,1,0,0,0,0,0,0,0,0,0,0,0,0,0,0,0,0,0,0,0,0,0,0,0,0,0,0,0,0,0,,,0,0,0,0,0,0,0,0,0,0,0,0,,,,0,0,0,0,0,0,0,,0,0,0,0,0,0,0,,0,0,0,0,0,0,0,0,0,0,0,0
00-0035357,C.Lewis,Cam Lewis,CB,DB,"https://static.www.nfl.com/image/upload/f_auto,q_auto/league/daximpzohtbyuaxvak82",2025,14,REG,2025_14_CIN_BUF,BUF,CIN,0,0,0,0,0,0,0,0,0,0,0,0,,,0,,0,0,0,0,0,0,0,0,0,0,,0,0,0,0,0,0,0,0,0,0,0,0,0,0,,0,0,0,0,0,,0,0,0,0,2,0,0,0,0,0,0,0,0,0,0,1,0,0,0,0,0,0,0,0,0,0,0,0,0,0,1,5,0,0,0,0,0,0,0,0,0,0,0,0,0,,,0,0,0,0,0,0,0,0,0,0,0,0,,,,0,0,0,0,0,0,0,,0,0,0,0,0,0,0,,0,0,0,0,0,0,0,0,0,0,0,0
00-0035358,C.McLaughlin,Chase McLaughlin,K,SPEC,"https://static.www.nfl.com/image/upload/f_auto,q_auto/league/enkzsuyzk232mbq5oe4w",2025,14,REG,2025_14_NO_TB,TB,NO,0,0,0,0,0,0,0,0,0,0,0,0,,,0,,0,0,0,0,0,0,0,0,0,0,,0,0,0,0,0,0,0,0,0,0,0,0,0,0,,0,0,0,0,0,,0,0,0,0,0,0,0,0,0,0,0,0,0,0,0,0,0,0,0,0,0,0,0,0,0,0,0,0,0,0,0,0,0,0,0,0,0,0,0,0,0,2,2,0,0,41,1,0,0,1,1,0,0,0,0,0,0,0,0,41;37,,,78,0,0,2,2,0,0,1,0,0,0,0,0,0,0,,0,0,0,0,0,0,0,0,0,0,0,0
00-0035359,D.Sills,David Sills,WR,WR,"https://static.www.nfl.com/image/upload/f_auto,q_auto/league/g0jd9yaq2yhw05ktamlh",2025,14,REG,2025_14_SEA_ATL,ATL,SEA,0,0,0,0,0,0,0,0,0,0,0,0,,,0,,0,0,0,0,0,0,0,0,0,0,,0,0,0,0,0,0,4,0,0,0,0,41,0,0,-7.23592646961333,0,0,0,0,0,0,0.142857142857143,0.200980392156863,0.354971988795518,0,1,0,0,0,0,0,0,0,0,0,0,0,0,0,0,0,0,0,0,0,0,0,0,0,0,0,1,10,0,0,0,0,0,0,0,0,0,0,0,0,0,,,0,0,0,0,0,0,0,0,0,0,0,0,,,,0,0,0,0,0,0,0,,0,0,0,0,0,0,0,,0,0,0,0,0,0,0,0,0,0,0,0
00-0035363,J.Giles-Harris,Joe Giles-Harris,LB,LB,"https://static.www.nfl.com/image/upload/f_auto,q_auto/league/y9vh7yn88tehcffsx90f",2025,14,REG,2025_14_CIN_BUF,CIN,BUF,0,0,0,0,0,0,0,0,0,0,0,0,,,0,,0,0,0,0,0,0,0,0,0,0,,0,0,0,0,0,0,0,0,0,0,0,0,0,0,,0,0,0,0,0,,0,0,0,0,3,0,1,0,0,0,0,0,0,0,0,0,0,0,0,0,0,0,0,0,0,0,0,0,0,0,1,5,0,0,0,0,0,0,0,0,0,0,0,0,0,,,0,0,0,0,0,0,0,0,0,0,0,0,,,,0,0,0,0,0,0,0,,0,0,0,0,0,0,0,,0,0,0,0,0,0,0,0,0,0,0,0
00-0035386,T.Edwards,T.J. Edwards,LB,LB,"https://static.www.nfl.com/image/upload/f_auto,q_auto/league/tqu3uz4nzkcq4crcepj3",2025,14,REG,2025_14_CHI_GB,CHI,GB,0,0,0,0,0,0,0,0,0,0,0,0,,,0,,0,0,0,0,0,0,0,0,0,0,,0,0,0,0,0,0,0,0,0,0,0,0,0,0,,0,0,0,0,0,,0,0,0,0,3,0,1,0,0,0,0,0,0,0,0,0,0,0,0,0,0,0,0,0,0,0,0,0,0,0,0,0,0,0,0,0,0,0,0,0,0,0,0,0,0,,,0,0,0,0,0,0,0,0,0,0,0,0,,,,0,0,0,0,0,0,0,,0,0,0,0,0,0,0,,0,0,0,0,0,0,0,0,0,0,0,0
00-0035402,C.Granderson,Carl Granderson,DE,DL,"https://static.www.nfl.com/image/upload/f_auto,q_auto/league/bhudfgndbvogastdhvb7",2025,14,REG,2025_14_NO_TB,NO,TB,0,0,0,0,0,0,0,0,0,0,0,0,,,0,,0,0,0,0,0,0,0,0,0,0,,0,0,0,0,0,0,0,0,0,0,0,0,0,0,,0,0,0,0,0,,0,0,0,0,4,0,1,2,12,0,0,0,0,0,0,1,0,0,0,0,0,0,0,0,0,0,0,0,0,0,0,0,0,0,0,0,0,0,0,0,0,0,0,0,0,,,0,0,0,0,0,0,0,0,0,0,0,0,,,,0,0,0,0,0,0,0,,0,0,0,0,0,0,0,,0,0,0,0,0,0,0,0,0,0,0,0
00-0035406,L.Humphrey,Lil'Jordan Humphrey,WR,WR,"https://static.www.nfl.com/image/upload/f_auto,q_auto/league/otxrvkflhixz9akhmfqq",2025,14,REG,2025_14_DEN_LV,DEN,LV,0,0,0,0,0,0,0,0,0,0,0,0,,,0,,0,0,0,0,0,0,0,0,0,0,,0,0,0,0,0,3,3,27,0,0,0,16,11,2,1.80546071357094,0,1,0,0,0,1.6875,0.0833333333333333,0.0740740740740741,0.176851851851852,0,0,0,0,0,0,0,0,0,0,0,0,0,0,0,0,0,0,0,0,0,0,0,0,0,0,0,0,0,0,0,0,0,0,0,0,0,0,0,0,0,0,,,0,0,0,0,0,0,0,0,0,0,0,0,,,,0,0,0,0,0,0,0,,0,0,0,0,0,0,0,,0,0,0,0,0,0,0,0,0,0,2.7,5.7
00-0035525,D.Bush,Devin Bush,LB,LB,"https://static.www.nfl.com/image/upload/f_auto,q_auto/league/yn9buon12abtkbrm9cqm",2025,14,REG,2025_14_TEN_CLE,CLE,TEN,0,0,0,0,0,0,0,0,0,0,0,0,,,0,,0,0,0,0,0,0,0,0,0,0,,0,0,0,0,0,0,0,0,0,0,0,0,0,0,,0,0,0,0,0,,0,0,0,0,3,0,6,0,0,0,0,0,0,1,44,2,0,0,0,0,0,0,0,0,0,0,0,0,0,0,0,0,0,0,0,0,0,0,0,0,0,0,0,0,0,,,0,0,0,0,0,0,0,0,0,0,0,0,,,,0,0,0,0,0,0,0,,0,0,0,0,0,0,0,,0,0,0,0,0,0,0,0,0,0,0,0
00-0035537,Ty.Johnson,Ty Johnson,RB,RB,"https://static.www.nfl.com/image/upload/f_auto,q_auto/league/zruhihypizhtgpvsaj3c",2025,14,REG,2025_14_CIN_BUF,BUF,CIN,0,0,0,0,0,0,0,0,0,0,0,0,,,0,,0,0,0,0,2,25,0,0,0,1,1.60313731111819,0,1,1,1,0,2,3,14,0,0,0,-12,23,0,-1.12171397707425,0,0,0,0,0,-1.16666666666667,0.111111111111111,-0.0930232558139535,0.101550387596899,0,0,0,0,0,0,0,0,0,0,0,0,0,0,0,0,0,0,0,0,0,0,0,0,0,0,0,0,0,0,0,0,0,0,0,0,2,46,0,0,0,0,,,0,0,0,0,0,0,0,0,0,0,0,0,,,,0,0,0,0,0,0,0,,0,0,0,0,0,0,0,,0,0,0,0,0,0,0,0,0,0,3.9,5.9
00-0035544,T.Kennedy,Tom Kennedy,WR,WR,"https://static.www.nfl.com/image/upload/f_auto,q_auto/league/cbpuzvde5zqalmkjo0dv",2025,14,REG,2025_14_DAL_DET,DET,DAL,0,0,0,0,0,0,0,0,0,0,0,0,,,0,,0,0,0,0,0,0,0,0,0,0,,0,0,0,0,0,0,0,0,0,0,0,0,0,0,,0,0,0,0,0,,0,0,0,0,0,0,0,0,0,0,0,0,0,0,0,0,0,0,0,0,0,0,0,0,0,0,0,0,0,0,0,0,0,0,0,0,0,1,21,3,120,0,0,0,0,,,0,0,0,0,0,0,0,0,0,0,0,0,,,,0,0,0,0,0,0,0,,0,0,0,0,0,0,0,,0,0,0,0,0,0,0,0,0,0,0,0
00-0035594,T.Homer,Travis Homer,RB,RB,"https://static.www.nfl.com/image/upload/f_auto,q_auto/league/dyyclvfaagspov2ydf3i",2025,14,REG,2025_14_CHI_GB,CHI,GB,0,0,0,0,0,0,0,0,0,0,0,0,,,0,,0,0,0,0,0,0,0,0,0,0,,0,0,0,0,0,0,0,0,0,0,0,0,0,0,,0,0,0,0,0,,0,0,0,0,0,0,1,0,0,0,0,0,0,0,0,0,0,0,0,0,0,0,0,0,0,0,0,0,0,0,0,0,0,0,0,0,0,0,0,0,0,0,0,0,0,,,0,0,0,0,0,0,0,0,0,0,0,0,,,,0,0,0,0,0,0,0,,0,0,0,0,0,0,0,,0,0,0,0,0,0,0,0,0,0,0,0
00-0035617,T.Reeder,Troy Reeder,LB,LB,"https://static.www.nfl.com/image/upload/f_auto,q_auto/league/laiuwnorvmneuwvav61k",2025,14,REG,2025_14_LA_ARI,LA,ARI,0,0,0,0,0,0,0,0,0,0,0,0,,,0,,0,0,0,0,0,0,0,0,0,0,,0,0,0,0,0,0,0,0,0,0,0,0,0,0,,0,0,0,0,0,,0,0,0,0,2,0,1,0,0,0,0,0,0,0,0,1,0,0,0,0,0,0,0,0,0,0,0,0,0,0,0,0,0,0,0,0,0,0,0,0,0,0,0,0,0,,,0,0,0,0,0,0,0,0,0,0,0,0,,,,0,0,0,0,0,0,0,,0,0,0,0,0,0,0,,0,0,0,0,0,0,0,0,0,0,0,0
00-0035630,C.Lindstrom,Chris Lindstrom,G,OL,"https://static.www.nfl.com/image/upload/f_auto,q_auto/league/ej9vnjijinovikapg3nz",2025,14,REG,2025_14_SEA_ATL,ATL,SEA,0,0,0,0,0,0,0,0,0,0,0,0,,,0,,0,0,0,0,0,0,0,0,0,0,,0,0,0,0,0,0,0,0,0,0,0,0,0,0,,0,0,0,0,0,,0,0,0,0,0,0,1,0,0,0,0,0,0,0,0,0,0,0,0,0,0,0,0,0,0,0,0,0,0,0,0,0,0,0,0,0,0,0,0,0,0,0,0,0,0,,,0,0,0,0,0,0,0,0,0,0,0,0,,,,0,0,0,0,0,0,0,,0,0,0,0,0,0,0,,0,0,0,0,0,0,0,0,0,0,0,0
00-0035632,A.Hooker,Amani Hooker,SAF,DB,"https://static.www.nfl.com/image/upload/f_auto,q_auto/league/h2jriwibpvmgdc33zsjc",2025,14,REG,2025_14_TEN_CLE,TEN,CLE,0,0,0,0,0,0,0,0,0,0,0,0,,,0,,0,0,0,0,0,0,0,0,0,0,,0,0,0,0,0,0,0,0,0,0,0,0,0,0,,0,0,0,0,0,,0,0,0,0,4,0,2,0,0,0,0,0,0,0,0,0,0,0,0,0,0,0,0,0,0,0,0,0,0,0,0,0,0,0,0,0,0,0,0,0,0,0,0,0,0,,,0,0,0,0,0,0,0,0,0,0,0,0,,,,0,0,0,0,0,0,0,,0,0,0,0,0,0,0,,0,0,0,0,0,0,0,0,0,0,0,0
00-0035637,R.Ya-Sin,Rock Ya-Sin,CB,DB,"https://static.www.nfl.com/image/upload/f_auto,q_auto/league/llibqv3euvevt5m4ftnj",2025,14,REG,2025_14_DAL_DET,DET,DAL,0,0,0,0,0,0,0,0,0,0,0,0,,,0,,0,0,0,0,0,0,0,0,0,0,,0,0,0,0,0,0,0,0,0,0,0,0,0,0,,0,0,0,0,0,,0,0,0,0,1,0,3,0,0,0,0,0,0,0,0,0,0,0,0,0,0,0,0,0,0,0,0,0,0,0,0,0,0,0,0,0,0,0,0,0,0,0,0,0,0,,,0,0,0,0,0,0,0,0,0,0,0,0,,,,0,0,0,0,0,0,0,,0,0,0,0,0,0,0,,0,0,0,0,0,0,0,0,0,0,0,0
00-0035640,D.Metcalf,DK Metcalf,WR,WR,"https://static.www.nfl.com/image/upload/f_auto,q_auto/league/kxql4sjfelubhxawu2zh",2025,14,REG,2025_14_PIT_BAL,PIT,BAL,0,0,0,0,0,0,0,0,0,0,0,0,,,0,,0,0,0,0,0,0,0,0,0,0,,0,0,0,0,0,7,12,148,0,0,0,166,37,3,6.82122421328677,0,4,3,3,2,0.891566265060241,0.363636363636364,0.783018867924528,1.09356775300172,0,0,0,0,0,0,0,0,0,0,0,0,0,0,0,0,0,0,0,0,0,0,0,0,0,0,0,0,0,0,0,0,0,0,0,0,0,0,0,0,0,0,,,0,0,0,0,0,0,0,0,0,0,0,0,,,,0,0,0,0,0,0,0,,0,0,0,0,0,0,0,,0,0,0,0,0,0,0,0,0,0,14.8,21.8
00-0035642,J.Hines-Allen,Josh Hines-Allen,DE,DL,"https://static.www.nfl.com/image/upload/f_auto,q_auto/league/q8vaxyizpzrlwlhsthvl",2025,14,REG,2025_14_IND_JAX,JAX,IND,0,0,0,0,0,0,0,0,0,0,0,0,,,0,,0,0,0,0,0,0,0,0,0,0,,0,0,0,0,0,0,0,0,0,0,0,0,0,0,,0,0,0,0,0,,0,0,0,0,2,0,3,1,9,0,1,9,2,0,0,0,0,0,1,0,0,0,0,0,0,0,0,0,0,0,0,0,0,0,0,0,0,0,0,0,0,0,0,0,0,,,0,0,0,0,0,0,0,0,0,0,0,0,,,,0,0,0,0,0,0,0,,0,0,0,0,0,0,0,,0,0,0,0,0,0,0,0,0,0,0,0
00-0035643,J.Simmons,Jeffery Simmons,DT,DL,"https://static.www.nfl.com/image/upload/f_auto,q_auto/league/lt545qfibz7n9jlqyqov",2025,14,REG,2025_14_TEN_CLE,TEN,CLE,0,0,0,0,0,0,0,0,0,0,0,0,,,0,,0,0,0,0,0,0,0,0,0,0,,0,0,0,0,0,0,0,0,0,0,0,0,0,0,,0,0,0,0,0,,0,0,0,0,2,0,5,2,14,0,1.5,12,3,0,0,1,0,0,0,0,0,0,0,0,0,0,0,0,0,0,1,5,0,0,0,0,0,0,0,0,0,0,0,0,0,,,0,0,0,0,0,0,0,0,0,0,0,0,,,,0,0,0,0,0,0,0,,0,0,0,0,0,0,0,,0,0,0,0,0,0,0,0,0,0,0,0
00-0035644,N.Fant,Noah Fant,TE,TE,"https://static.www.nfl.com/image/upload/f_auto,q_auto/league/lijnonbrcmplvkcb5kqv",2025,14,REG,2025_14_CIN_BUF,CIN,BUF,0,0,0,0,0,0,0,0,0,0,0,0,,,0,,0,0,0,0,0,0,0,0,0,0,,0,0,0,0,0,1,2,15,0,0,0,17,12,1,0.460035378811881,0,1,0,0,0,0.882352941176471,0.0555555555555556,0.0516717325227964,0.119503546099291,0,0,0,0,0,0,0,0,0,0,0,0,0,0,0,0,0,0,0,0,0,0,0,0,0,0,0,0,0,0,0,0,0,0,0,0,0,0,0,0,0,0,,,0,0,0,0,0,0,0,0,0,0,0,0,,,,0,0,0,0,0,0,0,,0,0,0,0,0,0,0,,0,0,0,0,0,0,0,0,0,0,1.5,2.5
00-0035647,M.Sweat,Montez Sweat,DE,DL,"https://static.www.nfl.com/image/upload/f_auto,q_auto/league/lmaq9dyixaolzxleqb5e",2025,14,REG,2025_14_CHI_GB,CHI,GB,0,0,0,0,0,0,0,0,0,0,0,0,,,0,,0,0,0,0,0,0,0,0,0,0,,0,0,0,0,0,0,0,0,0,0,0,0,0,0,,0,0,0,0,0,,0,0,0,0,2,0,0,1,14,0,1,14,1,0,0,0,0,0,0,0,0,0,0,0,0,0,0,0,0,0,0,0,0,0,0,0,0,0,0,0,0,0,0,0,0,,,0,0,0,0,0,0,0,0,0,0,0,0,,,,0,0,0,0,0,0,0,,0,0,0,0,0,0,0,,0,0,0,0,0,0,0,0,0,0,0,0
00-0035655,W.Harris,Will Harris,SAF,DB,"https://static.www.nfl.com/image/upload/f_auto,q_auto/league/u5dy7qow1rg8c8768koq",2025,14,REG,2025_14_WAS_MIN,WAS,MIN,0,0,0,0,0,0,0,0,0,0,0,0,,,0,,0,0,0,0,0,0,0,0,0,0,,0,0,0,0,0,0,0,0,0,0,0,0,0,0,,0,0,0,0,0,,0,0,0,0,1,0,1,1,3,0,1,3,0,0,0,0,0,0,0,0,0,0,0,0,0,0,0,0,0,0,0,0,0,0,0,0,0,0,0,0,0,0,0,0,0,,,0,0,0,0,0,0,0,0,0,0,0,0,,,,0,0,0,0,0,0,0,,0,0,0,0,0,0,0,,0,0,0,0,0,0,0,0,0,0,0,0
00-0035656,K.Saunders,Khalen Saunders,DT,DL,"https://static.www.nfl.com/image/upload/f_auto,q_auto/league/ory67tgth5h9zjiriihh",2025,14,REG,2025_14_MIA_NYJ,NYJ,MIA,0,0,0,0,0,0,0,0,0,0,0,0,,,0,,0,0,0,0,0,0,0,0,0,0,,0,0,0,0,0,0,0,0,0,0,0,0,0,0,,0,0,0,0,0,,0,0,0,0,1,0,2,0,0,0,0,0,0,0,0,0,0,0,0,0,0,0,0,0,0,0,0,0,0,0,0,0,0,0,0,0,0,0,0,0,0,0,0,0,0,,,0,0,0,0,0,0,0,0,0,0,0,0,,,,0,0,0,0,0,0,0,,0,0,0,0,0,0,0,,0,0,0,0,0,0,0,0,0,0,0,0
00-0035659,T.McLaurin,Terry McLaurin,WR,WR,"https://static.www.nfl.com/image/upload/f_auto,q_auto/league/tmfl2zruajmkrtcg4zxp",2025,14,REG,2025_14_WAS_MIN,WAS,MIN,0,0,0,0,0,0,0,0,0,0,0,0,,,0,,0,0,0,0,0,0,0,0,0,0,,0,0,0,0,0,3,6,41,0,0,0,43,8,2,-4.42449707305059,0,1,1,1,0,0.953488372093023,0.3,0.373913043478261,0.711739130434783,0,1,0,0,0,0,0,0,0,0,0,0,0,0,0,0,0,0,0,0,0,0,0,0,0,0,0,0,0,0,0,0,0,0,0,0,0,0,0,0,0,0,,,0,0,0,0,0,0,0,0,0,0,0,0,,,,0,0,0,0,0,0,0,,0,0,0,0,0,0,0,,0,0,0,0,0,0,0,0,0,0,4.1,7.1
00-0035662,M.Brown,Marquise Brown,WR,WR,"https://static.www.nfl.com/image/upload/f_auto,q_auto/league/shkjxggufymydgp6wk3p",2025,14,REG,2025_14_HOU_KC,KC,HOU,0,0,0,0,0,0,0,0,0,0,0,0,,,0,,0,0,0,0,0,0,0,0,0,0,,0,0,0,0,0,1,2,35,0,0,0,77,0,1,0.801298048696481,0,1,1,1,0,0.454545454545455,0.0689655172413793,0.26643598615917,0.289953466173488,0,1,0,0,0,0,0,0,0,0,0,0,0,0,0,0,0,0,0,0,0,0,0,0,0,0,0,0,0,0,0,0,0,0,0,0,0,0,0,0,0,0,,,0,0,0,0,0,0,0,0,0,0,0,0,,,,0,0,0,0,0,0,0,,0,0,0,0,0,0,0,,0,0,0,0,0,0,0,0,0,0,3.5,4.5
00-0035667,G.Gaines,Greg Gaines,DT,DL,"https://static.www.nfl.com/image/upload/f_auto,q_auto/league/zo3aqstf8ng4tju17tid",2025,14,REG,2025_14_NO_TB,TB,NO,0,0,0,0,0,0,0,0,0,0,0,0,,,0,,0,0,0,0,0,0,0,0,0,0,,0,0,0,0,0,0,0,0,0,0,0,0,0,0,,0,0,0,0,0,,0,0,0,0,3,0,1,1,3,0,1,3,1,0,0,0,0,0,0,0,0,0,0,0,0,0,0,0,0,0,0,0,0,0,0,0,0,0,0,0,0,0,0,0,0,,,0,0,0,0,0,0,0,0,0,0,0,0,,,,0,0,0,0,0,0,0,,0,0,0,0,0,0,0,,0,0,0,0,0,0,0,0,0,0,0,0
00-0035672,C.Barton,Cody Barton,LB,LB,"https://static.www.nfl.com/image/upload/f_auto,q_auto/league/gdsui5swyoiuqadewwob",2025,14,REG,2025_14_TEN_CLE,TEN,CLE,0,0,0,0,0,0,0,0,0,0,0,0,,,0,,0,0,0,0,0,0,0,0,0,0,,0,0,0,0,0,0,0,0,0,0,0,0,0,0,,0,0,0,0,0,,0,0,0,0,1,0,4,0,0,0,0,0,0,0,0,3,0,0,0,0,0,0,0,0,0,0,0,0,0,0,0,0,0,0,0,0,0,0,0,0,0,0,0,0,0,,,0,0,0,0,0,0,0,0,0,0,0,0,,,,0,0,0,0,0,0,0,,0,0,0,0,0,0,0,,0,0,0,0,0,0,0,0,0,0,0,0
00-0035674,J.Tillery,Jerry Tillery,DT,DL,"https://static.www.nfl.com/image/upload/f_auto,q_auto/league/cyu9a5fqoidiujclm8dy",2025,14,REG,2025_14_HOU_KC,KC,HOU,0,0,0,0,0,0,0,0,0,0,0,0,,,0,,0,0,0,0,0,0,0,0,0,0,,0,0,0,0,0,0,0,0,0,0,0,0,0,0,,0,0,0,0,0,,0,0,0,0,0,0,1,0,0,0,0.5,0.5,1,0,0,0,0,0,0,0,0,0,0,0,0,0,0,0,0,0,0,0,0,0,0,0,0,0,0,0,0,0,0,0,0,,,0,0,0,0,0,0,0,0,0,0,0,0,,,,0,0,0,0,0,0,0,,0,0,0,0,0,0,0,,0,0,0,0,0,0,0,0,0,0,0,0
00-0035676,A.Brown,A.J. Brown,WR,WR,"https://static.www.nfl.com/image/upload/f_auto,q_auto/league/qfhvjyssf0lwsh0kienp",2025,14,REG,2025_14_PHI_LAC,PHI,LAC,0,0,0,0,0,0,0,0,0,0,0,0,,,0,,0,0,0,0,0,0,0,0,0,0,,0,0,0,0,0,6,13,100,0,0,0,198,38,5,-10.0700499423992,0,5,4,2,0,0.505050505050505,0.342105263157895,0.485294117647059,0.852863777089783,0,0,0,0,0,0,0,0,0,0,0,0,0,0,0,0,0,0,0,0,0,0,0,0,0,0,0,0,0,0,0,0,0,0,0,0,0,0,0,0,0,0,,,0,0,0,0,0,0,0,0,0,0,0,0,,,,0,0,0,0,0,0,0,,0,0,0,0,0,0,0,,0,0,0,0,0,0,0,0,0,0,10,16
00-0035678,D.Jones,Dre'Mont Jones,LB,LB,"https://static.www.nfl.com/image/upload/f_auto,q_auto/league/srvoexno6ilcwzm11vgv",2025,14,REG,2025_14_PIT_BAL,BAL,PIT,0,0,0,0,0,0,0,0,0,0,0,0,,,0,,0,0,0,0,0,0,0,0,0,0,,0,0,0,0,0,0,0,0,0,0,0,0,0,0,,0,0,0,0,0,,0,0,0,0,0,0,2,0,0,0,0,0,1,0,0,0,0,0,0,0,0,0,0,0,0,0,0,0,0,0,0,0,0,0,0,0,0,0,0,0,0,0,0,0,0,,,0,0,0,0,0,0,0,0,0,0,0,0,,,,0,0,0,0,0,0,0,,0,0,0,0,0,0,0,,0,0,0,0,0,0,0,0,0,0,0,0
00-0035680,Q.Williams,Quincy Williams,LB,LB,"https://static.www.nfl.com/image/upload/f_auto,q_auto/league/ukxxxlah4iappss0ro9e",2025,14,REG,2025_14_MIA_NYJ,NYJ,MIA,0,0,0,0,0,0,0,0,0,0,0,0,,,0,,0,0,0,0,0,0,0,0,0,0,,0,0,0,0,0,0,0,0,0,0,0,0,0,0,,0,0,0,0,0,,0,0,0,0,2,0,5,1,8,0,1,8,1,0,0,0,0,0,0,0,0,0,0,0,0,0,0,0,0,0,0,0,0,0,0,0,0,0,0,0,0,0,0,0,0,,,0,0,0,0,0,0,0,0,0,0,0,0,,,,0,0,0,0,0,0,0,,0,0,0,0,0,0,0,,0,0,0,0,0,0,0,0,0,0,0,0
00-0035681,M.Edwards,Mike Edwards,SAF,DB,"https://static.www.nfl.com/image/upload/f_auto,q_auto/league/bk3iu3ki1uhkalg3dt28",2025,14,REG,2025_14_HOU_KC,KC,HOU,0,0,0,0,0,0,0,0,0,0,0,0,,,0,,0,0,0,0,0,0,0,0,0,0,,0,0,0,0,0,0,0,0,0,0,0,0,0,0,,0,0,0,0,0,,0,0,0,0,6,0,1,1,1,0,0,0,0,0,0,0,0,0,0,0,0,0,0,0,0,0,0,0,0,0,1,3,0,0,0,0,0,0,0,0,0,0,0,0,0,,,0,0,0,0,0,0,0,0,0,0,0,0,,,,0,0,0,0,0,0,0,,0,0,0,0,0,0,0,,0,0,0,0,0,0,0,0,0,0,0,0
00-0035685,D.Montgomery,David Montgomery,RB,RB,"https://static.www.nfl.com/image/upload/f_auto,q_auto/league/csz0c9roa4pqsccothxg",2025,14,REG,2025_14_DAL_DET,DET,DAL,0,0,0,0,0,0,0,0,0,0,0,0,,,0,,0,0,0,0,6,60,1,0,0,4,4.58939073985675,0,1,1,1,0,1,1,13,0,0,0,2,11,0,0.995809031184763,0,1,0,0,0,6.5,0.032258064516129,0.00873362445414847,0.0545006338920975,0,0,0,0,0,0,0,0,0,0,0,0,0,0,0,0,0,0,0,0,0,0,0,0,0,0,0,0,0,0,0,0,0,0,0,0,0,0,0,0,0,0,,,0,0,0,0,0,0,0,0,0,0,0,0,,,,0,0,0,0,0,0,0,,0,0,0,0,0,0,0,,0,0,0,0,0,0,0,0,0,0,13.3,14.3
00-0035688,T.Pipkins,Trey Pipkins,OT,OL,"https://static.www.nfl.com/image/upload/f_auto,q_auto/league/nhze2mywnxrcmwyck0x4",2025,14,REG,2025_14_PHI_LAC,LAC,PHI,0,0,0,0,0,0,0,0,0,0,0,0,,,0,,0,0,0,0,0,0,0,0,0,0,,0,0,0,0,0,0,0,0,0,0,0,0,0,0,,0,0,0,0,0,,0,0,0,0,0,0,0,0,0,0,0,0,0,0,0,0,0,0,0,0,0,0,0,0,0,0,0,0,0,0,1,5,0,0,0,0,0,0,0,0,0,0,0,0,0,,,0,0,0,0,0,0,0,0,0,0,0,0,,,,0,0,0,0,0,0,0,,0,0,0,0,0,0,0,,0,0,0,0,0,0,0,0,0,0,0,0
00-0035689,D.Knox,Dawson Knox,TE,TE,"https://static.www.nfl.com/image/upload/f_auto,q_auto/league/k8bi9ppahwfmoxs8ij4w",2025,14,REG,2025_14_CIN_BUF,BUF,CIN,0,0,0,0,0,0,0,0,0,0,0,0,,,0,,0,0,0,0,0,0,0,0,0,0,,0,0,0,0,0,6,7,93,0,0,0,34,62,4,4.69366501572961,1,4,2,2,0,2.73529411764706,0.259259259259259,0.263565891472868,0.573385012919897,0,0,0,0,0,0,0,0,0,0,0,0,0,0,0,0,0,0,0,0,0,0,0,0,0,0,0,0,0,0,0,0,0,0,0,0,0,0,0,0,0,0,,,0,0,0,0,0,0,0,0,0,0,0,0,,,,0,0,0,0,0,0,0,,0,0,0,0,0,0,0,,0,0,0,0,0,0,0,0,0,0,11.3,17.3
00-0035697,G.Pratt,Germaine Pratt,LB,LB,"https://static.www.nfl.com/image/upload/f_auto,q_auto/league/genaletbuldhonkf0zlc",2025,14,REG,2025_14_IND_JAX,IND,JAX,0,0,0,0,0,0,0,0,0,0,0,0,,,0,,0,0,0,0,0,0,0,0,0,0,,0,0,0,0,0,0,0,0,0,0,0,0,0,0,,0,0,0,0,0,,0,0,0,0,2,0,4,0,0,0,0,0,0,0,0,1,0,0,0,0,0,0,0,0,0,0,0,1,1,0,0,0,0,0,0,0,0,0,0,0,0,0,0,0,0,,,0,0,0,0,0,0,0,0,0,0,0,0,,,,0,0,0,0,0,0,0,,0,0,0,0,0,0,0,,0,0,0,0,0,0,0,0,0,0,0,0
00-0035699,J.Dean,Jamel Dean,CB,DB,"https://static.www.nfl.com/image/upload/f_auto,q_auto/league/i14xz1t5kffhey7aas39",2025,14,REG,2025_14_NO_TB,TB,NO,0,0,0,0,0,0,0,0,0,0,0,0,,,0,,0,0,0,0,0,0,0,0,0,0,,0,0,0,0,0,0,0,0,0,0,0,0,0,0,,0,0,0,0,0,,0,0,0,0,4,0,0,0,0,0,0,0,0,0,0,0,0,0,0,0,0,0,0,0,0,0,0,0,0,0,0,0,0,0,0,0,0,0,0,0,0,0,0,0,0,,,0,0,0,0,0,0,0,0,0,0,0,0,,,,0,0,0,0,0,0,0,,0,0,0,0,0,0,0,,0,0,0,0,0,0,0,0,0,0,0,0
00-0035700,J.Jacobs,Josh Jacobs,RB,RB,"https://static.www.nfl.com/image/upload/f_auto,q_auto/league/uceokxeo0uqrqms3e3vl",2025,14,REG,2025_14_CHI_GB,GB,CHI,0,0,0,0,0,0,0,0,0,0,0,0,,,0,,0,0,0,0,20,86,1,0,0,7,3.30436338001164,0,3,1,1,0,2,2,6,0,0,0,-6,12,0,-0.34315704315668,0,0,0,0,0,-1,0.0869565217391304,-0.0192926045016077,0.11692995945757,0,0,0,0,0,0,0,0,0,0,0,0,0,0,0,0,0,0,0,0,0,0,0,0,0,0,0,0,0,0,0,0,0,0,0,0,0,0,0,0,0,0,,,0,0,0,0,0,0,0,0,0,0,0,0,,,,0,0,0,0,0,0,0,,0,0,0,0,0,0,0,,0,0,0,0,0,0,0,0,0,0,15.2,17.2
00-0035702,D.Risner,Dalton Risner,G,OL,"https://static.www.nfl.com/image/upload/f_auto,q_auto/league/egrb3digghpyj13effdb",2025,14,REG,2025_14_CIN_BUF,CIN,BUF,0,0,0,0,0,0,0,0,0,0,0,0,,,0,,0,0,0,0,0,0,0,0,0,0,,0,0,0,0,0,0,0,0,0,0,0,0,0,0,,0,0,0,0,0,,0,0,0,0,1,0,0,0,0,0,0,0,0,0,0,0,0,0,0,0,0,0,0,0,0,0,0,0,0,0,0,0,0,0,0,0,0,0,0,0,0,0,0,0,0,,,0,0,0,0,0,0,0,0,0,0,0,0,,,,0,0,0,0,0,0,0,,0,0,0,0,0,0,0,,0,0,0,0,0,0,0,0,0,0,0,0
00-0035704,D.Lock,Drew Lock,QB,QB,"https://static.www.nfl.com/image/upload/f_auto,q_auto/league/vdixnkk1uglfpwowalf8",2025,14,REG,2025_14_SEA_ATL,SEA,ATL,0,0,0,0,0,0,0,0,0,0,0,0,,,0,,0,0,0,0,1,0,0,1,0,0,-0.515182268456556,0,0,0,0,0,0,0,0,0,0,0,0,0,0,,0,0,0,0,0,,0,0,0,0,0,0,0,0,0,0,0,0,0,0,0,0,0,0,0,0,0,0,0,0,0,1,0,0,0,0,0,0,0,1,0,1,0,0,0,0,0,0,0,0,0,,,0,0,0,0,0,0,0,0,0,0,0,0,,,,0,0,0,0,0,0,0,,0,0,0,0,0,0,0,,0,0,0,0,0,0,0,0,0,0,0,0
00-0035705,J.Thompson,Jalen Thompson,DB,DB,"https://static.www.nfl.com/image/upload/f_auto,q_auto/league/dlsbnnvfzsmnqh3c05ah",2025,14,REG,2025_14_LA_ARI,ARI,LA,0,0,0,0,0,0,0,0,0,0,0,0,,,0,,0,0,0,0,0,0,0,0,0,0,,0,0,0,0,0,0,0,0,0,0,0,0,0,0,,0,0,0,0,0,,0,0,0,0,3,0,4,0,0,0,0,0,0,0,0,0,0,0,0,0,0,0,0,0,0,0,0,0,0,0,0,0,0,0,0,0,0,0,0,0,0,0,0,0,0,,,0,0,0,0,0,0,0,0,0,0,0,0,,,,0,0,0,0,0,0,0,,0,0,0,0,0,0,0,,0,0,0,0,0,0,0,0,0,0,0,0
00-0035707,D.White,Devin White,LB,LB,"https://static.www.nfl.com/image/upload/f_auto,q_auto/league/oqv87a7jn67zgnlplnbp",2025,14,REG,2025_14_DEN_LV,LV,DEN,0,0,0,0,0,0,0,0,0,0,0,0,,,0,,0,0,0,0,0,0,0,0,0,0,,0,0,0,0,0,0,0,0,0,0,0,0,0,0,,0,0,0,0,0,,0,0,0,0,10,0,9,0,0,0,0,0,0,0,0,0,0,0,0,0,0,0,0,0,0,0,0,0,0,0,0,0,0,0,0,0,0,0,0,0,0,0,0,0,0,,,0,0,0,0,0,0,0,0,0,0,0,0,,,,0,0,0,0,0,0,0,,0,0,0,0,0,0,0,,0,0,0,0,0,0,0,0,0,0,0,0
00-0035710,D.Jones,Daniel Jones,QB,QB,"https://static.www.nfl.com/image/upload/f_auto,q_auto/league/ohvvctuykzwrpqer7xgl",2025,14,REG,2025_14_IND_JAX,IND,JAX,5,7,60,0,1,0,0,0,0,61,23,4,-1.24876737693558,5.66951377051217,0,0.983606557377049,3,2,0,0,1,4,0,0,0,0,-0.106664064456709,0,0,0,0,0,0,0,0,0,0,0,0,0,0,,0,0,0,0,0,,0,0,0,0,0,0,0,0,0,0,0,0,0,0,0,0,0,0,0,0,0,0,0,0,0,0,0,0,0,0,0,0,0,0,0,0,0,0,0,0,0,0,0,0,0,,,0,0,0,0,0,0,0,0,0,0,0,0,,,,0,0,0,0,0,0,0,,0,0,0,0,0,0,0,,0,0,0,0,0,0,0,0,0,0,0.8,0.8
00-0035718,Q.Williams,Quinnen Williams,DT,DL,"https://static.www.nfl.com/image/upload/f_auto,q_auto/league/lijqxjhytjakehnusgmn",2025,14,REG,2025_14_DAL_DET,DAL,DET,0,0,0,0,0,0,0,0,0,0,0,0,,,0,,0,0,0,0,0,0,0,0,0,0,,0,0,0,0,0,0,0,0,0,0,0,0,0,0,,0,0,0,0,0,,0,0,0,0,1,0,3,0,0,0,0,0,1,0,0,0,0,0,0,0,0,0,0,0,0,0,0,0,0,0,0,0,0,0,0,0,0,0,0,0,0,0,0,0,0,,,0,0,0,0,0,0,0,0,0,0,0,0,,,,0,0,0,0,0,0,0,,0,0,0,0,0,0,0,,0,0,0,0,0,0,0,0,0,0,0,0
00-0035719,D.Samuel,Deebo Samuel Sr.,WR,WR,"https://static.www.nfl.com/image/upload/f_auto,q_auto/league/ntgyhqg6hq7fanhhsqiw",2025,14,REG,2025_14_WAS_MIN,WAS,MIN,0,0,0,0,0,0,0,0,0,0,0,0,,,0,,0,0,0,0,0,0,0,0,0,0,,0,0,0,0,0,4,6,27,0,0,0,-1,24,2,-1.6149195068283,0,2,0,0,0,0,0.3,-0.00869565217391304,0.443913043478261,0,0,0,1,0,0,0,0,0,0,0,0,0,0,0,0,0,0,0,0,0,0,0,0,0,0,0,0,0,0,0,0,0,0,0,0,4,87,0,0,0,0,,,0,0,0,0,0,0,0,0,0,0,0,0,,,,0,0,0,0,0,0,0,,0,0,0,0,0,0,0,,0,0,0,0,0,0,0,0,0,0,2.7,6.7
00-0035763,M.Roach,Malcolm Roach,DT,DL,"https://static.www.nfl.com/image/upload/f_auto,q_auto/league/oxcd8veodm7hkiualglu",2025,14,REG,2025_14_DEN_LV,DEN,LV,0,0,0,0,0,0,0,0,0,0,0,0,,,0,,0,0,0,0,0,0,0,0,0,0,,0,0,0,0,0,0,0,0,0,0,0,0,0,0,,0,0,0,0,0,,0,0,0,0,2,0,0,1,8,0,1,8,1,0,0,0,0,0,0,0,0,0,0,0,0,0,0,0,0,0,0,0,0,0,0,0,0,0,0,0,0,0,0,0,0,,,0,0,0,0,0,0,0,0,0,0,0,0,,,,0,0,0,0,0,0,0,,0,0,0,0,0,0,0,,0,0,0,0,0,0,0,0,0,0,0,0
00-0035795,J.Pierre,James Pierre,CB,DB,"https://static.www.nfl.com/image/upload/f_auto,q_auto/league/ejlisynlop21gglz3zbh",2025,14,REG,2025_14_PIT_BAL,PIT,BAL,0,0,0,0,0,0,0,0,0,0,0,0,,,0,,0,0,0,0,0,0,0,0,0,0,,0,0,0,0,0,0,0,0,0,0,0,0,0,0,,0,0,0,0,0,,0,0,0,0,3,0,2,0,0,0,0,0,0,1,9,2,0,0,0,0,0,0,0,0,0,0,0,0,0,0,0,0,0,0,0,0,0,0,0,0,0,0,0,0,0,,,0,0,0,0,0,0,0,0,0,0,0,0,,,,0,0,0,0,0,0,0,,0,0,0,0,0,0,0,,0,0,0,0,0,0,0,0,0,0,0,0
00-0035821,C.Waitman,Corliss Waitman,P,SPEC,"https://static.www.nfl.com/image/upload/f_auto,q_auto/league/tob4qaxxwhpmnalutnk8",2025,14,REG,2025_14_PIT_BAL,PIT,BAL,0,0,0,0,0,0,0,0,0,0,0,0,,,0,,0,0,0,0,0,0,0,0,0,0,,0,0,0,0,0,0,0,0,0,0,0,0,0,0,,0,0,0,0,0,,0,0,0,0,0,0,0,0,0,0,0,0,0,0,0,0,0,0,0,0,0,0,0,0,0,0,0,0,0,0,0,0,0,0,0,0,0,0,0,0,0,0,0,0,0,,,0,0,0,0,0,0,0,0,0,0,0,0,,,,0,0,0,0,0,0,0,,0,0,0,0,0,4,0,53,197,1,0,0,0,1,3,14,0,183,0,0
00-0035876,A.Baccellia,Andre Baccellia,WR,WR,"https://static.www.nfl.com/image/upload/f_auto,q_auto/league/uaqykjil87rj71rkyz70",2025,14,REG,2025_14_LA_ARI,ARI,LA,0,0,0,0,0,0,0,0,0,0,0,0,,,0,,0,0,0,0,0,0,0,0,0,0,,0,0,0,0,0,1,3,3,0,0,0,2,7,0,-1.79555743187666,0,0,0,0,0,1.5,0.0681818181818182,0.00568181818181818,0.10625,0,0,0,0,0,0,0,0,0,0,0,0,0,0,0,0,0,0,0,0,0,0,0,0,0,0,0,0,0,0,0,0,0,0,0,0,0,0,0,0,0,0,,,0,0,0,0,0,0,0,0,0,0,0,0,,,,0,0,0,0,0,0,0,,0,0,0,0,0,0,0,,0,0,0,0,0,0,0,0,0,0,0.3,1.3
00-0035889,T.Townsend,Tommy Townsend,P,SPEC,"https://static.www.nfl.com/image/upload/f_auto,q_auto/league/zwolwrghzfucwck0bwld",2025,14,REG,2025_14_HOU_KC,HOU,KC,0,0,0,0,0,0,0,0,0,0,0,0,,,0,,0,0,0,0,0,0,0,0,0,0,,0,0,0,0,0,0,0,0,0,0,0,0,0,0,,0,0,0,0,0,,0,0,0,0,0,0,0,0,0,0,0,0,0,0,0,0,0,0,0,0,0,0,0,0,0,0,0,0,0,0,0,0,0,0,0,0,0,0,0,0,0,0,0,0,0,,,0,0,0,0,0,0,0,0,0,0,0,0,,,,0,0,0,0,0,0,0,,0,0,0,0,0,8,0,56,329,3,1,2,0,4,1,0,0,329,0,0
00-0035891,C.White,Cody White,WR,WR,"https://static.www.nfl.com/image/upload/f_auto,q_auto/league/qaxlehtrp722qleo48sc",2025,14,REG,2025_14_SEA_ATL,SEA,ATL,0,0,0,0,0,0,0,0,0,0,0,0,,,0,,0,0,0,0,0,0,0,0,0,0,,0,0,0,0,0,1,1,9,0,0,0,6,3,0,0.754883811343461,0,0,0,0,0,1.5,0.0333333333333333,0.0235294117647059,0.0664705882352941,0,1,0,0,0,0,0,0,0,0,0,0,0,0,0,0,0,0,0,0,0,0,0,0,0,0,0,0,0,0,0,0,0,0,0,0,0,0,0,0,0,0,,,0,0,0,0,0,0,0,0,0,0,0,0,,,,0,0,0,0,0,0,0,,0,0,0,0,0,0,0,,0,0,0,0,0,0,0,0,0,0,0.9,1.9
00-0035944,J.Williams,Jonah Williams,DE,DL,"https://static.www.nfl.com/image/upload/f_auto,q_auto/league/z91cumnpgkedyfl29jk3",2025,14,REG,2025_14_NO_TB,NO,TB,0,0,0,0,0,0,0,0,0,0,0,0,,,0,,0,0,0,0,0,0,0,0,0,0,,0,0,0,0,0,0,0,0,0,0,0,0,0,0,,0,0,0,0,0,,0,0,0,0,1,0,1,0,0,0,0,0,0,0,0,0,0,0,0,0,0,0,0,0,0,0,0,0,0,0,0,0,0,0,0,0,0,0,0,0,0,0,0,0,0,,,0,0,0,0,0,0,0,0,0,0,0,0,,,,0,0,0,0,0,0,0,,0,0,0,0,0,0,0,,0,0,0,0,0,0,0,0,0,0,0,0
00-0036040,J.Johnson,Juwan Johnson,TE,TE,"https://static.www.nfl.com/image/upload/f_auto,q_auto/league/ahzqkvhjot6lygwr4ccb",2025,14,REG,2025_14_NO_TB,NO,TB,0,0,0,0,0,0,0,0,0,0,0,0,,,0,,0,0,0,0,0,0,0,0,0,0,,0,0,0,0,0,4,4,38,0,0,0,20,18,2,2.92803075304255,0,2,0,0,0,1.9,0.2,0.126582278481013,0.388607594936709,0,0,0,0,0,0,0,0,0,0,0,0,0,0,0,0,0,0,0,0,0,0,0,0,0,0,0,0,0,0,0,0,0,0,0,0,0,0,0,0,0,0,,,0,0,0,0,0,0,0,0,0,0,0,0,,,,0,0,0,0,0,0,0,,0,0,0,0,0,0,0,,0,0,0,0,0,0,0,0,0,0,3.8,7.8
00-0036087,M.Bryant,Myles Bryant,CB,DB,"https://static.www.nfl.com/image/upload/f_auto,q_auto/league/mslszzwcbmt6hafvvu7r",2025,14,REG,2025_14_HOU_KC,HOU,KC,0,0,0,0,0,0,0,0,0,0,0,0,,,0,,0,0,0,0,0,0,0,0,0,0,,0,0,0,0,0,0,0,0,0,0,0,0,0,0,,0,0,0,0,0,,0,0,0,0,2,0,4,0,0,0,0,0,0,0,0,0,0,0,0,0,0,0,0,0,0,0,0,0,0,0,0,0,0,0,0,0,0,0,0,0,0,0,0,0,0,,,0,0,0,0,0,0,0,0,0,0,0,0,,,,0,0,0,0,0,0,0,,0,0,0,0,0,0,0,,0,0,0,0,0,0,0,0,0,0,0,0
00-0036124,K.Dorsey,Khalil Dorsey,CB,DB,"https://static.www.nfl.com/image/upload/f_auto,q_auto/league/fuzzcdksr4hobrl1rdhv",2025,14,REG,2025_14_DAL_DET,DET,DAL,0,0,0,0,0,0,0,0,0,0,0,0,,,0,,0,0,0,0,0,0,0,0,0,0,,0,0,0,0,0,0,0,0,0,0,0,0,0,0,,0,0,0,0,0,,0,0,0,0,1,0,0,0,0,0,0,0,0,0,0,0,0,0,0,0,0,0,0,0,0,0,0,0,0,0,0,0,0,0,0,0,0,0,0,0,0,0,0,0,0,,,0,0,0,0,0,0,0,0,0,0,0,0,,,,0,0,0,0,0,0,0,,0,0,0,0,0,0,0,,0,0,0,0,0,0,0,0,0,0,0,0
00-0036133,J.Proche,James Proche,WR,WR,"https://static.www.nfl.com/image/upload/f_auto,q_auto/league/s1jyxzrzgn2od1sempye",2025,14,REG,2025_14_TEN_CLE,TEN,CLE,0,0,0,0,0,0,0,0,0,0,0,0,,,0,,0,0,0,0,0,0,0,0,0,0,,0,0,0,0,0,0,1,0,0,0,0,12,0,0,-1.28437814954668,0,0,0,0,0,0,0.04,0.0689655172413793,0.108275862068966,0,0,0,0,0,0,0,0,0,0,0,0,0,0,0,0,0,0,0,0,0,0,0,0,0,0,0,0,0,0,0,0,0,0,0,0,0,0,0,0,0,0,,,0,0,0,0,0,0,0,0,0,0,0,0,,,,0,0,0,0,0,0,0,,0,0,0,0,0,0,0,,0,0,0,0,0,0,0,0,0,0,0,0
00-0036157,K.Welch,Kristian Welch,LB,LB,"https://static.www.nfl.com/image/upload/f_auto,q_auto/league/iqibbhzklifflirfqvoq",2025,14,REG,2025_14_CHI_GB,GB,CHI,0,0,0,0,0,0,0,0,0,0,0,0,,,0,,0,0,0,0,0,0,0,0,0,0,,0,0,0,0,0,0,0,0,0,0,0,0,0,0,,0,0,0,0,0,,0,0,0,0,0,0,1,0,0,0,0,0,0,0,0,0,0,0,0,0,0,0,0,0,0,0,0,0,0,0,0,0,0,0,0,0,0,0,0,0,0,0,0,0,0,,,0,0,0,0,0,0,0,0,0,0,0,0,,,,0,0,0,0,0,0,0,,0,0,0,0,0,0,0,,0,0,0,0,0,0,0,0,0,0,0,0
00-0036181,T.Tart,Teair Tart,DT,DL,"https://static.www.nfl.com/image/upload/f_auto,q_auto/league/jwqcxtrsle2q9edshwsx",2025,14,REG,2025_14_PHI_LAC,LAC,PHI,0,0,0,0,0,0,0,0,0,0,0,0,,,0,,0,0,0,0,0,0,0,0,0,0,,0,0,0,0,0,0,0,0,0,0,0,0,0,0,,0,0,0,0,0,,0,0,0,0,1,0,1,0,0,0,0,0,0,0,0,0,0,0,0,0,0,0,0,0,0,0,0,0,0,0,1,5,0,0,0,0,0,0,0,0,0,0,0,0,0,,,0,0,0,0,0,0,0,0,0,0,0,0,,,,0,0,0,0,0,0,0,,0,0,0,0,0,0,0,,0,0,0,0,0,0,0,0,0,0,0,0
00-0036182,N.Westbrook-Ikhine,Nick Westbrook-Ikhine,WR,WR,"https://static.www.nfl.com/image/upload/f_auto,q_auto/league/cyczwxlgfksrmurbb1ez",2025,14,REG,2025_14_MIA_NYJ,MIA,NYJ,0,0,0,0,0,0,0,0,0,0,0,0,,,0,,0,0,0,0,0,0,0,0,0,0,,0,0,0,0,0,0,0,0,0,0,0,0,0,0,,0,0,0,0,0,,0,0,0,0,1,0,1,0,0,0,0,0,0,0,0,0,0,0,0,0,0,0,0,0,0,0,0,0,0,0,0,0,0,0,0,0,0,0,0,0,0,0,0,0,0,,,0,0,0,0,0,0,0,0,0,0,0,0,,,,0,0,0,0,0,0,0,,0,0,0,0,0,0,0,,0,0,0,0,0,0,0,0,0,0,0,0
00-0036187,R.Gilliam,Reggie Gilliam,RB,RB,"https://static.www.nfl.com/image/upload/f_auto,q_auto/league/jjntivnnkczvlclkiwwm",2025,14,REG,2025_14_CIN_BUF,BUF,CIN,0,0,0,0,0,0,0,0,0,0,0,0,,,0,,0,0,0,0,0,0,0,0,0,0,,0,0,0,0,0,0,0,0,0,0,0,0,0,0,,0,0,0,0,0,,0,0,0,0,0,0,1,0,0,0,0,0,0,0,0,0,0,0,0,0,0,0,0,0,0,0,0,0,0,0,0,0,0,0,0,0,0,0,0,0,0,0,0,0,0,,,0,0,0,0,0,0,0,0,0,0,0,0,,,,0,0,0,0,0,0,0,,0,0,0,0,0,0,0,,0,0,0,0,0,0,0,0,0,0,0,0
00-0036192,A.Epenesa,A.J. Epenesa,LB,LB,"https://static.www.nfl.com/image/upload/f_auto,q_auto/league/hprr0vl8ruh0veetztij",2025,14,REG,2025_14_CIN_BUF,BUF,CIN,0,0,0,0,0,0,0,0,0,0,0,0,,,0,,0,0,0,0,0,0,0,0,0,0,,0,0,0,0,0,0,0,0,0,0,0,0,0,0,,0,0,0,0,0,,0,0,0,0,1,0,2,0,0,0,0,0,0,1,1,1,0,0,0,0,0,0,0,0,0,0,0,0,0,0,0,0,0,0,0,0,0,0,0,0,0,0,0,0,0,,,0,0,0,0,0,0,0,0,0,0,0,0,,,,0,0,0,0,0,0,0,,0,0,0,0,0,0,0,,0,0,0,0,0,0,0,0,0,0,0,0
00-0036196,G.Davis,Gabe Davis,WR,WR,"https://static.www.nfl.com/image/upload/f_auto,q_auto/league/rlmgjtfct5qjtbwcjqg6",2025,14,REG,2025_14_CIN_BUF,BUF,CIN,0,0,0,0,0,0,0,0,0,0,0,0,,,0,,0,0,0,0,0,0,0,0,0,0,,0,0,0,0,0,2,2,21,0,0,0,21,0,1,3.80119959992589,0,1,1,0,0,1,0.0740740740740741,0.162790697674419,0.225064599483204,0,0,0,0,0,0,0,0,0,0,0,0,0,0,0,0,0,0,0,0,0,0,0,0,0,0,0,0,0,0,0,0,0,0,0,0,0,0,0,0,0,0,,,0,0,0,0,0,0,0,0,0,0,0,0,,,,0,0,0,0,0,0,0,,0,0,0,0,0,0,0,,0,0,0,0,0,0,0,0,0,0,2.1,4.1
00-0036199,G.Stone,Geno Stone,SAF,DB,"https://static.www.nfl.com/image/upload/f_auto,q_auto/league/sgf49brnj161yst22imt",2025,14,REG,2025_14_CIN_BUF,CIN,BUF,0,0,0,0,0,0,0,0,0,0,0,0,,,0,,0,0,0,0,0,0,0,0,0,0,,0,0,0,0,0,0,0,0,0,0,0,0,0,0,,0,0,0,0,0,,0,0,0,0,7,0,2,2,9,0,1,8,1,0,0,0,0,0,0,0,0,0,0,0,0,0,0,0,0,0,0,0,0,0,0,0,0,0,0,0,0,0,0,0,0,,,0,0,0,0,0,0,0,0,0,0,0,0,,,,0,0,0,0,0,0,0,,0,0,0,0,0,0,0,,0,0,0,0,0,0,0,0,0,0,0,0
00-0036204,L.London,LaCale London,DE,DL,"https://static.www.nfl.com/image/upload/f_auto,q_auto/league/lnztywmpyzddwtm0tymo",2025,14,REG,2025_14_SEA_ATL,ATL,SEA,0,0,0,0,0,0,0,0,0,0,0,0,,,0,,0,0,0,0,0,0,0,0,0,0,,0,0,0,0,0,0,0,0,0,0,0,0,0,0,,0,0,0,0,0,,0,0,0,0,2,0,4,0,0,0,0,0,0,0,0,0,0,0,0,0,0,0,0,0,0,0,0,0,0,0,1,15,0,0,0,0,0,0,0,0,0,0,0,0,0,,,0,0,0,0,0,0,0,0,0,0,0,0,,,,0,0,0,0,0,0,0,,0,0,0,0,0,0,0,,0,0,0,0,0,0,0,0,0,0,0,0
00-0036212,T.Tagovailoa,Tua Tagovailoa,QB,QB,"https://static.www.nfl.com/image/upload/f_auto,q_auto/league/tmm4ohds7qci0vqoobhm",2025,14,REG,2025_14_MIA_NYJ,MIA,NYJ,13,21,127,1,0,1,-8,0,0,95,76,8,1.66339083007188,-9.18920863242376,0,1.33684210526316,6,2,2,0,1,0,0,1,0,0,-0.871719752205536,0,0,0,0,0,0,0,0,0,0,0,0,0,0,,0,0,0,0,0,,0,0,0,0,0,0,0,0,0,0,0,0,0,0,0,0,0,0,0,0,0,0,0,0,0,0,0,0,0,0,0,0,0,1,0,1,0,0,0,0,0,0,0,0,0,,,0,0,0,0,0,0,0,0,0,0,0,0,,,,0,0,0,0,0,0,0,,0,0,0,0,0,0,0,,0,0,0,0,0,0,0,0,0,0,9.08,9.08
00-0036221,B.Jones,Brandon Jones,SAF,DB,"https://static.www.nfl.com/image/upload/f_auto,q_auto/league/vsc57i9kmaaquegceqtt",2025,14,REG,2025_14_DEN_LV,DEN,LV,0,0,0,0,0,0,0,0,0,0,0,0,,,0,,0,0,0,0,0,0,0,0,0,0,,0,0,0,0,0,0,0,0,0,0,0,0,0,0,,0,0,0,0,0,,0,0,0,0,1,0,0,0,0,0,0,0,0,0,0,0,0,0,0,0,0,0,0,0,0,0,0,0,0,0,1,5,0,0,0,0,0,0,0,0,0,0,0,0,0,,,0,0,0,0,0,0,0,0,0,0,0,0,,,,0,0,0,0,0,0,0,,0,0,0,0,0,0,0,,0,0,0,0,0,0,0,0,0,0,0,0
00-0036222,I.Rodgers,Isaiah Rodgers,CB,DB,"https://static.www.nfl.com/image/upload/f_auto,q_auto/league/ukadn9uyrajapqo6gxuj",2025,14,REG,2025_14_WAS_MIN,MIN,WAS,0,0,0,0,0,0,0,0,0,0,0,0,,,0,,0,0,0,0,0,0,0,0,0,0,,0,0,0,0,0,0,0,0,0,0,0,0,0,0,,0,0,0,0,0,,0,0,0,0,0,0,3,0,0,0,0,0,0,0,0,0,0,0,0,0,0,0,0,0,0,0,0,0,0,0,0,0,0,0,0,0,0,0,0,0,0,0,0,0,0,,,0,0,0,0,0,0,0,0,0,0,0,0,,,,0,0,0,0,0,0,0,,0,0,0,0,0,0,0,,0,0,0,0,0,0,0,0,0,0,0,0
00-0036223,J.Taylor,Jonathan Taylor,RB,RB,"https://static.www.nfl.com/image/upload/f_auto,q_auto/league/yw46ky6akdm7h7siofu8",2025,14,REG,2025_14_IND_JAX,IND,JAX,0,0,0,0,0,0,0,0,0,0,0,0,,,0,,0,0,0,0,21,74,1,1,1,3,-8.62134767408134,0,1,1,0,0,0,0,0,0,0,0,0,0,0,,0,0,0,0,0,,0,0,0,0,0,0,0,0,0,0,0,0,0,0,0,0,0,0,0,0,0,0,0,0,0,0,0,0,0,0,1,15,1,0,0,1,1,0,0,0,0,0,0,0,0,,,0,0,0,0,0,0,0,0,0,0,0,0,,,,0,0,0,0,0,0,0,,0,0,0,0,0,0,0,,0,0,0,0,0,0,0,0,0,0,11.4,11.4
00-0036224,J.Greenard,Jonathan Greenard,LB,LB,"https://static.www.nfl.com/image/upload/f_auto,q_auto/league/z49ugsnmbfkldervsiws",2025,14,REG,2025_14_WAS_MIN,MIN,WAS,0,0,0,0,0,0,0,0,0,0,0,0,,,0,,0,0,0,0,0,0,0,0,0,0,,0,0,0,0,0,0,0,0,0,0,0,0,0,0,,0,0,0,0,0,,0,0,0,0,0,0,2,0,0,0,0,0,0,0,0,0,0,0,0,0,0,0,0,0,0,0,0,0,0,0,0,0,0,0,0,0,0,0,0,0,0,0,0,0,0,,,0,0,0,0,0,0,0,0,0,0,0,0,,,,0,0,0,0,0,0,0,,0,0,0,0,0,0,0,,0,0,0,0,0,0,0,0,0,0,0,0
00-0036244,C.Parkinson,Colby Parkinson,TE,TE,"https://static.www.nfl.com/image/upload/f_auto,q_auto/league/qsyrgtfjj06wryahnxc9",2025,14,REG,2025_14_LA_ARI,LA,ARI,0,0,0,0,0,0,0,0,0,0,0,0,,,0,,0,0,0,0,0,0,0,0,0,0,,0,0,0,0,0,3,5,32,1,0,0,11,23,2,2.63571767968168,0,2,0,0,0,2.90909090909091,0.161290322580645,0.0493273542600897,0.276464631853031,0,0,0,0,0,0,0,0,0,0,0,0,0,0,0,0,0,0,0,0,0,0,0,0,0,0,0,0,0,0,0,0,0,0,0,0,0,0,0,0,0,0,,,0,0,0,0,0,0,0,0,0,0,0,0,,,,0,0,0,0,0,0,0,,0,0,0,0,0,0,0,,0,0,0,0,0,0,0,0,0,0,9.2,12.2
00-0036248,A.Jackson,Austin Jackson,OT,OL,"https://static.www.nfl.com/image/upload/f_auto,q_auto/league/wvam7fcwgxhanox55sbh",2025,14,REG,2025_14_MIA_NYJ,MIA,NYJ,0,0,0,0,0,0,0,0,0,0,0,0,,,0,,0,0,0,0,0,0,0,0,0,0,,0,0,0,0,0,0,0,0,0,0,0,0,0,0,,0,0,0,0,0,,0,0,0,0,0,0,0,0,0,0,0,0,0,0,0,0,0,0,0,0,0,0,0,0,0,0,0,0,0,0,1,5,0,0,0,0,0,0,0,0,0,0,0,0,0,,,0,0,0,0,0,0,0,0,0,0,0,0,,,,0,0,0,0,0,0,0,,0,0,0,0,0,0,0,,0,0,0,0,0,0,0,0,0,0,0,0
00-0036252,M.Pittman,Michael Pittman,WR,WR,"https://static.www.nfl.com/image/upload/f_auto,q_auto/league/q1ythn05kwcmdr4mwzll",2025,14,REG,2025_14_IND_JAX,IND,JAX,0,0,0,0,0,0,0,0,0,0,0,0,,,0,,0,0,0,0,0,0,0,0,0,0,,0,0,0,0,0,9,12,79,0,0,0,75,32,5,-4.70260253274256,0,2,2,1,0,1.05333333333333,0.333333333333333,0.323275862068966,0.726293103448276,0,1,0,0,0,0,0,0,0,0,0,0,0,0,0,0,0,0,0,0,0,0,0,0,0,0,0,1,10,0,0,0,0,0,0,0,0,0,0,0,0,0,,,0,0,0,0,0,0,0,0,0,0,0,0,,,,0,0,0,0,0,0,0,,0,0,0,0,0,0,0,,0,0,0,0,0,0,0,0,0,0,7.9,16.9
00-0036260,J.Kinlaw,Javon Kinlaw,DT,DL,"https://static.www.nfl.com/image/upload/f_auto,q_auto/league/jxqkukux4rgfpp5eekyo",2025,14,REG,2025_14_WAS_MIN,WAS,MIN,0,0,0,0,0,0,0,0,0,0,0,0,,,0,,0,0,0,0,0,0,0,0,0,0,,0,0,0,0,0,0,0,0,0,0,0,0,0,0,,0,0,0,0,0,,0,0,0,0,0,0,1,0,0,0,0,0,0,0,0,0,0,0,0,0,0,0,0,0,0,0,0,0,0,0,0,0,0,0,0,0,0,0,0,0,0,0,0,0,0,,,0,0,0,0,0,0,0,0,0,0,0,0,,,,0,0,0,0,0,0,0,,0,0,0,0,0,0,0,,0,0,0,0,0,0,0,0,0,0,0,0
00-0036262,D.Hamilton,DaVon Hamilton,DT,DL,"https://static.www.nfl.com/image/upload/f_auto,q_auto/league/td7ok6b8m35zy2bnlvta",2025,14,REG,2025_14_IND_JAX,JAX,IND,0,0,0,0,0,0,0,0,0,0,0,0,,,0,,0,0,0,0,0,0,0,0,0,0,,0,0,0,0,0,0,0,0,0,0,0,0,0,0,,0,0,0,0,0,,0,0,0,0,2,1,0,1,1,0,0,0,0,0,0,0,0,0,0,0,0,0,0,0,0,0,0,0,0,0,0,0,0,0,0,0,0,0,0,0,0,0,0,0,0,,,0,0,0,0,0,0,0,0,0,0,0,0,,,,0,0,0,0,0,0,0,,0,0,0,0,0,0,0,,0,0,0,0,0,0,0,0,0,0,0,0
00-0036264,J.Love,Jordan Love,QB,QB,"https://static.www.nfl.com/image/upload/f_auto,q_auto/league/thz8stjkbjwddxqnozi5",2025,14,REG,2025_14_CHI_GB,GB,CHI,17,25,234,3,1,1,-14,0,0,311,95,9,8.0273233577027,12.0387479015019,0,0.752411575562701,8,6,4,2,1,-1,0,0,0,0,0,0,0,0,0,0,0,0,0,0,0,0,0,0,0,,0,0,0,0,0,,0,0,0,0,0,0,0,0,0,0,0,0,0,0,0,0,0,0,0,0,0,0,0,0,0,0,0,0,0,0,0,0,0,0,0,0,0,0,0,0,0,0,0,0,0,,,0,0,0,0,0,0,0,0,0,0,0,0,,,,0,0,0,0,0,0,0,,0,0,0,0,0,0,0,,0,0,0,0,0,0,0,0,0,0,19.26,19.26
00-0036275,D.Swift,D'Andre Swift,RB,RB,"https://static.www.nfl.com/image/upload/f_auto,q_auto/league/owpmwzoilitcodc6cmxo",2025,14,REG,2025_14_CHI_GB,CHI,GB,0,0,0,0,0,0,0,0,0,0,0,0,,,0,,0,0,0,0,13,63,0,0,0,4,4.52248529816279,0,0,0,0,0,3,4,19,0,0,0,-8,25,1,-0.565363604827093,0,1,0,0,0,-2.375,0.142857142857143,-0.0268456375838926,0.195493767976989,0,0,0,0,0,0,0,0,0,0,0,0,0,0,0,0,0,0,0,0,0,0,0,0,0,0,0,0,0,0,0,0,0,0,0,0,0,0,0,0,0,0,,,0,0,0,0,0,0,0,0,0,0,0,0,,,,0,0,0,0,0,0,0,,0,0,0,0,0,0,0,,0,0,0,0,0,0,0,0,0,0,8.2,11.2
00-0036280,M.Harrison,Malik Harrison,LB,LB,"https://static.www.nfl.com/image/upload/f_auto,q_auto/league/kzsfzm1m9ekyqtulq9ot",2025,14,REG,2025_14_PIT_BAL,PIT,BAL,0,0,0,0,0,0,0,0,0,0,0,0,,,0,,0,0,0,0,0,0,0,0,0,0,,0,0,0,0,0,0,0,0,0,0,0,0,0,0,,0,0,0,0,0,,0,0,0,0,3,0,0,0,0,0,0,0,0,0,0,0,0,0,0,0,0,0,0,0,0,0,0,0,0,0,0,0,0,0,0,0,0,0,0,0,0,0,0,0,0,,,0,0,0,0,0,0,0,0,0,0,0,0,,,,0,0,0,0,0,0,0,,0,0,0,0,0,0,0,,0,0,0,0,0,0,0,0,0,0,0,0
00-0036282,G.Delpit,Grant Delpit,SAF,DB,"https://static.www.nfl.com/image/upload/f_auto,q_auto/league/p1pfbn04h6myuuvvgvgr",2025,14,REG,2025_14_TEN_CLE,CLE,TEN,0,0,0,0,0,0,0,0,0,0,0,0,,,0,,0,0,0,0,0,0,0,0,0,0,,0,0,0,0,0,0,0,0,0,0,0,0,0,0,,0,0,0,0,0,,0,0,0,0,3,0,2,0,0,0,0,0,1,0,0,0,0,0,0,0,0,0,0,0,0,0,0,0,0,0,0,0,0,0,0,0,0,0,0,0,0,0,0,0,0,,,0,0,0,0,0,0,0,0,0,0,0,0,,,,0,0,0,0,0,0,0,,0,0,0,0,0,0,0,,0,0,0,0,0,0,0,0,0,0,0,0
00-0036285,A.Terrell,A.J. Terrell,CB,DB,"https://static.www.nfl.com/image/upload/f_auto,q_auto/league/plww5syeocezywkpgpmg",2025,14,REG,2025_14_SEA_ATL,ATL,SEA,0,0,0,0,0,0,0,0,0,0,0,0,,,0,,0,0,0,0,0,0,0,0,0,0,,0,0,0,0,0,0,0,0,0,0,0,0,0,0,,0,0,0,0,0,,0,0,0,0,7,0,1,1,1,1,0,0,0,0,0,1,0,0,0,0,0,0,0,0,0,0,0,0,0,0,0,0,0,0,0,0,0,0,0,0,0,0,0,0,0,,,0,0,0,0,0,0,0,0,0,0,0,0,,,,0,0,0,0,0,0,0,,0,0,0,0,0,0,0,,0,0,0,0,0,0,0,0,0,0,0,0
00-0036287,N.Igbinoghene,Noah Igbinoghene,CB,DB,"https://static.www.nfl.com/image/upload/f_auto,q_auto/league/gnhpvwecmtmrv3clqwi1",2025,14,REG,2025_14_WAS_MIN,WAS,MIN,0,0,0,0,0,0,0,0,0,0,0,0,,,0,,0,0,0,0,0,0,0,0,0,0,,0,0,0,0,0,0,0,0,0,0,0,0,0,0,,0,0,0,0,0,,0,0,0,0,2,0,1,0,0,0,0,0,0,0,0,1,0,0,0,0,0,0,0,0,0,0,0,0,0,0,0,0,0,0,0,0,0,0,0,0,0,0,0,0,0,,,0,0,0,0,0,0,0,0,0,0,0,0,,,,0,0,0,0,0,0,0,,0,0,0,0,0,0,0,,0,0,0,0,0,0,0,0,0,0,0,0
00-0036290,C.Kmet,Cole Kmet,TE,TE,"https://static.www.nfl.com/image/upload/f_auto,q_auto/league/ysnui8mzlu2fo70ub0yt",2025,14,REG,2025_14_CHI_GB,CHI,GB,0,0,0,0,0,0,0,0,0,0,0,0,,,0,,0,0,0,0,0,0,0,0,0,0,,0,0,0,0,0,2,3,42,0,0,0,53,3,2,-0.0836301766103134,0,2,2,1,0,0.792452830188679,0.107142857142857,0.177852348993289,0.285210930009588,0,0,0,0,0,0,0,0,0,0,0,0,0,0,0,0,0,0,0,0,0,0,0,0,0,0,0,0,0,0,0,0,0,0,0,0,0,0,0,0,0,0,,,0,0,0,0,0,0,0,0,0,0,0,0,,,,0,0,0,0,0,0,0,,0,0,0,0,0,0,0,,0,0,0,0,0,0,0,0,0,0,4.2,6.2
00-0036292,J.Johnson,Jaylon Johnson,CB,DB,"https://static.www.nfl.com/image/upload/f_auto,q_auto/league/ooazlgwwseozyduthxn6",2025,14,REG,2025_14_CHI_GB,CHI,GB,0,0,0,0,0,0,0,0,0,0,0,0,,,0,,0,0,0,0,0,0,0,0,0,0,,0,0,0,0,0,0,0,0,0,0,0,0,0,0,,0,0,0,0,0,,0,0,0,0,1,0,1,0,0,0,0,0,0,0,0,0,0,0,0,0,0,0,0,0,0,0,0,0,0,0,0,0,0,0,0,0,0,0,0,0,0,0,0,0,0,,,0,0,0,0,0,0,0,0,0,0,0,0,,,,0,0,0,0,0,0,0,,0,0,0,0,0,0,0,,0,0,0,0,0,0,0,0,0,0,0,0
00-0036293,J.Chinn,Jeremy Chinn,SAF,DB,"https://static.www.nfl.com/image/upload/f_auto,q_auto/league/qdvollzto5i4xs6q9gov",2025,14,REG,2025_14_DEN_LV,LV,DEN,0,0,0,0,0,0,0,0,0,0,0,0,,,0,,0,0,0,0,0,0,0,0,0,0,,0,0,0,0,0,0,0,0,0,0,0,0,0,0,,0,0,0,0,0,,0,0,0,0,7,0,4,0,0,0,1,0,2,0,0,0,0,0,0,0,0,0,0,0,0,0,0,0,0,0,0,0,0,0,0,0,0,0,0,0,0,0,0,0,0,,,0,0,0,0,0,0,0,0,0,0,0,0,,,,0,0,0,0,0,0,0,,0,0,0,0,0,0,0,,0,0,0,0,0,0,0,0,0,0,0,0
00-0036294,L.Wilson,Logan Wilson,LB,LB,"https://static.www.nfl.com/image/upload/f_auto,q_auto/league/yricskcpoyoucmgfauek",2025,14,REG,2025_14_DAL_DET,DAL,DET,0,0,0,0,0,0,0,0,0,0,0,0,,,0,,0,0,0,0,0,0,0,0,0,0,,0,0,0,0,0,0,0,0,0,0,0,0,0,0,,0,0,0,0,0,,0,0,0,0,1,0,1,0,0,0,0,0,0,0,0,0,0,0,0,0,0,0,0,0,0,0,0,0,0,0,0,0,0,0,0,0,0,0,0,0,0,0,0,0,0,,,0,0,0,0,0,0,0,0,0,0,0,0,,,,0,0,0,0,0,0,0,,0,0,0,0,0,0,0,,0,0,0,0,0,0,0,0,0,0,0,0
00-0036300,M.Walker,Mykal Walker,LB,LB,"https://static.www.nfl.com/image/upload/f_auto,q_auto/league/s6dyb5vuiaeb0oppcf8q",2025,14,REG,2025_14_MIA_NYJ,NYJ,MIA,0,0,0,0,0,0,0,0,0,0,0,0,,,0,,0,0,0,0,0,0,0,0,0,0,,0,0,0,0,0,0,0,0,0,0,0,0,0,0,,0,0,0,0,0,,0,0,0,0,1,0,3,1,1,0,0,0,0,0,0,1,0,0,0,0,0,0,0,0,0,0,0,0,0,0,0,0,0,0,0,0,0,0,0,0,0,0,0,0,0,,,0,0,0,0,0,0,0,0,0,0,0,0,,,,0,0,0,0,0,0,0,,0,0,0,0,0,0,0,,0,0,0,0,0,0,0,0,0,0,0,0
00-0036306,D.Thomas,Daniel Thomas,SAF,DB,"https://static.www.nfl.com/image/upload/f_auto,q_auto/league/qbw8gam5wiinqegq213p",2025,14,REG,2025_14_DAL_DET,DET,DAL,0,0,0,0,0,0,0,0,0,0,0,0,,,0,,0,0,0,0,0,0,0,0,0,0,,0,0,0,0,0,0,0,0,0,0,0,0,0,0,,0,0,0,0,0,,0,0,0,0,2,0,0,0,0,0,0,0,0,0,0,1,0,0,0,0,0,0,0,0,0,0,0,0,0,0,0,0,0,0,0,0,0,0,0,0,0,0,0,0,0,,,0,0,0,0,0,0,0,0,0,0,0,0,,,,0,0,0,0,0,0,0,,0,0,0,0,0,0,0,,0,0,0,0,0,0,0,0,0,0,0,0
00-0036309,D.Mooney,Darnell Mooney,WR,WR,"https://static.www.nfl.com/image/upload/f_auto,q_auto/league/eaejonwaflt9drrs9ika",2025,14,REG,2025_14_SEA_ATL,ATL,SEA,0,0,0,0,0,0,0,0,0,0,0,0,,,0,,0,0,0,0,0,0,0,0,0,0,,0,0,0,0,0,1,4,6,0,0,0,40,0,0,-4.0220084332913,0,0,0,0,0,0.15,0.142857142857143,0.196078431372549,0.351540616246499,0,0,0,0,0,0,0,0,0,0,0,0,0,0,0,0,0,0,0,0,0,0,0,0,0,0,0,0,0,0,0,0,0,0,0,0,0,0,0,0,0,0,,,0,0,0,0,0,0,0,0,0,0,0,0,,,,0,0,0,0,0,0,0,,0,0,0,0,0,0,0,,0,0,0,0,0,0,0,0,0,0,0.6,1.6
00-0036313,B.Mann,Braden Mann,P,SPEC,"https://static.www.nfl.com/image/upload/f_auto,q_auto/league/eizeojehmxkvvfahj1tk",2025,14,REG,2025_14_PHI_LAC,PHI,LAC,0,0,0,0,0,0,0,0,0,0,0,0,,,0,,0,0,0,0,0,0,0,0,0,0,,0,0,0,0,0,0,0,0,0,0,0,0,0,0,,0,0,0,0,0,,0,0,0,0,0,0,0,0,0,0,0,0,0,0,0,0,0,0,0,0,0,0,0,0,0,0,0,0,0,0,0,0,0,0,0,0,0,0,0,0,0,0,0,0,0,,,0,0,0,0,0,0,0,0,0,0,0,0,,,,0,0,0,0,0,0,0,,0,0,0,0,0,3,0,60,155,0,1,0,1,0,1,-10,0,145,0,0
00-0036321,C.Young,Chase Young,DE,DL,"https://static.www.nfl.com/image/upload/f_auto,q_auto/league/ueic3ypcpfldmbymzhrc",2025,14,REG,2025_14_NO_TB,NO,TB,0,0,0,0,0,0,0,0,0,0,0,0,,,0,,0,0,0,0,0,0,0,0,0,0,,0,0,0,0,0,0,0,0,0,0,0,0,0,0,,0,0,0,0,0,,0,0,0,0,1,0,0,0,0,0,0,0,0,0,0,0,0,0,0,0,0,0,0,0,0,0,0,0,0,0,1,5,0,0,0,0,0,0,0,0,0,0,0,0,0,,,0,0,0,0,0,0,0,0,0,0,0,0,,,,0,0,0,0,0,0,0,,0,0,0,0,0,0,0,,0,0,0,0,0,0,0,0,0,0,0,0
00-0036322,J.Jefferson,Justin Jefferson,WR,WR,"https://static.www.nfl.com/image/upload/f_auto,q_auto/league/htjevkugzk6ietrjysny",2025,14,REG,2025_14_WAS_MIN,MIN,WAS,0,0,0,0,0,0,0,0,0,0,0,0,,,0,,0,0,0,0,0,0,0,0,0,0,,0,0,0,0,0,2,4,11,0,0,0,40,12,1,0.185723506612703,0,1,0,0,0,0.275,0.173913043478261,0.261437908496732,0.443876101165104,0,0,0,0,0,0,0,0,0,0,0,0,0,0,0,0,0,0,0,0,0,0,0,0,0,0,0,0,0,0,0,0,0,0,0,0,0,0,0,0,0,0,,,0,0,0,0,0,0,0,0,0,0,0,0,,,,0,0,0,0,0,0,0,,0,0,0,0,0,0,0,,0,0,0,0,0,0,0,0,0,0,1.1,3.1
00-0036323,P.Queen,Patrick Queen,LB,LB,"https://static.www.nfl.com/image/upload/f_auto,q_auto/league/hvbmd1y24q3eoky2jl8i",2025,14,REG,2025_14_PIT_BAL,PIT,BAL,0,0,0,0,0,0,0,0,0,0,0,0,,,0,,0,0,0,0,0,0,0,0,0,0,,0,0,0,0,0,0,0,0,0,0,0,0,0,0,,0,0,0,0,0,,0,0,0,0,5,0,2,0,0,0,0,0,0,0,0,0,0,0,0,0,0,0,0,0,0,0,0,0,0,0,0,0,0,0,0,0,0,0,0,0,0,0,0,0,0,,,0,0,0,0,0,0,0,0,0,0,0,0,,,,0,0,0,0,0,0,0,,0,0,0,0,0,0,0,,0,0,0,0,0,0,0,0,0,0,0,0
00-0036327,E.Cleveland,Ezra Cleveland,G,OL,"https://static.www.nfl.com/image/upload/f_auto,q_auto/league/klbtf9vddho85uv3azli",2025,14,REG,2025_14_IND_JAX,JAX,IND,0,0,0,0,0,0,0,0,0,0,0,0,,,0,,0,0,0,0,0,0,0,0,0,0,,0,0,0,0,0,0,0,0,0,0,0,0,0,0,,0,0,0,0,0,,0,0,0,0,0,0,1,0,0,0,0,0,0,0,0,0,0,0,0,0,0,0,0,0,0,0,0,0,0,0,0,0,0,0,0,0,0,0,0,0,0,0,0,0,0,,,0,0,0,0,0,0,0,0,0,0,0,0,,,,0,0,0,0,0,0,0,,0,0,0,0,0,0,0,,0,0,0,0,0,0,0,0,0,0,0,0
00-0036329,A.Davis,Ashtyn Davis,SAF,DB,"https://static.www.nfl.com/image/upload/f_auto,q_auto/league/e0ppdz8rxegnsmgkj31q",2025,14,REG,2025_14_MIA_NYJ,MIA,NYJ,0,0,0,0,0,0,0,0,0,0,0,0,,,0,,0,0,0,0,0,0,0,0,0,0,,0,0,0,0,0,0,0,0,0,0,0,0,0,0,,0,0,0,0,0,,0,0,0,0,4,0,2,0,0,0,0,0,0,0,0,1,0,0,0,0,0,0,0,0,0,0,0,0,0,0,0,0,0,0,0,0,0,0,0,0,0,0,0,0,0,,,0,0,0,0,0,0,0,0,0,0,0,0,,,,0,0,0,0,0,0,0,,0,0,0,0,0,0,0,,0,0,0,0,0,0,0,0,0,0,0,0
00-0036331,D.Duvernay,Devin Duvernay,WR,WR,"https://static.www.nfl.com/image/upload/f_auto,q_auto/league/tj3t166iwsxbnyzxcyyl",2025,14,REG,2025_14_CHI_GB,CHI,GB,0,0,0,0,0,0,0,0,0,0,0,0,,,0,,0,0,0,0,0,0,0,0,0,0,,0,0,0,0,0,1,1,24,0,0,0,24,0,1,1.99203985260101,0,1,1,1,0,1,0.0357142857142857,0.0805369127516778,0.109947267497603,0,0,0,0,0,0,0,0,0,0,0,0,0,0,0,0,0,0,0,0,0,0,0,0,0,0,0,0,0,0,0,0,0,0,1,6,3,69,0,0,0,0,,,0,0,0,0,0,0,0,0,0,0,0,0,,,,0,0,0,0,0,0,0,,0,0,0,0,0,0,0,,0,0,0,0,0,0,0,0,0,0,2.4,3.4
00-0036332,J.Deguara,Josiah Deguara,TE,TE,"https://static.www.nfl.com/image/upload/f_auto,q_auto/league/wivlyvbmlm0aogcvl2yz",2025,14,REG,2025_14_LA_ARI,ARI,LA,0,0,0,0,0,0,0,0,0,0,0,0,,,0,,0,0,0,0,0,0,0,0,0,0,,0,0,0,0,0,0,1,0,0,0,0,5,0,0,-0.553722709417343,0,0,0,0,0,0,0.0227272727272727,0.0142045454545455,0.0440340909090909,0,0,0,0,0,0,0,0,0,0,0,0,0,0,0,0,0,0,0,0,0,0,0,0,0,0,0,0,0,0,0,0,0,0,0,0,0,0,0,0,0,0,,,0,0,0,0,0,0,0,0,0,0,0,0,,,,0,0,0,0,0,0,0,,0,0,0,0,0,0,0,,0,0,0,0,0,0,0,0,0,0,0,0
00-0036333,A.Highsmith,Alex Highsmith,LB,LB,"https://static.www.nfl.com/image/upload/f_auto,q_auto/league/vfi0umrpljsc0cn3vqle",2025,14,REG,2025_14_PIT_BAL,PIT,BAL,0,0,0,0,0,0,0,0,0,0,0,0,,,0,,0,0,0,0,0,0,0,0,0,0,,0,0,0,0,0,0,0,0,0,0,0,0,0,0,,0,0,0,0,0,,0,0,0,0,7,0,0,3,12,0,1,8,2,0,0,0,0,0,0,0,0,0,0,0,0,0,0,0,0,0,1,5,0,0,0,0,0,0,0,0,0,0,0,0,0,,,0,0,0,0,0,0,0,0,0,0,0,0,,,,0,0,0,0,0,0,0,,0,0,0,0,0,0,0,,0,0,0,0,0,0,0,0,0,0,0,0
00-0036337,J.Lynch,James Lynch,DT,DL,"https://static.www.nfl.com/image/upload/f_auto,q_auto/league/mmgzvvsxc3nffzkzyidq",2025,14,REG,2025_14_TEN_CLE,TEN,CLE,0,0,0,0,0,0,0,0,0,0,0,0,,,0,,0,0,0,0,0,0,0,0,0,0,,0,0,0,0,0,0,0,0,0,0,0,0,0,0,,0,0,0,0,0,,0,0,0,0,2,0,0,0,0,0,0,0,0,0,0,0,0,0,0,0,0,0,0,0,0,0,0,0,0,0,0,0,0,0,0,0,0,0,0,0,0,0,0,0,0,,,0,0,0,0,0,0,0,0,0,0,0,0,,,,0,0,0,0,0,0,0,,0,0,0,0,0,0,0,,0,0,0,0,0,0,0,0,0,0,0,0
00-0036338,T.Dye,Troy Dye,LB,LB,"https://static.www.nfl.com/image/upload/f_auto,q_auto/league/gfdhupqzscbwdyhvowq4",2025,14,REG,2025_14_PHI_LAC,LAC,PHI,0,0,0,0,0,0,0,0,0,0,0,0,,,0,,0,0,0,0,0,0,0,0,0,0,,0,0,0,0,0,0,0,0,0,0,0,0,0,0,,0,0,0,0,0,,0,0,0,0,2,0,0,0,0,1,0,0,0,0,0,0,0,0,0,0,0,0,0,0,0,0,0,1,0,0,0,0,0,0,0,0,0,0,0,0,0,0,0,0,0,,,0,0,0,0,0,0,0,0,0,0,0,0,,,,0,0,0,0,0,0,0,,0,0,0,0,0,0,0,,0,0,0,0,0,0,0,0,0,0,0,0
00-0036348,J.Metellus,Josh Metellus,SAF,DB,"https://static.www.nfl.com/image/upload/f_auto,q_auto/league/gmb2ahv4eq0jphammw2h",2025,14,REG,2025_14_WAS_MIN,MIN,WAS,0,0,0,0,0,0,0,0,0,0,0,0,,,0,,0,0,0,0,0,0,0,0,0,0,,0,0,0,0,0,0,0,0,0,0,0,0,0,0,,0,0,0,0,0,,0,0,0,0,1,0,3,0,0,0,0,0,0,0,0,0,0,0,0,0,0,0,0,0,0,0,0,0,0,0,0,0,0,0,0,0,0,0,0,0,0,0,0,0,0,,,0,0,0,0,0,0,0,0,0,0,0,0,,,,0,0,0,0,0,0,0,,0,0,0,0,0,0,0,,0,0,0,0,0,0,0,0,0,0,0,0
00-0036349,K.Curl,Kam Curl,SAF,DB,"https://static.www.nfl.com/image/upload/f_auto,q_auto/league/b57yoekpyop58abtiilz",2025,14,REG,2025_14_LA_ARI,LA,ARI,0,0,0,0,0,0,0,0,0,0,0,0,,,0,,0,0,0,0,0,0,0,0,0,0,,0,0,0,0,0,0,0,0,0,0,0,0,0,0,,0,0,0,0,0,,0,0,0,0,3,0,3,0,0,0,1,0,1,0,0,0,0,0,0,0,0,0,0,0,0,0,0,0,0,0,0,0,0,0,0,0,0,0,0,0,0,0,0,0,0,,,0,0,0,0,0,0,0,0,0,0,0,0,,,,0,0,0,0,0,0,0,,0,0,0,0,0,0,0,,0,0,0,0,0,0,0,0,0,0,0,0
00-0036355,J.Herbert,Justin Herbert,QB,QB,"https://static.www.nfl.com/image/upload/f_auto,q_auto/league/jnkspnntgebegzp4ghve",2025,14,REG,2025_14_PHI_LAC,LAC,PHI,12,26,139,1,1,7,-33,2,1,270,84,5,-15.5772546861013,-15.6227957943211,0,0.514814814814815,4,2,1,1,10,66,0,0,0,4,3.21543740091613,0,2,2,0,0,0,0,0,0,0,0,0,0,0,,0,0,0,0,0,,0,0,0,0,0,0,0,0,0,0,0,0,0,0,0,0,0,0,0,0,0,0,0,0,0,0,0,0,0,0,0,0,2,0,0,2,1,0,0,0,0,0,0,0,0,,,0,0,0,0,0,0,0,0,0,0,0,0,,,,0,0,0,0,0,0,0,,0,0,0,0,0,0,0,,0,0,0,0,0,0,0,0,0,0,12.16,12.16
00-0036358,C.Lamb,CeeDee Lamb,WR,WR,"https://static.www.nfl.com/image/upload/f_auto,q_auto/league/mbblzwtynxr15ovzkevi",2025,14,REG,2025_14_DAL_DET,DAL,DET,0,0,0,0,0,0,0,0,0,0,0,0,,,0,,0,0,0,0,0,0,0,0,0,0,,0,0,0,0,0,6,8,121,0,0,0,114,48,4,8.00002325716196,0,5,4,3,0,1.06140350877193,0.170212765957447,0.229376257545272,0.41588252921786,0,0,0,0,0,0,0,0,0,0,0,0,0,0,0,0,0,0,0,0,0,0,0,0,0,0,0,0,0,0,0,0,0,0,0,0,0,0,0,0,0,0,,,0,0,0,0,0,0,0,0,0,0,0,0,,,,0,0,0,0,0,0,0,,0,0,0,0,0,0,0,,0,0,0,0,0,0,0,0,0,0,12.1,18.1
00-0036362,W.Gay,Willie Gay Jr.,LB,LB,"https://static.www.nfl.com/image/upload/f_auto,q_auto/league/vf0j6vpgfr1vg5wsd7uh",2025,14,REG,2025_14_MIA_NYJ,MIA,NYJ,0,0,0,0,0,0,0,0,0,0,0,0,,,0,,0,0,0,0,0,0,0,0,0,0,,0,0,0,0,0,0,0,0,0,0,0,0,0,0,,0,0,0,0,0,,0,0,0,0,2,0,1,1,3,0,1,0,1,0,0,1,0,0,0,0,0,0,0,0,0,0,0,0,0,0,0,0,0,0,0,0,0,0,0,0,0,0,0,0,0,,,0,0,0,0,0,0,0,0,0,0,0,0,,,,0,0,0,0,0,0,0,,0,0,0,0,0,0,0,,0,0,0,0,0,0,0,0,0,0,0,0
00-0036369,J.Simpson,John Simpson,G,OL,"https://static.www.nfl.com/image/upload/f_auto,q_auto/league/avxt0i2490vqynqfd2qp",2025,14,REG,2025_14_MIA_NYJ,NYJ,MIA,0,0,0,0,0,0,0,0,0,0,0,0,,,0,,0,0,0,0,0,0,0,0,0,0,,0,0,0,0,0,0,0,0,0,0,0,0,0,0,,0,0,0,0,0,,0,0,0,0,0,0,0,0,0,0,0,0,0,0,0,0,0,0,0,0,0,0,0,0,0,0,0,0,0,0,1,10,0,0,0,0,0,0,0,0,0,0,0,0,0,,,0,0,0,0,0,0,0,0,0,0,0,0,,,,0,0,0,0,0,0,0,,0,0,0,0,0,0,0,,0,0,0,0,0,0,0,0,0,0,0,0
00-0036375,A.Robertson,Amik Robertson,CB,DB,"https://static.www.nfl.com/image/upload/f_auto,q_auto/league/giptmuhxwq2ugaaettbg",2025,14,REG,2025_14_DAL_DET,DET,DAL,0,0,0,0,0,0,0,0,0,0,0,0,,,0,,0,0,0,0,0,0,0,0,0,0,,0,0,0,0,0,0,0,0,0,0,0,0,0,0,,0,0,0,0,0,,0,0,0,0,4,0,1,0,0,0,0,0,0,0,0,1,0,0,0,0,0,0,0,0,0,0,0,0,0,0,0,0,0,0,0,0,0,0,0,0,0,0,0,0,0,,,0,0,0,0,0,0,0,0,0,0,0,0,,,,0,0,0,0,0,0,0,,0,0,0,0,0,0,0,,0,0,0,0,0,0,0,0,0,0,0,0
00-0036378,M.Danna,Michael Danna,LB,LB,"https://static.www.nfl.com/image/upload/f_auto,q_auto/league/brbpgu0xj2w0egcy5pid",2025,14,REG,2025_14_HOU_KC,KC,HOU,0,0,0,0,0,0,0,0,0,0,0,0,,,0,,0,0,0,0,0,0,0,0,0,0,,0,0,0,0,0,0,0,0,0,0,0,0,0,0,,0,0,0,0,0,,0,0,0,0,2,0,0,0,0,0,0,0,1,0,0,0,0,0,0,0,0,0,0,0,0,0,0,0,0,0,0,0,0,0,0,0,0,0,0,0,0,0,0,0,0,,,0,0,0,0,0,0,0,0,0,0,0,0,,,,0,0,0,0,0,0,0,,0,0,0,0,0,0,0,,0,0,0,0,0,0,0,0,0,0,0,0
00-0036380,A.Gilman,Alohi Gilman,SAF,DB,"https://static.www.nfl.com/image/upload/f_auto,q_auto/league/hjfezaosf4mpowfzltjt",2025,14,REG,2025_14_PIT_BAL,BAL,PIT,0,0,0,0,0,0,0,0,0,0,0,0,,,0,,0,0,0,0,0,0,0,0,0,0,,0,0,0,0,0,0,0,0,0,0,0,0,0,0,,0,0,0,0,0,,0,0,0,0,2,0,5,0,0,0,0,0,0,0,0,0,0,0,0,0,0,0,0,0,0,0,0,0,0,0,1,12,0,0,0,0,0,0,0,0,0,0,0,0,0,,,0,0,0,0,0,0,0,0,0,0,0,0,,,,0,0,0,0,0,0,0,,0,0,0,0,0,0,0,,0,0,0,0,0,0,0,0,0,0,0,0
00-0036388,X.McKinney,Xavier McKinney,SAF,DB,"https://static.www.nfl.com/image/upload/f_auto,q_auto/league/qhxnlik9ekqnbuxqbvpz",2025,14,REG,2025_14_CHI_GB,GB,CHI,0,0,0,0,0,0,0,0,0,0,0,0,,,0,,0,0,0,0,0,0,0,0,0,0,,0,0,0,0,0,0,0,0,0,0,0,0,0,0,,0,0,0,0,0,,0,0,0,0,3,0,4,0,0,0,0,0,0,0,0,0,0,0,0,0,0,0,0,0,0,0,0,0,0,0,0,0,0,0,0,0,0,0,0,0,0,0,0,0,0,,,0,0,0,0,0,0,0,0,0,0,0,0,,,,0,0,0,0,0,0,0,,0,0,0,0,0,0,0,,0,0,0,0,0,0,0,0,0,0,0,0
00-0036389,J.Hurts,Jalen Hurts,QB,QB,"https://static.www.nfl.com/image/upload/f_auto,q_auto/league/xow5yvxjeqa6witmofmp",2025,14,REG,2025_14_PHI_LAC,PHI,LAC,21,40,240,0,4,1,-9,0,0,408,111,12,-16.2360342307993,-10.7479739346002,0,0.588235294117647,11,8,3,0,4,8,0,0,0,0,-0.570465629221872,0,0,0,0,0,0,0,0,0,0,0,0,0,0,,0,0,0,0,0,,0,0,0,0,0,0,0,0,0,0,0,0,0,0,0,0,0,0,0,0,0,0,0,0,0,0,0,1,-1,0,0,0,1,0,0,1,1,0,0,0,0,0,0,0,0,,,0,0,0,0,0,0,0,0,0,0,0,0,,,,0,0,0,0,0,0,0,,0,0,0,0,0,0,0,,0,0,0,0,0,0,0,0,0,0,2.4,2.4
00-0036407,J.Jeudy,Jerry Jeudy,WR,WR,"https://static.www.nfl.com/image/upload/f_auto,q_auto/league/szca1v9butuqkjs7ekpm",2025,14,REG,2025_14_TEN_CLE,CLE,TEN,0,0,0,0,0,0,0,0,0,0,0,0,,,0,,0,0,0,0,0,0,0,0,0,0,,0,0,0,0,0,3,5,76,1,0,0,59,44,2,4.84368305531098,0,2,1,1,1,1.28813559322034,0.131578947368421,0.19344262295082,0.332778257118205,0,0,0,0,0,0,0,0,0,0,0,0,0,0,0,0,0,0,0,0,0,0,0,0,0,0,0,0,0,0,0,0,0,0,0,0,0,0,0,0,0,0,,,0,0,0,0,0,0,0,0,0,0,0,0,,,,0,0,0,0,0,0,0,,0,0,0,0,0,0,0,,0,0,0,0,0,0,0,0,0,0,13.6,16.6
00-0036408,C.Ruiz,Cesar Ruiz,C,OL,"https://static.www.nfl.com/image/upload/f_auto,q_auto/league/upoux0ll192dnsq63my9",2025,14,REG,2025_14_NO_TB,NO,TB,0,0,0,0,0,0,0,0,0,0,0,0,,,0,,0,0,0,0,0,0,0,0,0,0,,0,0,0,0,0,0,0,0,0,0,0,0,0,0,,0,0,0,0,0,,0,0,0,0,0,0,0,0,0,0,0,0,0,0,0,0,0,0,0,0,0,0,0,0,0,0,0,0,0,0,1,4,0,0,0,0,0,0,0,0,0,0,0,0,0,,,0,0,0,0,0,0,0,0,0,0,0,0,,,,0,0,0,0,0,0,0,,0,0,0,0,0,0,0,,0,0,0,0,0,0,0,0,0,0,0,0
00-0036409,J.Brooks,Jordyn Brooks,LB,LB,"https://static.www.nfl.com/image/upload/f_auto,q_auto/league/mgg8dnwaoqrzpgmzyah7",2025,14,REG,2025_14_MIA_NYJ,MIA,NYJ,0,0,0,0,0,0,0,0,0,0,0,0,,,0,,0,0,0,0,0,0,0,0,0,0,,0,0,0,0,0,0,0,0,0,0,0,0,0,0,,0,0,0,0,0,,0,0,0,0,4,0,1,1,3,0,0,0,0,0,0,0,0,0,0,0,0,0,0,0,0,0,0,0,0,0,0,0,0,0,0,0,0,0,0,0,0,0,0,0,0,,,0,0,0,0,0,0,0,0,0,0,0,0,,,,0,0,0,0,0,0,0,,0,0,0,0,0,0,0,,0,0,0,0,0,0,0,0,0,0,0,0
00-0036410,T.Higgins,Tee Higgins,WR,WR,"https://static.www.nfl.com/image/upload/f_auto,q_auto/league/gpwtyv3viwy9q4ewderl",2025,14,REG,2025_14_CIN_BUF,CIN,BUF,0,0,0,0,0,0,0,0,0,0,0,0,,,0,,0,0,0,0,0,0,0,0,0,0,,0,0,0,0,0,6,11,92,2,0,0,168,12,5,9.33441096998286,0,5,3,2,0,0.547619047619048,0.305555555555556,0.51063829787234,0.815780141843972,0,0,0,0,0,0,0,0,0,0,0,0,0,0,0,0,0,0,0,0,0,0,0,0,0,0,0,0,0,0,0,0,0,0,0,0,0,0,0,0,0,0,,,0,0,0,0,0,0,0,0,0,0,0,0,,,,0,0,0,0,0,0,0,,0,0,0,0,0,0,0,,0,0,0,0,0,0,0,0,0,0,21.2,27.2
00-0036411,A.Winfield,Antoine Winfield Jr.,SAF,DB,"https://static.www.nfl.com/image/upload/f_auto,q_auto/league/wn2vlv6eyc9str0ak0fx",2025,14,REG,2025_14_NO_TB,TB,NO,0,0,0,0,0,0,0,0,0,0,0,0,,,0,,0,0,0,0,0,0,0,0,0,0,,0,0,0,0,0,0,0,0,0,0,0,0,0,0,,0,0,0,0,0,,0,0,0,0,4,0,1,0,0,0,0,0,0,0,0,1,0,0,0,0,0,0,0,0,0,0,0,0,0,0,0,0,0,0,0,0,0,0,0,0,0,0,0,0,0,,,0,0,0,0,0,0,0,0,0,0,0,0,,,,0,0,0,0,0,0,0,,0,0,0,0,0,0,0,,0,0,0,0,0,0,0,0,0,0,0,0
00-0036415,V.Jefferson,Van Jefferson,WR,WR,"https://static.www.nfl.com/image/upload/f_auto,q_auto/league/inwxk1xlvzculj8m3pah",2025,14,REG,2025_14_TEN_CLE,TEN,CLE,0,0,0,0,0,0,0,0,0,0,0,0,,,0,,0,0,0,0,0,0,0,0,0,0,,0,0,0,0,0,2,4,17,0,0,0,31,13,0,-0.902757978881709,0,1,0,0,0,0.548387096774194,0.16,0.17816091954023,0.364712643678161,0,0,0,0,0,0,0,0,0,0,0,0,0,0,0,0,0,0,0,0,0,0,0,0,0,0,0,0,0,0,0,0,0,0,0,0,0,0,0,0,0,0,,,0,0,0,0,0,0,0,0,0,0,0,0,,,,0,0,0,0,0,0,0,,0,0,0,0,0,0,0,,0,0,0,0,0,0,0,0,0,0,1.7,3.7
00-0036418,Z.Baun,Zack Baun,LB,LB,"https://static.www.nfl.com/image/upload/f_auto,q_auto/league/dhostt4bqph1utq56oxc",2025,14,REG,2025_14_PHI_LAC,PHI,LAC,0,0,0,0,0,0,0,0,0,0,0,0,,,0,,0,0,0,0,0,0,0,0,0,0,,0,0,0,0,0,0,0,0,0,0,0,0,0,0,,0,0,0,0,0,,0,0,0,0,4,0,4,0,0,0,0.5,4.5,1,0,0,0,0,0,0,0,0,0,0,0,0,0,0,0,0,0,0,0,0,0,0,0,0,0,0,0,0,0,0,0,0,,,0,0,0,0,0,0,0,0,0,0,0,0,,,,0,0,0,0,0,0,0,,0,0,0,0,0,0,0,,0,0,0,0,0,0,0,0,0,0,0,0
00-0036421,T.Burgess,Terrell Burgess,SAF,DB,"https://static.www.nfl.com/image/upload/f_auto,q_auto/league/fx86rlxeudmniz1btxrq",2025,14,REG,2025_14_NO_TB,NO,TB,0,0,0,0,0,0,0,0,0,0,0,0,,,0,,0,0,0,0,0,0,0,0,0,0,,0,0,0,0,0,0,0,0,0,0,0,0,0,0,,0,0,0,0,0,,0,0,0,0,1,0,1,0,0,0,0,0,0,0,0,0,0,0,0,0,0,0,0,0,0,0,0,0,0,0,0,0,0,0,0,0,0,0,0,0,0,0,0,0,0,,,0,0,0,0,0,0,0,0,0,0,0,0,,,,0,0,0,0,0,0,0,,0,0,0,0,0,0,0,,0,0,0,0,0,0,0,0,0,0,0,0
00-0036422,A.Trautman,Adam Trautman,TE,TE,"https://static.www.nfl.com/image/upload/f_auto,q_auto/league/bqsgkwkfolczyrxmdp1j",2025,14,REG,2025_14_DEN_LV,DEN,LV,0,0,0,0,0,0,0,0,0,0,0,0,,,0,,0,0,0,0,0,0,0,0,0,0,,0,0,0,0,0,2,2,17,0,0,0,10,7,1,0.75786914175842,0,1,0,0,0,1.7,0.0555555555555556,0.0462962962962963,0.115740740740741,0,0,0,0,0,0,0,0,0,0,0,0,0,0,0,0,0,0,0,0,0,0,0,0,0,0,0,0,0,0,0,0,0,0,0,0,0,0,0,0,0,0,,,0,0,0,0,0,0,0,0,0,0,0,0,,,,0,0,0,0,0,0,0,,0,0,0,0,0,0,0,,0,0,0,0,0,0,0,0,0,0,1.7,3.7
00-0036428,J.Strnad,Justin Strnad,LB,LB,"https://static.www.nfl.com/image/upload/f_auto,q_auto/league/mlrmzoeod0ocotxp2nam",2025,14,REG,2025_14_DEN_LV,DEN,LV,0,0,0,0,0,0,0,0,0,0,0,0,,,0,,0,0,0,0,0,0,0,0,0,0,,0,0,0,0,0,0,0,0,0,0,0,0,0,0,,0,0,0,0,0,,0,0,0,0,2,0,0,0,0,0,0,0,0,0,0,0,0,0,0,0,0,0,0,0,0,0,0,0,0,0,0,0,0,0,0,0,0,0,0,0,0,0,0,0,0,,,0,0,0,0,0,0,0,0,0,0,0,0,,,,0,0,0,0,0,0,0,,0,0,0,0,0,0,0,,0,0,0,0,0,0,0,0,0,0,0,0
00-0036431,J.Fuller,Jordan Fuller,SAF,DB,"https://static.www.nfl.com/image/upload/f_auto,q_auto/league/fels90wvhbe4a0vdjnnu",2025,14,REG,2025_14_SEA_ATL,ATL,SEA,0,0,0,0,0,0,0,0,0,0,0,0,,,0,,0,0,0,0,0,0,0,0,0,0,,0,0,0,0,0,0,0,0,0,0,0,0,0,0,,0,0,0,0,0,,0,0,0,0,1,0,0,0,0,0,0,0,0,0,0,0,0,0,0,0,0,0,0,0,0,0,0,0,0,0,0,0,0,0,0,0,0,0,0,0,0,0,0,0,0,,,0,0,0,0,0,0,0,0,0,0,0,0,,,,0,0,0,0,0,0,0,,0,0,0,0,0,0,0,,0,0,0,0,0,0,0,0,0,0,0,0
00-0036441,K.Murray,"Kenneth Murray, Jr.",LB,LB,"https://static.www.nfl.com/image/upload/f_auto,q_auto/league/up14o9gpznxgcvc5xtqh",2025,14,REG,2025_14_DAL_DET,DAL,DET,0,0,0,0,0,0,0,0,0,0,0,0,,,0,,0,0,0,0,0,0,0,0,0,0,,0,0,0,0,0,0,0,0,0,0,0,0,0,0,,0,0,0,0,0,,0,0,0,0,0,0,3,0,0,0,0,0,0,0,0,0,0,0,0,0,0,0,0,0,0,0,0,0,0,0,0,0,0,0,0,0,0,0,0,0,0,0,0,0,0,,,0,0,0,0,0,0,0,0,0,0,0,0,,,,0,0,0,0,0,0,0,,0,0,0,0,0,0,0,,0,0,0,0,0,0,0,0,0,0,0,0
00-0036442,J.Burrow,Joe Burrow,QB,QB,"https://static.www.nfl.com/image/upload/f_auto,q_auto/league/gnnvcgui1cijybukk2w7",2025,14,REG,2025_14_CIN_BUF,CIN,BUF,25,36,284,4,2,1,-8,0,0,329,96,18,8.17582198632602,7.00976476073265,0,0.86322188449848,15,5,3,0,0,0,0,0,0,0,,0,0,0,0,0,0,0,0,0,0,0,0,0,0,,0,0,0,0,0,,0,0,0,0,0,0,0,0,0,0,0,0,0,0,0,0,0,0,0,0,0,0,0,0,0,0,0,0,0,0,0,0,0,0,0,0,0,0,0,0,0,0,0,0,0,,,0,0,0,0,0,0,0,0,0,0,0,0,,,,0,0,0,0,0,0,0,,0,0,0,0,0,0,0,,0,0,0,0,0,0,0,0,0,0,23.36,23.36
00-0036443,R.Sunahara,Rex Sunahara,LS,SPEC,"https://static.www.nfl.com/image/upload/f_auto,q_auto/league/lf7vil8wv3cqyumtczbr",2025,14,REG,2025_14_TEN_CLE,CLE,TEN,0,0,0,0,0,0,0,0,0,0,0,0,,,0,,0,0,0,0,0,0,0,0,0,0,,0,0,0,0,0,0,0,0,0,0,0,0,0,0,,0,0,0,0,0,,0,0,0,0,1,0,0,0,0,0,0,0,0,0,0,0,0,0,0,0,0,0,0,0,0,0,0,0,0,0,0,0,0,0,0,0,0,0,0,0,0,0,0,0,0,,,0,0,0,0,0,0,0,0,0,0,0,0,,,,0,0,0,0,0,0,0,,0,0,0,0,0,0,0,,0,0,0,0,0,0,0,0,0,0,0,0
00-0036479,K.Paye,Kwity Paye,DE,DL,"https://static.www.nfl.com/image/upload/f_auto,q_auto/league/ejgftgdqggikc5u1xqme",2025,14,REG,2025_14_IND_JAX,IND,JAX,0,0,0,0,0,0,0,0,0,0,0,0,,,0,,0,0,0,0,0,0,0,0,0,0,,0,0,0,0,0,0,0,0,0,0,0,0,0,0,,0,0,0,0,0,,0,0,0,0,0,0,3,0,0,0,0,0,0,0,0,1,0,0,0,0,0,0,0,0,0,0,0,0,0,0,0,0,0,0,0,0,0,0,0,0,0,0,0,0,0,,,0,0,0,0,0,0,0,0,0,0,0,0,,,,0,0,0,0,0,0,0,,0,0,0,0,0,0,0,,0,0,0,0,0,0,0,0,0,0,0,0
00-0036500,J.Sherwood,Jamien Sherwood,LB,LB,"https://static.www.nfl.com/image/upload/f_auto,q_auto/league/mbax9jdlzp7cxh0hyuow",2025,14,REG,2025_14_MIA_NYJ,NYJ,MIA,0,0,0,0,0,0,0,0,0,0,0,0,,,0,,0,0,0,0,0,0,0,0,0,0,,0,0,0,0,0,0,0,0,0,0,0,0,0,0,,0,0,0,0,0,,0,0,0,0,6,0,9,1,1,0,0,0,0,0,0,2,0,0,0,0,0,0,0,0,0,0,0,0,0,0,0,0,0,0,0,0,0,0,0,0,0,0,0,0,0,,,0,0,0,0,0,0,0,0,0,0,0,0,,,,0,0,0,0,0,0,0,,0,0,0,0,0,0,0,,0,0,0,0,0,0,0,0,0,0,0,0
00-0036504,B.Echols,Brandin Echols,CB,DB,"https://static.www.nfl.com/image/upload/f_auto,q_auto/league/igkzt4tpxbb3lfcbfnzw",2025,14,REG,2025_14_PIT_BAL,PIT,BAL,0,0,0,0,0,0,0,0,0,0,0,0,,,0,,0,0,0,0,0,0,0,0,0,0,,0,0,0,0,0,0,0,0,0,0,0,0,0,0,,0,0,0,0,0,,0,0,0,0,2,0,0,1,8,0,1,8,1,0,0,1,0,0,0,0,0,0,0,0,0,0,0,0,0,0,0,0,0,0,0,0,0,0,0,0,0,0,0,0,0,,,0,0,0,0,0,0,0,0,0,0,0,0,,,,0,0,0,0,0,0,0,,0,0,0,0,0,0,0,,0,0,0,0,0,0,0,0,0,0,0,0
00-0036527,D.Turner,DJ Turner,WR,WR,"https://static.www.nfl.com/image/upload/f_auto,q_auto/league/os5eurhh1y45sixa8phl",2025,14,REG,2025_14_DEN_LV,LV,DEN,0,0,0,0,0,0,0,0,0,0,0,0,,,0,,0,0,0,0,0,0,0,0,0,0,,0,0,0,0,0,0,0,0,0,0,0,0,0,0,,0,0,0,0,0,,0,0,0,0,0,0,0,0,0,0,0,0,0,0,0,0,0,0,0,0,0,0,0,0,0,0,0,0,0,0,0,0,0,0,0,0,0,0,0,0,0,0,0,0,0,,,0,0,0,0,0,0,0,0,0,0,0,0,,,,0,0,0,0,0,0,0,,0,0,0,0,0,0,0,,0,0,0,0,0,0,0,0,0,0,0,0
00-0036550,R.Bateman,Rashod Bateman,WR,WR,"https://static.www.nfl.com/image/upload/f_auto,q_auto/league/gtktmsfcxc1eijwpwzyq",2025,14,REG,2025_14_PIT_BAL,BAL,PIT,0,0,0,0,0,0,0,0,0,0,0,0,,,0,,0,0,0,0,0,0,0,0,0,0,,0,0,0,0,0,2,3,23,0,0,0,27,0,2,-0.0522233190148995,0,1,1,0,0,0.851851851851852,0.0909090909090909,0.105058365758755,0.209904492394765,0,0,0,0,0,0,0,0,0,0,0,0,0,0,0,0,0,0,0,0,0,0,0,0,0,0,0,0,0,0,0,0,0,0,0,0,0,0,0,0,0,0,,,0,0,0,0,0,0,0,0,0,0,0,0,,,,0,0,0,0,0,0,0,,0,0,0,0,0,0,0,,0,0,0,0,0,0,0,0,0,0,2.3,4.3
00-0036551,A.Banks,Aaron Banks,G,OL,"https://static.www.nfl.com/image/upload/f_auto,q_auto/league/g0vbcpdlnxiqnkj8m2wl",2025,14,REG,2025_14_CHI_GB,GB,CHI,0,0,0,0,0,0,0,0,0,0,0,0,,,0,,0,0,0,0,0,0,0,0,0,0,,0,0,0,0,0,0,0,0,0,0,0,0,0,0,,0,0,0,0,0,,0,0,0,0,0,0,0,0,0,0,0,0,0,0,0,0,0,0,0,0,0,0,0,0,0,0,0,0,0,0,1,15,0,0,0,0,0,0,0,0,0,0,0,0,0,,,0,0,0,0,0,0,0,0,0,0,0,0,,,,0,0,0,0,0,0,0,,0,0,0,0,0,0,0,,0,0,0,0,0,0,0,0,0,0,0,0
00-0036554,N.Collins,Nico Collins,WR,WR,"https://static.www.nfl.com/image/upload/f_auto,q_auto/league/fguybjrn1kwflxm5szwq",2025,14,REG,2025_14_HOU_KC,HOU,KC,0,0,0,0,0,0,0,0,0,0,0,0,,,0,,0,0,0,0,0,0,0,0,0,0,,0,0,0,0,0,4,8,121,0,0,0,129,38,3,3.74255276599433,0,3,3,2,2,0.937984496124031,0.296296296296296,0.422950819672131,0.740510018214936,0,0,0,0,0,0,0,0,0,0,0,0,0,0,0,0,0,0,0,0,0,0,0,0,0,0,0,1,10,0,0,0,0,0,0,0,0,0,0,0,0,0,,,0,0,0,0,0,0,0,0,0,0,0,0,,,,0,0,0,0,0,0,0,,0,0,0,0,0,0,0,,0,0,0,0,0,0,0,0,0,0,12.1,16.1
00-0036564,T.Hufanga,Talanoa Hufanga,SAF,DB,"https://static.www.nfl.com/image/upload/f_auto,q_auto/league/i1jjyltv64sihzzrr04t",2025,14,REG,2025_14_DEN_LV,DEN,LV,0,0,0,0,0,0,0,0,0,0,0,0,,,0,,0,0,0,0,0,0,0,0,0,0,,0,0,0,0,0,0,0,0,0,0,0,0,0,0,,0,0,0,0,0,,0,0,0,0,4,0,1,0,0,0,0,0,0,0,0,0,0,0,0,0,0,0,0,0,0,0,0,0,0,0,0,0,0,0,0,0,0,0,0,0,0,0,0,0,0,,,0,0,0,0,0,0,0,0,0,0,0,0,,,,0,0,0,0,0,0,0,,0,0,0,0,0,0,0,,0,0,0,0,0,0,0,0,0,0,0,0
00-0036589,N.McCloud,Nick McCloud,CB,DB,"https://static.www.nfl.com/image/upload/f_auto,q_auto/league/tktqsmdus8y1alse43j5",2025,14,REG,2025_14_CHI_GB,CHI,GB,0,0,0,0,0,0,0,0,0,0,0,0,,,0,,0,0,0,0,0,0,0,0,0,0,,0,0,0,0,0,0,0,0,0,0,0,0,0,0,,0,0,0,0,0,,0,0,0,0,1,0,0,0,0,0,0,0,0,0,0,2,0,0,0,0,0,0,0,0,0,0,0,0,0,0,0,0,0,0,0,0,0,0,0,0,0,0,0,0,0,,,0,0,0,0,0,0,0,0,0,0,0,0,,,,0,0,0,0,0,0,0,,0,0,0,0,0,0,0,,0,0,0,0,0,0,0,0,0,0,0,0
00-0036590,Q.Morris,Quintin Morris,TE,TE,"https://static.www.nfl.com/image/upload/f_auto,q_auto/league/auqtvapzdtpdxg6myw6b",2025,14,REG,2025_14_IND_JAX,JAX,IND,0,0,0,0,0,0,0,0,0,0,0,0,,,0,,0,0,0,0,0,0,0,0,0,0,,0,0,0,0,0,0,0,0,0,0,0,0,0,0,,0,0,0,0,0,,0,0,0,0,0,0,1,0,0,0,0,0,0,0,0,0,0,0,0,0,0,0,0,0,0,0,0,0,0,0,0,0,0,0,0,0,0,0,0,0,0,0,0,0,0,,,0,0,0,0,0,0,0,0,0,0,0,0,,,,0,0,0,0,0,0,0,,0,0,0,0,0,0,0,,0,0,0,0,0,0,0,0,0,0,0,0
00-0036603,A.Jackson,Alaric Jackson,OT,OL,"https://static.www.nfl.com/image/upload/f_auto,q_auto/league/p7eblgie3na4hjdl6pzb",2025,14,REG,2025_14_LA_ARI,LA,ARI,0,0,0,0,0,0,0,0,0,0,0,0,,,0,,0,0,0,0,0,0,0,0,0,0,,0,0,0,0,0,0,0,0,0,0,0,0,0,0,,0,0,0,0,0,,0,0,0,0,0,0,0,0,0,0,0,0,0,0,0,0,0,0,0,0,0,0,0,0,0,0,0,0,0,0,1,5,0,0,0,0,0,0,0,0,0,0,0,0,0,,,0,0,0,0,0,0,0,0,0,0,0,0,,,,0,0,0,0,0,0,0,,0,0,0,0,0,0,0,,0,0,0,0,0,0,0,0,0,0,0,0
00-0036613,J.Waddle,Jaylen Waddle,WR,WR,"https://static.www.nfl.com/image/upload/f_auto,q_auto/league/gkh7m1jedon9mwn5jlf1",2025,14,REG,2025_14_MIA_NYJ,MIA,NYJ,0,0,0,0,0,0,0,0,0,0,0,0,,,0,,0,0,0,0,1,21,0,0,0,1,1.54903065785766,0,1,1,1,0,5,7,50,1,0,0,56,17,4,3.59028968343046,0,2,1,1,0,0.892857142857143,0.333333333333333,0.589473684210526,0.912631578947368,0,0,0,0,0,0,0,0,0,0,0,0,0,0,0,0,0,0,0,0,0,0,0,0,0,0,0,0,0,0,0,0,0,0,0,0,0,0,0,0,0,0,,,0,0,0,0,0,0,0,0,0,0,0,0,,,,0,0,0,0,0,0,0,,0,0,0,0,0,0,0,,0,0,0,0,0,0,0,0,0,0,13.1,18.1
00-0036616,C.Darrisaw,Christian Darrisaw,OT,OL,"https://static.www.nfl.com/image/upload/f_auto,q_auto/league/czyibprjejmeflivtgzb",2025,14,REG,2025_14_WAS_MIN,MIN,WAS,0,0,0,0,0,0,0,0,0,0,0,0,,,0,,0,0,0,0,0,0,0,0,0,0,,0,0,0,0,0,0,0,0,0,0,0,0,0,0,,0,0,0,0,0,,0,0,0,0,0,0,0,0,0,0,0,0,0,0,0,0,0,0,0,0,0,0,0,0,0,0,0,0,0,0,1,5,0,0,0,0,0,0,0,0,0,0,0,0,0,,,0,0,0,0,0,0,0,0,0,0,0,0,,,,0,0,0,0,0,0,0,,0,0,0,0,0,0,0,,0,0,0,0,0,0,0,0,0,0,0,0
00-0036619,D.Radunz,Dillon Radunz,OT,OL,"https://static.www.nfl.com/image/upload/f_auto,q_auto/league/uqswdzsnotrgk4ddg9bg",2025,14,REG,2025_14_NO_TB,NO,TB,0,0,0,0,0,0,0,0,0,0,0,0,,,0,,0,0,0,0,0,0,0,0,0,0,,0,0,0,0,0,0,0,0,0,0,0,0,0,0,,0,0,0,0,0,,0,0,0,0,0,0,0,0,0,0,0,0,0,0,0,0,0,0,0,0,0,0,0,0,0,0,0,0,0,0,1,5,0,0,0,0,0,0,0,0,0,0,0,0,0,,,0,0,0,0,0,0,0,0,0,0,0,0,,,,0,0,0,0,0,0,0,,0,0,0,0,0,0,0,,0,0,0,0,0,0,0,0,0,0,0,0
00-0036620,D.Eskridge,Dee Eskridge,WR,WR,"https://static.www.nfl.com/image/upload/f_auto,q_auto/league/baasw8ia3qztewmawfnz",2025,14,REG,2025_14_MIA_NYJ,MIA,NYJ,0,0,0,0,0,0,0,0,0,0,0,0,,,0,,0,0,0,0,0,0,0,0,0,0,,0,0,0,0,0,0,0,0,0,0,0,0,0,0,,0,0,0,0,0,,0,0,0,0,0,0,0,0,0,0,0,0,0,0,0,0,0,0,0,0,0,0,0,0,0,0,0,0,0,0,0,0,0,0,0,0,0,0,0,2,51,0,0,0,0,,,0,0,0,0,0,0,0,0,0,0,0,0,,,,0,0,0,0,0,0,0,,0,0,0,0,0,0,0,,0,0,0,0,0,0,0,0,0,0,0,0
00-0036621,N.Bolton,Nick Bolton,LB,LB,"https://static.www.nfl.com/image/upload/f_auto,q_auto/league/pgkezol12laags229maz",2025,14,REG,2025_14_HOU_KC,KC,HOU,0,0,0,0,0,0,0,0,0,0,0,0,,,0,,0,0,0,0,0,0,0,0,0,0,,0,0,0,0,0,0,0,0,0,0,0,0,0,0,,0,0,0,0,0,,0,0,0,0,6,0,6,2,6,0,0,0,1,0,0,0,0,0,0,0,0,0,0,0,0,0,0,0,0,0,1,5,0,0,0,0,0,0,0,0,0,0,0,0,0,,,0,0,0,0,0,0,0,0,0,0,0,0,,,,0,0,0,0,0,0,0,,0,0,0,0,0,0,0,,0,0,0,0,0,0,0,0,0,0,0,0
00-0036622,J.Myers,Josh Myers,C,OL,"https://static.www.nfl.com/image/upload/f_auto,q_auto/league/kx5vub7ru2srpow2dxnu",2025,14,REG,2025_14_MIA_NYJ,NYJ,MIA,0,0,0,0,0,0,0,0,0,0,0,0,,,0,,0,0,0,0,0,0,0,0,0,0,,0,0,0,0,0,0,0,0,0,0,0,0,0,0,,0,0,0,0,0,,0,0,0,0,0,0,0,0,0,0,0,0,0,0,0,0,0,0,0,0,0,0,0,0,0,0,0,0,0,0,1,5,0,0,0,0,0,0,0,0,0,0,0,0,0,,,0,0,0,0,0,0,0,0,0,0,0,0,,,,0,0,0,0,0,0,0,,0,0,0,0,0,0,0,,0,0,0,0,0,0,0,0,0,0,0,0
00-0036624,A.McNeill,Alim McNeill,DT,DL,"https://static.www.nfl.com/image/upload/f_auto,q_auto/league/ugdqnlqg8btovqnkzqpw",2025,14,REG,2025_14_DAL_DET,DET,DAL,0,0,0,0,0,0,0,0,0,0,0,0,,,0,,0,0,0,0,0,0,0,0,0,0,,0,0,0,0,0,0,0,0,0,0,0,0,0,0,,0,0,0,0,0,,0,0,0,0,1,0,0,1,16,1,1,16,2,0,0,0,0,0,0,0,0,0,0,0,0,0,0,0,0,0,0,0,0,0,0,0,0,0,0,0,0,0,0,0,0,,,0,0,0,0,0,0,0,0,0,0,0,0,,,,0,0,0,0,0,0,0,,0,0,0,0,0,0,0,,0,0,0,0,0,0,0,0,0,0,0,0
00-0036628,J.Bates,John Bates,TE,TE,"https://static.www.nfl.com/image/upload/f_auto,q_auto/league/sqaiwpind6kk4ns4acql",2025,14,REG,2025_14_WAS_MIN,WAS,MIN,0,0,0,0,0,0,0,0,0,0,0,0,,,0,,0,0,0,0,0,0,0,0,0,0,,0,0,0,0,0,0,0,0,0,0,0,0,0,0,,0,0,0,0,0,,0,0,0,0,0,0,0,0,0,0,0,0,0,0,0,0,0,0,0,0,0,0,0,0,0,0,0,0,0,0,1,10,0,0,0,0,0,0,0,0,0,0,0,0,0,,,0,0,0,0,0,0,0,0,0,0,0,0,,,,0,0,0,0,0,0,0,,0,0,0,0,0,0,0,,0,0,0,0,0,0,0,0,0,0,0,0
00-0036629,C.Bynum,Camryn Bynum,SAF,DB,"https://static.www.nfl.com/image/upload/f_auto,q_auto/league/rncq5z5bfhigx2atid7k",2025,14,REG,2025_14_IND_JAX,IND,JAX,0,0,0,0,0,0,0,0,0,0,0,0,,,0,,0,0,0,0,0,0,0,0,0,0,,0,0,0,0,0,0,0,0,0,0,0,0,0,0,,0,0,0,0,0,,0,0,0,0,2,1,0,1,2,0,0,0,0,0,0,1,0,0,0,0,0,0,0,0,0,0,0,0,0,0,0,0,0,0,0,0,0,0,0,0,0,0,0,0,0,,,0,0,0,0,0,0,0,0,0,0,0,0,,,,0,0,0,0,0,0,0,,0,0,0,0,0,0,0,,0,0,0,0,0,0,0,0,0,0,0,0
00-0036637,N.Gray,Noah Gray,TE,TE,"https://static.www.nfl.com/image/upload/f_auto,q_auto/league/bpmlguml8jth2rbdfyp5",2025,14,REG,2025_14_HOU_KC,KC,HOU,0,0,0,0,0,0,0,0,0,0,0,0,,,0,,0,0,0,0,0,0,0,0,0,0,,0,0,0,0,0,1,3,14,0,0,0,17,5,0,-2.23910845658975,0,1,0,0,0,0.823529411764706,0.103448275862069,0.0588235294117647,0.196348884381339,0,0,0,0,0,0,0,0,0,0,0,0,0,0,0,0,0,0,0,0,0,0,0,0,0,0,0,0,0,0,0,0,0,0,0,0,0,0,0,0,0,0,,,0,0,0,0,0,0,0,0,0,0,0,0,,,,0,0,0,0,0,0,0,,0,0,0,0,0,0,0,,0,0,0,0,0,0,0,0,0,0,1.4,2.4
00-0036642,T.Slaton,Tedarrell Slaton,DT,DL,"https://static.www.nfl.com/image/upload/f_auto,q_auto/league/oktzavt6whxgvr6ukmhl",2025,14,REG,2025_14_CIN_BUF,CIN,BUF,0,0,0,0,0,0,0,0,0,0,0,0,,,0,,0,0,0,0,0,0,0,0,0,0,,0,0,0,0,0,0,0,0,0,0,0,0,0,0,,0,0,0,0,0,,0,0,0,0,2,0,3,1,2,0,1,2,1,0,0,0,0,0,0,0,0,0,0,0,0,0,0,0,0,0,0,0,0,0,0,0,0,0,0,0,0,0,0,0,0,,,0,0,0,0,0,0,0,0,0,0,0,0,,,,0,0,0,0,0,0,0,,0,0,0,0,0,0,0,,0,0,0,0,0,0,0,0,0,0,0,0
00-0036643,K.Britt,K.J. Britt,LB,LB,"https://static.www.nfl.com/image/upload/f_auto,q_auto/league/q3jwsdcnxx1sqbuetd26",2025,14,REG,2025_14_MIA_NYJ,MIA,NYJ,0,0,0,0,0,0,0,0,0,0,0,0,,,0,,0,0,0,0,0,0,0,0,0,0,,0,0,0,0,0,0,0,0,0,0,0,0,0,0,,0,0,0,0,0,,0,0,0,0,1,0,4,0,0,0,0,0,0,0,0,0,0,0,0,0,0,0,0,0,0,0,0,0,0,0,0,0,0,0,0,0,0,0,0,0,0,0,0,0,0,,,0,0,0,0,0,0,0,0,0,0,0,0,,,,0,0,0,0,0,0,0,,0,0,0,0,0,0,0,,0,0,0,0,0,0,0,0,0,0,0,0
00-0036658,I.McDuffie,Isaiah McDuffie,LB,LB,"https://static.www.nfl.com/image/upload/f_auto,q_auto/league/fjcqgmefc4u0plwp92mq",2025,14,REG,2025_14_CHI_GB,GB,CHI,0,0,0,0,0,0,0,0,0,0,0,0,,,0,,0,0,0,0,0,0,0,0,0,0,,0,0,0,0,0,0,0,0,0,0,0,0,0,0,,0,0,0,0,0,,0,0,0,0,3,0,3,0,0,0,0,0,0,0,0,0,0,0,0,0,0,0,0,0,0,0,0,0,0,0,0,0,0,0,0,0,0,0,0,0,0,0,0,0,0,,,0,0,0,0,0,0,0,0,0,0,0,0,,,,0,0,0,0,0,0,0,,0,0,0,0,0,0,0,,0,0,0,0,0,0,0,0,0,0,0,0
00-0036677,Z.Anderson,Zayne Anderson,SAF,DB,"https://static.www.nfl.com/image/upload/f_auto,q_auto/league/j8agcdgo4ezgvn4vhw7u",2025,14,REG,2025_14_CHI_GB,GB,CHI,0,0,0,0,0,0,0,0,0,0,0,0,,,0,,0,0,0,0,0,0,0,0,0,0,,0,0,0,0,0,0,0,0,0,0,0,0,0,0,,0,0,0,0,0,,0,0,0,0,0,0,1,0,0,0,0,0,0,0,0,0,0,0,0,0,0,0,0,0,0,0,0,0,0,0,0,0,0,0,0,0,0,0,0,0,0,0,0,0,0,,,0,0,0,0,0,0,0,0,0,0,0,0,,,,0,0,0,0,0,0,0,,0,0,0,0,0,0,0,,0,0,0,0,0,0,0,0,0,0,0,0
00-0036704,C.Johnson,Caleb Johnson,LB,LB,"https://static.www.nfl.com/image/upload/f_auto,q_auto/league/cpvxwusivovnovmryprc",2025,14,REG,2025_14_MIA_NYJ,MIA,NYJ,0,0,0,0,0,0,0,0,0,0,0,0,,,0,,0,0,0,0,0,0,0,0,0,0,,0,0,0,0,0,0,0,0,0,0,0,0,0,0,,0,0,0,0,0,,0,0,0,0,0,0,1,0,0,0,0,0,0,0,0,0,0,0,0,0,0,0,0,0,0,0,0,0,0,0,0,0,0,0,0,0,0,0,0,0,0,0,0,0,0,,,0,0,0,0,0,0,0,0,0,0,0,0,,,,0,0,0,0,0,0,0,,0,0,0,0,0,0,0,,0,0,0,0,0,0,0,0,0,0,0,0
00-0036705,S.Kamara,Sam Kamara,DT,DL,"https://static.www.nfl.com/image/private/f_auto,q_auto/league/aakuha494hvtrja3dwjn",2025,14,REG,2025_14_TEN_CLE,CLE,TEN,0,0,0,0,0,0,0,0,0,0,0,0,,,0,,0,0,0,0,0,0,0,0,0,0,,0,0,0,0,0,0,0,0,0,0,0,0,0,0,,0,0,0,0,0,,0,0,0,0,0,1,2,1,1,0,0,0,0,0,0,0,0,0,0,0,0,0,0,0,0,0,0,0,0,0,0,0,0,0,0,0,0,0,0,0,0,0,0,0,0,,,0,0,0,0,0,0,0,0,0,0,0,0,,,,0,0,0,0,0,0,0,,0,0,0,0,0,0,0,,0,0,0,0,0,0,0,0,0,0,0,0
00-0036711,C.Snowden,Charles Snowden,DE,DL,"https://static.www.nfl.com/image/upload/f_auto,q_auto/league/lwfjnx5rgx1hanfqfnl7",2025,14,REG,2025_14_DEN_LV,LV,DEN,0,0,0,0,0,0,0,0,0,0,0,0,,,0,,0,0,0,0,0,0,0,0,0,0,,0,0,0,0,0,0,0,0,0,0,0,0,0,0,,0,0,0,0,0,,0,0,0,0,1,0,1,1,3,0,0,0,0,0,0,0,0,0,0,0,0,0,0,0,0,0,0,0,0,0,0,0,0,0,0,0,0,0,0,0,0,0,0,0,0,,,0,0,0,0,0,0,0,0,0,0,0,0,,,,0,0,0,0,0,0,0,,0,0,0,0,0,0,0,,0,0,0,0,0,0,0,0,0,0,0,0
00-0036727,A.Prentice,Adam Prentice,FB,RB,"https://static.www.nfl.com/image/upload/f_auto,q_auto/league/xuvyqidnso9ga1dfefoy",2025,14,REG,2025_14_DEN_LV,DEN,LV,0,0,0,0,0,0,0,0,0,0,0,0,,,0,,0,0,0,0,2,22,0,0,0,2,1.90973269985989,0,1,1,0,0,2,2,11,0,0,0,2,9,1,0.555880371655803,0,0,0,0,0,5.5,0.0555555555555556,0.00925925925925926,0.0898148148148148,0,0,0,1,0,0,0,0,0,0,0,0,0,0,0,0,0,0,0,0,0,0,0,0,0,0,0,0,0,0,0,0,0,0,0,0,0,0,0,0,0,0,,,0,0,0,0,0,0,0,0,0,0,0,0,,,,0,0,0,0,0,0,0,,0,0,0,0,0,0,0,,0,0,0,0,0,0,0,0,0,0,3.3,5.3
00-0036741,J.Stoll,Jack Stoll,TE,TE,"https://static.www.nfl.com/image/upload/f_auto,q_auto/league/vx5eqo8t1qvj0ijwmiwm",2025,14,REG,2025_14_NO_TB,NO,TB,0,0,0,0,0,0,0,0,0,0,0,0,,,0,,0,0,0,0,0,0,0,0,0,0,,0,0,0,0,0,0,1,0,0,0,0,-8,0,0,-0.505747998133302,0,0,0,0,0,0,0.05,-0.0506329113924051,0.0395569620253165,0,0,0,0,0,0,0,0,0,0,0,0,0,0,0,0,0,0,0,0,0,0,0,0,0,0,0,0,0,0,0,0,0,0,0,0,0,0,0,0,0,0,,,0,0,0,0,0,0,0,0,0,0,0,0,,,,0,0,0,0,0,0,0,,0,0,0,0,0,0,0,,0,0,0,0,0,0,0,0,0,0,0,0
00-0036802,J.Rhattigan,Jon Rhattigan,LB,LB,"https://static.www.nfl.com/image/upload/f_auto,q_auto/league/im8y1u3b8ptowjxz56en",2025,14,REG,2025_14_DEN_LV,LV,DEN,0,0,0,0,0,0,0,0,0,0,0,0,,,0,,0,0,0,0,0,0,0,0,0,0,,0,0,0,0,0,0,0,0,0,0,0,0,0,0,,0,0,0,0,0,,0,0,0,0,0,0,1,0,0,0,0,0,0,0,0,0,0,0,0,0,0,0,0,0,0,0,0,0,0,0,0,0,0,0,0,0,0,0,0,0,0,0,0,0,0,,,0,0,0,0,0,0,0,0,0,0,0,0,,,,0,0,0,0,0,0,0,,0,0,0,0,0,0,0,,0,0,0,0,0,0,0,0,0,0,0,0
00-0036816,R.Patterson,Riley Patterson,K,SPEC,"https://static.www.nfl.com/image/upload/f_auto,q_auto/league/xjg7x98iyq5hlgjc62ot",2025,14,REG,2025_14_MIA_NYJ,MIA,NYJ,0,0,0,0,0,0,0,0,0,0,0,0,,,0,,0,0,0,0,0,0,0,0,0,0,,0,0,0,0,0,0,0,0,0,0,0,0,0,0,,0,0,0,0,0,,0,0,0,0,0,0,0,0,0,0,0,0,0,0,0,0,0,0,0,0,0,0,0,0,0,0,0,0,0,0,1,0,0,0,0,0,0,0,0,0,0,2,2,0,0,53,1,0,0,0,1,1,0,0,0,0,0,0,0,43;53,,,96,0,0,4,4,0,0,1,0,0,0,0,0,0,0,,0,0,0,0,0,0,0,0,0,0,0,0
00-0036825,F.Franks,Feleipe Franks,TE,TE,"https://static.www.nfl.com/image/upload/f_auto,q_auto/league/nbn1wxlh6los4y2am3ro",2025,14,REG,2025_14_SEA_ATL,ATL,SEA,0,0,0,0,0,0,0,0,0,0,0,0,,,0,,0,0,0,0,0,0,0,0,0,0,,0,0,0,0,0,0,0,0,0,0,0,0,0,0,,0,0,0,0,0,,0,0,0,0,1,0,0,0,0,0,0,0,0,0,0,0,0,0,0,0,0,0,0,0,0,0,0,0,0,0,0,0,0,0,0,0,0,0,0,0,0,0,0,0,0,,,0,0,0,0,0,0,0,0,0,0,0,0,,,,0,0,0,0,0,0,0,,0,0,0,0,0,0,0,,0,0,0,0,0,0,0,0,0,0,0,0
00-0036833,R.Neuzil,Ryan Neuzil,G,OL,"https://static.www.nfl.com/image/upload/f_auto,q_auto/league/xsnsake68lxw3hqilezf",2025,14,REG,2025_14_SEA_ATL,ATL,SEA,0,0,0,0,0,0,0,0,0,0,0,0,,,0,,0,0,0,0,0,0,0,0,0,0,,0,0,0,0,0,0,0,0,0,0,0,0,0,0,,0,0,0,0,0,,0,0,0,0,0,0,1,0,0,0,0,0,0,0,0,0,0,0,0,0,0,0,0,0,0,0,0,0,0,0,0,0,0,0,0,0,0,0,0,0,0,0,0,0,0,,,0,0,0,0,0,0,0,0,0,0,0,0,,,,0,0,0,0,0,0,0,,0,0,0,0,0,0,0,,0,0,0,0,0,0,0,0,0,0,0,0
00-0036841,A.Trammell,Austin Trammell,WR,WR,"https://static.www.nfl.com/image/upload/f_auto,q_auto/league/vpkcobp7jdqvk8qwhhtg",2025,14,REG,2025_14_IND_JAX,JAX,IND,0,0,0,0,0,0,0,0,0,0,0,0,,,0,,0,0,0,0,0,0,0,0,0,0,,0,0,0,0,0,0,0,0,0,0,0,0,0,0,,0,0,0,0,0,,0,0,0,0,0,0,0,0,0,0,0,0,0,0,0,0,0,0,0,0,0,0,0,0,0,0,0,0,0,0,0,0,0,0,0,0,0,1,15,0,0,0,0,0,0,,,0,0,0,0,0,0,0,0,0,0,0,0,,,,0,0,0,0,0,0,0,,0,0,0,0,0,0,0,,0,0,0,0,0,0,0,0,0,0,0,0
00-0036842,K.Nwangwu,Kene Nwangwu,RB,RB,"https://static.www.nfl.com/image/upload/f_auto,q_auto/league/rlnqgz517fsohrndgjrb",2025,14,REG,2025_14_MIA_NYJ,NYJ,MIA,0,0,0,0,0,0,0,0,0,0,0,0,,,0,,0,0,0,0,0,0,0,0,0,0,,0,0,0,0,0,0,0,0,0,0,0,0,0,0,,0,0,0,0,0,,0,0,0,0,0,0,0,0,0,0,0,0,0,0,0,0,0,0,0,0,0,0,0,0,0,0,0,0,0,0,0,0,0,0,0,0,0,0,0,1,33,0,0,0,0,,,0,0,0,0,0,0,0,0,0,0,0,0,,,,0,0,0,0,0,0,0,,0,0,0,0,0,0,0,,0,0,0,0,0,0,0,0,0,0,0,0
00-0036854,E.McPherson,Evan McPherson,K,SPEC,"https://static.www.nfl.com/image/upload/f_auto,q_auto/league/t6fs7i54i4n7xjiayoz0",2025,14,REG,2025_14_CIN_BUF,CIN,BUF,0,0,0,0,0,0,0,0,0,0,0,0,,,0,,0,0,0,0,0,0,0,0,0,0,,0,0,0,0,0,0,0,0,0,0,0,0,0,0,,0,0,0,0,0,,0,0,0,0,0,0,0,0,0,0,0,0,0,0,0,0,0,0,0,0,0,0,0,0,0,0,0,0,0,0,0,0,0,0,0,0,0,0,0,0,0,0,0,0,0,,,0,0,0,0,0,0,0,0,0,0,0,0,,,,0,0,0,4,4,0,0,1,0,0,0,0,0,0,0,,0,0,0,0,0,0,0,0,0,0,0,0
00-0036862,B.Skowronek,Ben Skowronek,WR,WR,"https://static.www.nfl.com/image/upload/f_auto,q_auto/league/etozk8ja4u8lpjcvvo6l",2025,14,REG,2025_14_PIT_BAL,PIT,BAL,0,0,0,0,0,0,0,0,0,0,0,0,,,0,,0,0,0,0,0,0,0,0,0,0,,0,0,0,0,0,1,1,13,0,0,0,13,0,1,1.37045127747115,0,1,0,0,0,1,0.0303030303030303,0.0613207547169811,0.0883790737564322,0,2,0,0,0,0,0,0,0,0,0,0,0,0,0,0,0,0,0,0,0,0,0,0,0,0,0,0,0,0,0,0,0,0,0,0,0,0,0,0,0,0,,,0,0,0,0,0,0,0,0,0,0,0,0,,,,0,0,0,0,0,0,0,,0,0,0,0,0,0,0,,0,0,0,0,0,0,0,0,0,0,1.3,2.3
00-0036867,C.Rumph,Chris Rumph II,LB,LB,"https://static.www.nfl.com/image/upload/f_auto,q_auto/league/ayrvlbmyxlvek7afcioc",2025,14,REG,2025_14_NO_TB,NO,TB,0,0,0,0,0,0,0,0,0,0,0,0,,,0,,0,0,0,0,0,0,0,0,0,0,,0,0,0,0,0,0,0,0,0,0,0,0,0,0,,0,0,0,0,0,,0,0,0,0,3,0,1,0,0,0,0,0,0,0,0,0,0,0,0,0,0,0,0,0,0,0,0,0,0,0,1,10,0,0,0,0,0,0,0,0,0,0,0,0,0,,,0,0,0,0,0,0,0,0,0,0,0,0,,,,0,0,0,0,0,0,0,,0,0,0,0,0,0,0,,0,0,0,0,0,0,0,0,0,0,0,0
00-0036869,D.Moore,Dan Moore Jr.,OT,OL,"https://static.www.nfl.com/image/upload/f_auto,q_auto/league/boxltktohmx9eqfrjr9c",2025,14,REG,2025_14_TEN_CLE,TEN,CLE,0,0,0,0,0,0,0,0,0,0,0,0,,,0,,0,0,0,0,0,0,0,0,0,0,,0,0,0,0,0,0,0,0,0,0,0,0,0,0,,0,0,0,0,0,,0,0,0,0,1,0,0,0,0,0,0,0,0,0,0,0,0,0,0,0,0,0,0,0,0,0,0,0,0,0,0,0,0,0,0,0,0,0,0,0,0,0,0,0,0,,,0,0,0,0,0,0,0,0,0,0,0,0,,,,0,0,0,0,0,0,0,,0,0,0,0,0,0,0,,0,0,0,0,0,0,0,0,0,0,0,0
00-0036870,B.Johnson,Buddy Johnson,LB,LB,"https://static.www.nfl.com/image/upload/f_auto,q_auto/league/aa4htfuz4uxcprkmmvii",2025,14,REG,2025_14_IND_JAX,IND,JAX,0,0,0,0,0,0,0,0,0,0,0,0,,,0,,0,0,0,0,0,0,0,0,0,0,,0,0,0,0,0,0,0,0,0,0,0,0,0,0,,0,0,0,0,0,,0,0,0,0,1,0,0,0,0,0,0,0,0,0,0,0,0,0,0,0,0,0,0,0,0,0,0,0,0,0,0,0,0,0,0,0,0,0,0,0,0,0,0,0,0,,,0,0,0,0,0,0,0,0,0,0,0,0,,,,0,0,0,0,0,0,0,,0,0,0,0,0,0,0,,0,0,0,0,0,0,0,0,0,0,0,0
00-0036871,N.Hobbs,Nate Hobbs,CB,DB,"https://static.www.nfl.com/image/upload/f_auto,q_auto/league/qewuemdrhzwzc9hluywm",2025,14,REG,2025_14_CHI_GB,GB,CHI,0,0,0,0,0,0,0,0,0,0,0,0,,,0,,0,0,0,0,0,0,0,0,0,0,,0,0,0,0,0,0,0,0,0,0,0,0,0,0,,0,0,0,0,0,,0,0,0,0,0,0,1,0,0,0,0,0,0,0,0,0,0,0,0,0,0,0,0,0,0,0,0,0,0,0,0,0,0,0,0,0,0,0,0,0,0,0,0,0,0,,,0,0,0,0,0,0,0,0,0,0,0,0,,,,0,0,0,0,0,0,0,,0,0,0,0,0,0,0,,0,0,0,0,0,0,0,0,0,0,0,0
00-0036874,P.Surtain,Pat Surtain II,CB,DB,"https://static.www.nfl.com/image/upload/f_auto,q_auto/league/soec8zk3n5jvxvywq1gm",2025,14,REG,2025_14_DEN_LV,DEN,LV,0,0,0,0,0,0,0,0,0,0,0,0,,,0,,0,0,0,0,0,0,0,0,0,0,,0,0,0,0,0,0,0,0,0,0,0,0,0,0,,0,0,0,0,0,,0,0,0,0,1,0,2,0,0,0,0,0,0,0,0,1,0,0,0,0,0,0,0,0,0,0,0,0,0,0,2,15,0,0,0,0,0,0,0,0,0,0,0,0,0,,,0,0,0,0,0,0,0,0,0,0,0,0,,,,0,0,0,0,0,0,0,,0,0,0,0,0,0,0,,0,0,0,0,0,0,0,0,0,0,0,0
00-0036876,K.Granson,Kylen Granson,TE,TE,"https://static.www.nfl.com/image/upload/f_auto,q_auto/league/ysbxmdw4da30q3kjb571",2025,14,REG,2025_14_PHI_LAC,PHI,LAC,0,0,0,0,0,0,0,0,0,0,0,0,,,0,,0,0,0,0,0,0,0,0,0,0,,0,0,0,0,0,0,0,0,0,0,0,0,0,0,,0,0,0,0,0,,0,0,0,0,2,0,1,0,0,0,0,0,0,0,0,0,0,0,0,0,0,0,0,0,0,0,0,0,0,0,0,0,0,0,0,0,0,0,0,0,0,0,0,0,0,,,0,0,0,0,0,0,0,0,0,0,0,0,,,,0,0,0,0,0,0,0,,0,0,0,0,0,0,0,,0,0,0,0,0,0,0,0,0,0,0,0
00-0036883,T.Togiai,Tommy Togiai,DT,DL,"https://static.www.nfl.com/image/upload/f_auto,q_auto/league/wwcsyhxr0fsthd6g7yyo",2025,14,REG,2025_14_HOU_KC,HOU,KC,0,0,0,0,0,0,0,0,0,0,0,0,,,0,,0,0,0,0,0,0,0,0,0,0,,0,0,0,0,0,0,0,0,0,0,0,0,0,0,,0,0,0,0,0,,0,0,0,0,2,0,8,1,9,0,1,9,2,0,0,0,0,0,0,0,0,0,0,0,0,0,0,0,0,0,0,0,0,0,0,0,0,0,0,0,0,0,0,0,0,,,0,0,0,0,0,0,0,0,0,0,0,0,,,,0,0,0,0,0,0,0,,0,0,0,0,0,0,0,,0,0,0,0,0,0,0,0,0,0,0,0
00-0036894,P.Freiermuth,Pat Freiermuth,TE,TE,"https://static.www.nfl.com/image/upload/f_auto,q_auto/league/pyrdsypgggjshiaygkr7",2025,14,REG,2025_14_PIT_BAL,PIT,BAL,0,0,0,0,0,0,0,0,0,0,0,0,,,0,,0,0,0,0,0,0,0,0,0,0,,0,0,0,0,0,2,3,9,0,0,0,6,8,0,-1.35331172408769,0,0,0,0,0,1.5,0.0909090909090909,0.0283018867924528,0.156174957118353,0,0,0,0,0,0,0,0,0,0,0,0,0,0,0,0,0,0,0,0,0,0,0,0,0,0,0,0,0,0,0,0,0,0,0,0,0,0,0,0,0,0,,,0,0,0,0,0,0,0,0,0,0,0,0,,,,0,0,0,0,0,0,0,,0,0,0,0,0,0,0,,0,0,0,0,0,0,0,0,0,0,0.9,2.9
00-0036900,J.Chase,Ja'Marr Chase,WR,WR,"https://static.www.nfl.com/image/upload/f_auto,q_auto/league/qya3dtjb5kgofcuj2tuw",2025,14,REG,2025_14_CIN_BUF,CIN,BUF,0,0,0,0,0,0,0,0,0,0,0,0,,,0,,0,0,0,0,1,8,0,0,0,0,0.516160319792107,0,0,0,0,0,5,8,44,0,0,0,19,30,3,-13.2864018146065,0,2,1,0,0,2.31578947368421,0.222222222222222,0.0577507598784195,0.373758865248227,0,0,0,0,0,0,0,0,0,0,0,0,0,0,0,0,0,0,0,0,0,0,0,0,0,0,0,0,0,0,0,0,0,0,0,0,0,0,0,0,0,0,,,0,0,0,0,0,0,0,0,0,0,0,0,,,,0,0,0,0,0,0,0,,0,0,0,0,0,0,0,,0,0,0,0,0,0,0,0,0,0,5.2,10.2
00-0036901,E.Stokes,Eric Stokes,CB,DB,"https://static.www.nfl.com/image/upload/f_auto,q_auto/league/q7fnhbnyadsru3swpgdf",2025,14,REG,2025_14_DEN_LV,LV,DEN,0,0,0,0,0,0,0,0,0,0,0,0,,,0,,0,0,0,0,0,0,0,0,0,0,,0,0,0,0,0,0,0,0,0,0,0,0,0,0,,0,0,0,0,0,,0,0,0,0,6,0,3,0,0,0,0,0,0,0,0,0,0,0,0,0,0,0,0,0,0,0,0,0,0,0,0,0,0,0,0,0,0,0,0,0,0,0,0,0,0,,,0,0,0,0,0,0,0,0,0,0,0,0,,,,0,0,0,0,0,0,0,,0,0,0,0,0,0,0,,0,0,0,0,0,0,0,0,0,0,0,0
00-0036902,J.Ossai,Joseph Ossai,DE,DL,"https://static.www.nfl.com/image/upload/f_auto,q_auto/league/ornl2j2dyfvtma6eiozd",2025,14,REG,2025_14_CIN_BUF,CIN,BUF,0,0,0,0,0,0,0,0,0,0,0,0,,,0,,0,0,0,0,0,0,0,0,0,0,,0,0,0,0,0,0,0,0,0,0,0,0,0,0,,0,0,0,0,0,,0,0,0,0,4,0,1,1,3,1,0,0,0,0,0,0,0,0,0,0,0,0,0,0,0,0,0,0,0,0,1,1,0,0,0,0,0,0,0,0,0,0,0,0,0,,,0,0,0,0,0,0,0,0,0,0,0,0,,,,0,0,0,0,0,0,0,,0,0,0,0,0,0,0,,0,0,0,0,0,0,0,0,0,0,0,0
00-0036906,K.Herbert,Khalil Herbert,RB,RB,"https://static.www.nfl.com/image/upload/f_auto,q_auto/league/gjwksf9ygntjmtceeerh",2025,14,REG,2025_14_MIA_NYJ,NYJ,MIA,0,0,0,0,0,0,0,0,0,0,0,0,,,0,,0,0,0,0,0,0,0,0,0,0,,0,0,0,0,0,0,0,0,0,0,0,0,0,0,,0,0,0,0,0,,0,0,0,0,1,0,1,0,0,0,0,0,0,0,0,0,0,0,0,0,0,0,0,0,0,0,0,0,0,0,0,0,0,0,0,0,0,0,0,0,0,0,0,0,0,,,0,0,0,0,0,0,0,0,0,0,0,0,,,,0,0,0,0,0,0,0,,0,0,0,0,0,0,0,,0,0,0,0,0,0,0,0,0,0,0,0
00-0036912,D.Smith,DeVonta Smith,WR,WR,"https://static.www.nfl.com/image/upload/f_auto,q_auto/league/k724kq3hyv7jc0y9s03x",2025,14,REG,2025_14_PHI_LAC,PHI,LAC,0,0,0,0,0,0,0,0,0,0,0,0,,,0,,0,0,0,0,0,0,0,0,0,0,,0,0,0,0,0,4,8,37,0,0,0,69,22,1,-4.67746124220864,0,1,1,1,0,0.536231884057971,0.210526315789474,0.169117647058824,0.434171826625387,0,0,0,0,0,0,0,0,0,0,0,0,0,0,0,0,0,0,0,0,0,0,0,0,0,0,0,0,0,0,0,0,0,0,0,0,0,0,0,0,0,0,,,0,0,0,0,0,0,0,0,0,0,0,0,,,,0,0,0,0,0,0,0,,0,0,0,0,0,0,0,,0,0,0,0,0,0,0,0,0,0,3.7,7.7
00-0036914,G.Rousseau,Greg Rousseau,LB,LB,"https://static.www.nfl.com/image/upload/f_auto,q_auto/league/bezzackpgrvijtqh6hta",2025,14,REG,2025_14_CIN_BUF,BUF,CIN,0,0,0,0,0,0,0,0,0,0,0,0,,,0,,0,0,0,0,0,0,0,0,0,0,,0,0,0,0,0,0,0,0,0,0,0,0,0,0,,0,0,0,0,0,,0,0,0,0,0,0,1,0,0,0,0,0,1,0,0,0,0,0,0,0,0,0,0,0,0,0,0,0,0,0,0,0,0,0,0,0,0,0,0,0,0,0,0,0,0,,,0,0,0,0,0,0,0,0,0,0,0,0,,,,0,0,0,0,0,0,0,,0,0,0,0,0,0,0,,0,0,0,0,0,0,0,0,0,0,0,0
00-0036919,K.Gainwell,Kenny Gainwell,RB,RB,"https://static.www.nfl.com/image/upload/f_auto,q_auto/league/eo62l8ec8e3lzt86ihth",2025,14,REG,2025_14_PIT_BAL,PIT,BAL,0,0,0,0,0,0,0,0,0,0,0,0,,,0,,0,0,0,0,4,15,1,0,0,2,2.37972208909923,0,0,0,0,0,6,7,27,0,0,0,-1,38,1,-0.223841851546659,0,0,0,0,0,-27,0.212121212121212,-0.00471698113207547,0.314879931389365,0,0,0,0,0,0,0,0,0,0,0,0,0,0,0,0,0,0,0,0,0,0,0,0,0,0,0,0,0,0,0,0,0,0,0,0,3,69,0,0,0,0,,,0,0,0,0,0,0,0,0,0,0,0,0,,,,0,0,0,0,0,0,0,,0,0,0,0,0,0,0,,0,0,0,0,0,0,0,0,0,0,10.2,16.2
00-0036924,M.Carter,Michael Carter,RB,RB,"https://static.www.nfl.com/image/upload/f_auto,q_auto/league/cwqrxzouk4gkhfziyqre",2025,14,REG,2025_14_LA_ARI,ARI,LA,0,0,0,0,0,0,0,0,0,0,0,0,,,0,,0,0,0,0,3,13,0,0,0,0,-0.313116201141384,0,0,0,0,0,2,4,18,0,0,0,18,20,1,-2.90946211025585,0,1,0,0,0,1,0.0909090909090909,0.0511363636363636,0.172159090909091,0,0,0,0,0,0,0,0,0,0,0,0,0,0,0,0,0,0,0,0,0,0,0,0,0,0,0,0,0,0,0,0,0,0,0,0,0,0,0,0,0,0,,,0,0,0,0,0,0,0,0,0,0,0,0,,,,0,0,0,0,0,0,0,,0,0,0,0,0,0,0,,0,0,0,0,0,0,0,0,0,0,3.1,5.1
00-0036927,P.Werner,Pete Werner,LB,LB,"https://static.www.nfl.com/image/upload/f_auto,q_auto/league/uhwx126ajhgmovxxlphm",2025,14,REG,2025_14_NO_TB,NO,TB,0,0,0,0,0,0,0,0,0,0,0,0,,,0,,0,0,0,0,0,0,0,0,0,0,,0,0,0,0,0,0,0,0,0,0,0,0,0,0,,0,0,0,0,0,,0,0,0,0,2,0,1,0,0,0,0,0,0,0,0,1,0,0,0,0,0,0,0,0,0,0,0,0,0,0,0,0,0,0,0,0,0,0,0,0,0,0,0,0,0,,,0,0,0,0,0,0,0,0,0,0,0,0,,,,0,0,0,0,0,0,0,,0,0,0,0,0,0,0,,0,0,0,0,0,0,0,0,0,0,0,0
00-0036932,M.Parsons,Micah Parsons,LB,LB,"https://static.www.nfl.com/image/upload/f_auto,q_auto/league/euivq1hqslszdxjo9xyr",2025,14,REG,2025_14_CHI_GB,GB,CHI,0,0,0,0,0,0,0,0,0,0,0,0,,,0,,0,0,0,0,0,0,0,0,0,0,,0,0,0,0,0,0,0,0,0,0,0,0,0,0,,0,0,0,0,0,,0,0,0,0,0,0,1,0,0,0,0,0,2,0,0,0,0,0,0,0,0,0,0,0,0,0,0,0,0,0,0,0,0,0,0,0,0,0,0,0,0,0,0,0,0,,,0,0,0,0,0,0,0,0,0,0,0,0,,,,0,0,0,0,0,0,0,,0,0,0,0,0,0,0,,0,0,0,0,0,0,0,0,0,0,0,0
00-0036933,Z.Collins,Zaven Collins,LB,LB,"https://static.www.nfl.com/image/upload/f_auto,q_auto/league/jmd2hu4swlzcpuqsln69",2025,14,REG,2025_14_LA_ARI,ARI,LA,0,0,0,0,0,0,0,0,0,0,0,0,,,0,,0,0,0,0,0,0,0,0,0,0,,0,0,0,0,0,0,0,0,0,0,0,0,0,0,,0,0,0,0,0,,0,0,0,0,2,0,0,0,0,0,0,0,0,0,0,0,0,0,0,0,0,0,0,0,0,0,0,0,0,0,0,0,0,0,0,0,0,0,0,0,0,0,0,0,0,,,0,0,0,0,0,0,0,0,0,0,0,0,,,,0,0,0,0,0,0,0,,0,0,0,0,0,0,0,,0,0,0,0,0,0,0,0,0,0,0,0
00-0036934,J.Phillips,Jaelan Phillips,LB,LB,"https://static.www.nfl.com/image/upload/f_auto,q_auto/league/mgufa4byoe8onfjsuiq1",2025,14,REG,2025_14_PHI_LAC,PHI,LAC,0,0,0,0,0,0,0,0,0,0,0,0,,,0,,0,0,0,0,0,0,0,0,0,0,,0,0,0,0,0,0,0,0,0,0,0,0,0,0,,0,0,0,0,0,,0,0,0,0,2,0,4,1,1,0,0,0,0,0,0,1,0,0,0,0,0,0,0,0,0,0,0,0,0,0,0,0,0,0,0,0,0,0,0,0,0,0,0,0,0,,,0,0,0,0,0,0,0,0,0,0,0,0,,,,0,0,0,0,0,0,0,,0,0,0,0,0,0,0,,0,0,0,0,0,0,0,0,0,0,0,0
00-0036940,O.Oweh,Odafe Oweh,LB,LB,"https://static.www.nfl.com/image/upload/f_auto,q_auto/league/lxeaoe3u7srngnwlyyon",2025,14,REG,2025_14_PHI_LAC,LAC,PHI,0,0,0,0,0,0,0,0,0,0,0,0,,,0,,0,0,0,0,0,0,0,0,0,0,,0,0,0,0,0,0,0,0,0,0,0,0,0,0,,0,0,0,0,0,,0,0,0,0,2,0,0,1,9,0,1,9,2,0,0,0,0,0,0,0,0,0,0,0,0,0,0,0,0,0,1,5,0,0,0,0,0,0,0,0,0,0,0,0,0,,,0,0,0,0,0,0,0,0,0,0,0,0,,,,0,0,0,0,0,0,0,,0,0,0,0,0,0,0,,0,0,0,0,0,0,0,0,0,0,0,0
00-0036942,O.Odighizuwa,Osa Odighizuwa,DT,DL,"https://static.www.nfl.com/image/upload/f_auto,q_auto/league/qselmahxlopzx8spnchw",2025,14,REG,2025_14_DAL_DET,DAL,DET,0,0,0,0,0,0,0,0,0,0,0,0,,,0,,0,0,0,0,0,0,0,0,0,0,,0,0,0,0,0,0,0,0,0,0,0,0,0,0,,0,0,0,0,0,,0,0,0,0,1,0,0,1,2,0,0,0,3,0,0,0,0,0,0,0,0,0,0,0,0,0,0,0,0,0,0,0,0,0,0,0,0,0,0,0,0,0,0,0,0,,,0,0,0,0,0,0,0,0,0,0,0,0,,,,0,0,0,0,0,0,0,,0,0,0,0,0,0,0,,0,0,0,0,0,0,0,0,0,0,0,0
00-0036952,J.Cooper,Jonathon Cooper,LB,LB,"https://static.www.nfl.com/image/upload/f_auto,q_auto/league/rzjdnsaz0sfs9v4xetov",2025,14,REG,2025_14_DEN_LV,DEN,LV,0,0,0,0,0,0,0,0,0,0,0,0,,,0,,0,0,0,0,0,0,0,0,0,0,,0,0,0,0,0,0,0,0,0,0,0,0,0,0,,0,0,0,0,0,,0,0,0,0,2,0,0,0,0,0,0,0,0,0,0,0,0,0,0,0,0,0,0,0,0,0,0,0,0,0,0,0,0,0,0,0,0,0,0,0,0,0,0,0,0,,,0,0,0,0,0,0,0,0,0,0,0,0,,,,0,0,0,0,0,0,0,,0,0,0,0,0,0,0,,0,0,0,0,0,0,0,0,0,0,0,0
00-0036956,D.Hall,Darren Hall,CB,DB,"https://static.www.nfl.com/image/upload/f_auto,q_auto/league/hc9vwsdsfelwxfxxeasb",2025,14,REG,2025_14_LA_ARI,ARI,LA,0,0,0,0,0,0,0,0,0,0,0,0,,,0,,0,0,0,0,0,0,0,0,0,0,,0,0,0,0,0,0,0,0,0,0,0,0,0,0,,0,0,0,0,0,,0,0,0,0,1,0,2,0,0,0,0,0,0,0,0,0,0,0,0,0,0,0,0,0,0,0,0,0,0,0,0,0,0,0,0,0,0,0,0,0,0,0,0,0,0,,,0,0,0,0,0,0,0,0,0,0,0,0,,,,0,0,0,0,0,0,0,,0,0,0,0,0,0,0,,0,0,0,0,0,0,0,0,0,0,0,0
00-0036963,A.St. Brown,Amon-Ra St. Brown,WR,WR,"https://static.www.nfl.com/image/upload/f_auto,q_auto/league/fd8nwhm6pvxfyzphzl6i",2025,14,REG,2025_14_DAL_DET,DET,DAL,0,0,0,0,0,0,0,0,0,0,0,0,,,0,,0,0,0,0,0,0,0,0,0,0,,0,0,0,0,0,6,9,92,0,0,0,62,52,2,2.31980324111623,0,2,2,2,0,1.48387096774194,0.290322580645161,0.270742358078603,0.625003521622764,0,0,0,0,0,0,0,0,0,0,0,0,0,0,0,0,0,0,0,0,0,0,0,0,0,0,0,0,0,0,0,0,0,0,0,0,0,0,0,0,0,0,,,0,0,0,0,0,0,0,0,0,0,0,0,,,,0,0,0,0,0,0,0,,0,0,0,0,0,0,0,,0,0,0,0,0,0,0,0,0,0,9.2,15.2
00-0036964,D.Barnes,Derrick Barnes,LB,LB,"https://static.www.nfl.com/image/upload/f_auto,q_auto/league/bh66oqiavycebvryiy96",2025,14,REG,2025_14_DAL_DET,DET,DAL,0,0,0,0,0,0,0,0,0,0,0,0,,,0,,0,0,0,0,0,0,0,0,0,0,,0,0,0,0,0,0,0,0,0,0,0,0,0,0,,0,0,0,0,0,,0,0,0,0,2,0,0,1,5,0,0,0,0,1,23,1,0,0,0,0,0,0,0,0,0,0,0,0,0,0,0,0,0,0,0,0,0,0,0,0,0,0,0,0,0,,,0,0,0,0,0,0,0,0,0,0,0,0,,,,0,0,0,0,0,0,0,,0,0,0,0,0,0,0,,0,0,0,0,0,0,0,0,0,0,0,0
00-0036970,K.Pitts,Kyle Pitts,TE,TE,"https://static.www.nfl.com/image/upload/f_auto,q_auto/league/xczipzxvytnmvgznhhb4",2025,14,REG,2025_14_SEA_ATL,ATL,SEA,0,0,0,0,0,0,0,0,0,0,0,0,,,0,,0,0,0,0,0,0,0,0,0,0,,0,0,0,0,0,6,10,90,0,0,0,104,32,3,-0.02895898803783,0,3,3,3,0,0.865384615384615,0.357142857142857,0.509803921568627,0.892577030812325,0,1,0,0,0,0,0,0,0,0,0,0,0,0,0,0,0,0,0,0,0,0,0,0,0,0,0,0,0,0,0,0,0,0,0,0,0,0,0,0,0,0,,,0,0,0,0,0,0,0,0,0,0,0,0,,,,0,0,0,0,0,0,0,,0,0,0,0,0,0,0,,0,0,0,0,0,0,0,0,0,0,9,15
00-0036971,T.Lawrence,Trevor Lawrence,QB,QB,"https://static.www.nfl.com/image/upload/f_auto,q_auto/league/k9uzdernqkx7oquy7dkg",2025,14,REG,2025_14_IND_JAX,JAX,IND,17,30,244,2,0,0,0,0,0,335,78,10,11.4468175143292,-4.10431812206904,0,0.728358208955224,8,6,4,0,4,16,0,0,0,3,4.68459338514367,0,0,0,0,0,0,0,0,0,0,0,0,0,0,,0,0,0,0,0,,0,0,0,0,0,0,0,0,0,0,0,0,0,0,0,0,0,0,0,0,0,0,0,0,0,0,0,0,0,0,0,0,0,0,0,0,0,0,0,0,0,0,0,0,0,,,0,0,0,0,0,0,0,0,0,0,0,0,,,,0,0,0,0,0,0,0,,0,0,0,0,0,0,0,,0,0,0,0,0,0,0,0,0,0,19.36,19.36
00-0036973,T.Etienne,Travis Etienne,RB,RB,"https://static.www.nfl.com/image/upload/f_auto,q_auto/league/pwko5dybmjie8qqo4qz2",2025,14,REG,2025_14_IND_JAX,JAX,IND,0,0,0,0,0,0,0,0,0,0,0,0,,,0,,0,0,0,0,20,74,2,0,0,3,-6.15700461703818,0,2,1,1,0,1,1,8,0,0,0,-5,13,0,0.309235256048851,0,0,0,0,0,-1.6,0.032258064516129,-0.015015015015015,0.037876586263683,0,0,0,0,0,0,0,0,0,0,0,0,0,0,0,0,0,0,0,0,0,0,0,0,0,0,0,0,0,0,0,0,0,0,0,0,0,0,0,0,0,0,,,0,0,0,0,0,0,0,0,0,0,0,0,,,,0,0,0,0,0,0,0,,0,0,0,0,0,0,0,,0,0,0,0,0,0,0,0,0,0,20.2,21.2
00-0036974,T.Campbell,Tyson Campbell,CB,DB,"https://static.www.nfl.com/image/upload/f_auto,q_auto/league/qhtmkkoqakioplm2vfrw",2025,14,REG,2025_14_TEN_CLE,CLE,TEN,0,0,0,0,0,0,0,0,0,0,0,0,,,0,,0,0,0,0,0,0,0,0,0,0,,0,0,0,0,0,0,0,0,0,0,0,0,0,0,,0,0,0,0,0,,0,0,0,0,2,0,1,0,0,0,0,0,0,0,0,1,0,0,0,0,0,0,0,0,0,0,0,0,0,0,0,0,0,0,0,0,0,0,0,0,0,0,0,0,0,,,0,0,0,0,0,0,0,0,0,0,0,0,,,,0,0,0,0,0,0,0,,0,0,0,0,0,0,0,,0,0,0,0,0,0,0,0,0,0,0,0
00-0036986,N.Wright,Nahshon Wright,CB,DB,"https://static.www.nfl.com/image/upload/f_auto,q_auto/league/pma5y3ixotctzzyqxygd",2025,14,REG,2025_14_CHI_GB,CHI,GB,0,0,0,0,0,0,0,0,0,0,0,0,,,0,,0,0,0,0,0,0,0,0,0,0,,0,0,0,0,0,0,0,0,0,0,0,0,0,0,,0,0,0,0,0,,0,0,0,0,1,0,1,0,0,0,0,0,0,0,0,0,0,0,0,0,0,0,0,0,0,0,0,0,0,0,0,0,0,0,0,0,0,0,0,0,0,0,0,0,0,,,0,0,0,0,0,0,0,0,0,0,0,0,,,,0,0,0,0,0,0,0,,0,0,0,0,0,0,0,,0,0,0,0,0,0,0,0,0,0,0,0
00-0036987,B.Stephens,Brandon Stephens,CB,DB,"https://static.www.nfl.com/image/upload/f_auto,q_auto/league/t0nxkzyr4wnpanuxjxhg",2025,14,REG,2025_14_MIA_NYJ,NYJ,MIA,0,0,0,0,0,0,0,0,0,0,0,0,,,0,,0,0,0,0,0,0,0,0,0,0,,0,0,0,0,0,0,0,0,0,0,0,0,0,0,,0,0,0,0,0,,0,0,0,0,1,0,1,0,0,0,0,0,0,0,0,0,0,0,0,0,0,0,0,0,0,0,0,0,0,0,0,0,0,0,0,0,0,0,0,0,0,0,0,0,0,,,0,0,0,0,0,0,0,0,0,0,0,0,,,,0,0,0,0,0,0,0,,0,0,0,0,0,0,0,,0,0,0,0,0,0,0,0,0,0,0,0
00-0036989,M.Koonce,Malcolm Koonce,DE,DL,"https://static.www.nfl.com/image/upload/f_auto,q_auto/league/cujkqhjibrywjodwgfyp",2025,14,REG,2025_14_DEN_LV,LV,DEN,0,0,0,0,0,0,0,0,0,0,0,0,,,0,,0,0,0,0,0,0,0,0,0,0,,0,0,0,0,0,0,0,0,0,0,0,0,0,0,,0,0,0,0,0,,0,0,0,0,0,0,1,0,0,0,0,0,1,0,0,0,0,0,0,0,0,0,0,0,0,0,0,0,0,0,0,0,0,0,0,0,0,0,0,0,0,0,0,0,0,,,0,0,0,0,0,0,0,0,0,0,0,0,,,,0,0,0,0,0,0,0,,0,0,0,0,0,0,0,,0,0,0,0,0,0,0,0,0,0,0,0
00-0036990,D.Deablo,Divine Deablo,LB,LB,"https://static.www.nfl.com/image/upload/f_auto,q_auto/league/epymgfknvbi0vbygiv4j",2025,14,REG,2025_14_SEA_ATL,ATL,SEA,0,0,0,0,0,0,0,0,0,0,0,0,,,0,,0,0,0,0,0,0,0,0,0,0,,0,0,0,0,0,0,0,0,0,0,0,0,0,0,,0,0,0,0,0,,0,0,0,0,3,1,2,1,2,0,0,0,0,0,0,0,0,0,0,0,0,0,0,0,0,0,0,0,0,0,0,0,0,0,0,0,0,0,0,0,0,0,0,0,0,,,0,0,0,0,0,0,0,0,0,0,0,0,,,,0,0,0,0,0,0,0,,0,0,0,0,0,0,0,,0,0,0,0,0,0,0,0,0,0,0,0
00-0036992,E.Molden,Elijah Molden,CB,DB,"https://static.www.nfl.com/image/upload/f_auto,q_auto/league/hz9saur2at7u0n9nl9ly",2025,14,REG,2025_14_PHI_LAC,LAC,PHI,0,0,0,0,0,0,0,0,0,0,0,0,,,0,,0,0,0,0,0,0,0,0,0,0,,0,0,0,0,0,0,0,0,0,0,0,0,0,0,,0,0,0,0,0,,0,0,0,0,2,0,2,0,0,0,0,0,0,0,0,0,0,0,0,0,0,0,0,0,0,0,0,0,0,0,0,0,0,0,0,0,0,0,0,0,0,0,0,0,0,,,0,0,0,0,0,0,0,0,0,0,0,0,,,,0,0,0,0,0,0,0,,0,0,0,0,0,0,0,,0,0,0,0,0,0,0,0,0,0,0,0
00-0036993,I.Melifonwu,Ifeatu Melifonwu,SAF,DB,"https://static.www.nfl.com/image/upload/f_auto,q_auto/league/ftt7jc1nr0hmf1xmzyh2",2025,14,REG,2025_14_MIA_NYJ,MIA,NYJ,0,0,0,0,0,0,0,0,0,0,0,0,,,0,,0,0,0,0,0,0,0,0,0,0,,0,0,0,0,0,0,0,0,0,0,0,0,0,0,,0,0,0,0,0,,0,0,0,0,3,0,0,1,13,0,1,13,1,0,0,0,0,0,0,0,0,0,0,0,0,0,0,0,0,0,0,0,0,0,0,0,0,0,0,0,0,0,0,0,0,,,0,0,0,0,0,0,0,0,0,0,0,0,,,,0,0,0,0,0,0,0,,0,0,0,0,0,0,0,,0,0,0,0,0,0,0,0,0,0,0,0
00-0036994,E.Jones,Ernest Jones,LB,LB,"https://static.www.nfl.com/image/upload/f_auto,q_auto/league/zn0pz6okty7vbj5ryryt",2025,14,REG,2025_14_SEA_ATL,SEA,ATL,0,0,0,0,0,0,0,0,0,0,0,0,,,0,,0,0,0,0,0,0,0,0,0,0,,0,0,0,0,0,0,0,0,0,0,0,0,0,0,,0,0,0,0,0,,0,0,0,0,5,0,6,0,0,0,0,0,0,0,0,0,0,0,0,0,0,0,0,0,0,0,0,0,0,0,0,0,0,0,0,0,0,0,0,0,0,0,0,0,0,,,0,0,0,0,0,0,0,0,0,0,0,0,,,,0,0,0,0,0,0,0,,0,0,0,0,0,0,0,,0,0,0,0,0,0,0,0,0,0,0,0
00-0036995,B.Browning,Baron Browning,LB,LB,"https://static.www.nfl.com/image/upload/f_auto,q_auto/league/wc0wkbhogzdxgaik9fh5",2025,14,REG,2025_14_LA_ARI,ARI,LA,0,0,0,0,0,0,0,0,0,0,0,0,,,0,,0,0,0,0,0,0,0,0,0,0,,0,0,0,0,0,0,0,0,0,0,0,0,0,0,,0,0,0,0,0,,0,0,0,0,1,0,5,0,0,0,0,0,0,0,0,0,0,0,0,0,0,0,0,0,0,0,0,0,0,0,0,0,0,0,0,0,0,0,0,0,0,0,0,0,0,,,0,0,0,0,0,0,0,0,0,0,0,0,,,,0,0,0,0,0,0,0,,0,0,0,0,0,0,0,,0,0,0,0,0,0,0,0,0,0,0,0
00-0036996,G.Newsome,Greg Newsome II,CB,DB,"https://static.www.nfl.com/image/upload/f_auto,q_auto/league/zyfy3onrys9i6ounvai8",2025,14,REG,2025_14_IND_JAX,JAX,IND,0,0,0,0,0,0,0,0,0,0,0,0,,,0,,0,0,0,0,0,0,0,0,0,0,,0,0,0,0,0,0,0,0,0,0,0,0,0,0,,0,0,0,0,0,,0,0,0,0,5,0,0,0,0,0,0,0,0,1,0,2,0,0,0,0,0,0,0,0,0,0,0,0,0,0,0,0,0,0,0,0,0,0,0,0,0,0,0,0,0,,,0,0,0,0,0,0,0,0,0,0,0,0,,,,0,0,0,0,0,0,0,,0,0,0,0,0,0,0,,0,0,0,0,0,0,0,0,0,0,0,0
00-0036997,J.Williams,Javonte Williams,RB,RB,"https://static.www.nfl.com/image/upload/f_auto,q_auto/league/xvwroirev2kie6oiphtz",2025,14,REG,2025_14_DAL_DET,DAL,DET,0,0,0,0,0,0,0,0,0,0,0,0,,,0,,0,0,0,0,17,67,1,0,0,5,0.601474099559709,0,2,0,0,0,2,4,0,0,0,0,-4,10,0,-2.86187904002145,0,0,0,0,0,0,0.0851063829787234,-0.00804828973843059,0.122025771651184,0,0,0,0,0,0,0,0,0,0,0,0,0,0,0,0,0,0,0,0,0,0,0,0,0,0,0,0,0,0,0,0,0,0,0,0,0,0,0,0,0,0,,,0,0,0,0,0,0,0,0,0,0,0,0,,,,0,0,0,0,0,0,0,,0,0,0,0,0,0,0,,0,0,0,0,0,0,0,0,0,0,12.7,14.7
00-0037013,Z.Wilson,Zach Wilson,QB,QB,"https://static.www.nfl.com/image/upload/f_auto,q_auto/league/i17xpbsar7evcypbhtel",2025,14,REG,2025_14_MIA_NYJ,MIA,NYJ,0,0,0,0,0,0,0,0,0,0,0,0,,,0,,0,0,0,0,2,-2,0,0,0,0,0,0,0,0,0,0,0,0,0,0,0,0,0,0,0,,0,0,0,0,0,,0,0,0,0,0,0,0,0,0,0,0,0,0,0,0,0,0,0,0,0,0,0,0,0,0,0,0,0,0,0,0,0,0,0,0,0,0,0,0,0,0,0,0,0,0,,,0,0,0,0,0,0,0,0,0,0,0,0,,,,0,0,0,0,0,0,0,,0,0,0,0,0,0,0,,0,0,0,0,0,0,0,0,0,0,-0.2,-0.2
00-0037034,D.Alford,Dee Alford,CB,DB,"https://static.www.nfl.com/image/upload/f_auto,q_auto/league/mgi0d5fd1huslr3kfqg1",2025,14,REG,2025_14_SEA_ATL,ATL,SEA,0,0,0,0,0,0,0,0,0,0,0,0,,,0,,0,0,0,0,0,0,0,0,0,0,,0,0,0,0,0,0,0,0,0,0,0,0,0,0,,0,0,0,0,0,,0,0,0,0,5,0,0,1,1,0,0,0,1,0,0,0,0,0,0,0,0,0,0,0,0,0,0,0,0,0,0,0,0,0,0,0,0,0,0,0,0,0,0,0,0,,,0,0,0,0,0,0,0,0,0,0,0,0,,,,0,0,0,0,0,0,0,,0,0,0,0,0,0,0,,0,0,0,0,0,0,0,0,0,0,0,0
00-0037041,H.Ndubuisi,Haggai Ndubuisi,DT,DL,"https://static.www.nfl.com/image/upload/f_auto,q_auto/league/jalumajq4tyslz16v8j0",2025,14,REG,2025_14_HOU_KC,HOU,KC,0,0,0,0,0,0,0,0,0,0,0,0,,,0,,0,0,0,0,0,0,0,0,0,0,,0,0,0,0,0,0,0,0,0,0,0,0,0,0,,0,0,0,0,0,,0,0,0,0,0,0,1,0,0,0,0,0,0,0,0,0,0,0,0,0,0,0,0,0,0,0,0,0,0,0,0,0,0,0,0,0,0,0,0,0,0,0,0,0,0,,,0,0,0,0,0,0,0,0,0,0,0,0,,,,0,0,0,0,0,0,0,,0,0,0,0,0,0,0,,0,0,0,0,0,0,0,0,0,0,0,0
00-0037051,E.Garcia,Elijah Garcia,DE,DL,"https://static.www.nfl.com/image/upload/f_auto,q_auto/league/mdhtfrrfmfeop2secu2c",2025,14,REG,2025_14_SEA_ATL,ATL,SEA,0,0,0,0,0,0,0,0,0,0,0,0,,,0,,0,0,0,0,0,0,0,0,0,0,,0,0,0,0,0,0,0,0,0,0,0,0,0,0,,0,0,0,0,0,,0,0,0,0,0,0,2,0,0,0,0,0,0,0,0,0,0,0,0,0,0,0,0,0,0,0,0,0,0,0,0,0,0,0,0,0,0,0,0,0,0,0,0,0,0,,,0,0,0,0,0,0,0,0,0,0,0,0,,,,0,0,0,0,0,0,0,,0,0,0,0,0,0,0,,0,0,0,0,0,0,0,0,0,0,0,0
00-0037073,J.Davis,Jordan Davis,DT,DL,"https://static.www.nfl.com/image/upload/f_auto,q_auto/league/zkvksjepfrmpdwdph1ps",2025,14,REG,2025_14_PHI_LAC,PHI,LAC,0,0,0,0,0,0,0,0,0,0,0,0,,,0,,0,0,0,0,0,0,0,0,0,0,,0,0,0,0,0,0,0,0,0,0,0,0,0,0,,0,0,0,0,0,,0,0,0,0,3,0,3,2,11,0,1.5,11.5,2,0,0,0,0,0,0,0,0,0,0,0,0,0,0,0,0,0,0,0,0,0,0,0,0,0,0,0,0,0,0,0,0,,,0,0,0,0,0,0,0,0,0,0,0,0,,,,0,0,0,0,0,0,0,,0,0,0,0,0,0,0,,0,0,0,0,0,0,0,0,0,0,0,0
00-0037074,Q.Walker,Quay Walker,LB,LB,"https://static.www.nfl.com/image/upload/f_auto,q_auto/league/bqhumgranhitojob30mp",2025,14,REG,2025_14_CHI_GB,GB,CHI,0,0,0,0,0,0,0,0,0,0,0,0,,,0,,0,0,0,0,0,0,0,0,0,0,,0,0,0,0,0,0,0,0,0,0,0,0,0,0,,0,0,0,0,0,,0,0,0,0,3,0,6,0,0,0,0,0,0,0,0,0,0,0,0,0,0,0,0,0,0,0,0,0,0,0,0,0,0,0,0,0,0,0,0,0,0,0,0,0,0,,,0,0,0,0,0,0,0,0,0,0,0,0,,,,0,0,0,0,0,0,0,,0,0,0,0,0,0,0,,0,0,0,0,0,0,0,0,0,0,0,0
00-0037079,T.Woolen,Riq Woolen,CB,DB,"https://static.www.nfl.com/image/upload/f_auto,q_auto/league/aodr0vp93fzhdsff9fzj",2025,14,REG,2025_14_SEA_ATL,SEA,ATL,0,0,0,0,0,0,0,0,0,0,0,0,,,0,,0,0,0,0,0,0,0,0,0,0,,0,0,0,0,0,0,0,0,0,0,0,0,0,0,,0,0,0,0,0,,0,0,0,0,4,0,1,0,0,0,0,0,1,0,0,2,0,0,0,0,0,0,0,0,0,0,0,0,0,0,1,15,0,0,0,0,0,0,0,0,0,0,0,0,0,,,0,0,0,0,0,0,0,0,0,0,0,0,,,,0,0,0,0,0,0,0,,0,0,0,0,0,0,0,,0,0,0,0,0,0,0,0,0,0,0,0
00-0037083,K.Enagbare,Kingsley Enagbare,LB,LB,"https://static.www.nfl.com/image/upload/f_auto,q_auto/league/rvftdj3wurrbmoaikpxd",2025,14,REG,2025_14_CHI_GB,GB,CHI,0,0,0,0,0,0,0,0,0,0,0,0,,,0,,0,0,0,0,0,0,0,0,0,0,,0,0,0,0,0,0,0,0,0,0,0,0,0,0,,0,0,0,0,0,,0,0,0,0,4,0,0,1,9,0,1,9,1,0,0,0,0,0,0,0,0,0,0,0,0,0,0,0,0,0,0,0,0,0,0,0,0,0,0,0,0,0,0,0,0,,,0,0,0,0,0,0,0,0,0,0,0,0,,,,0,0,0,0,0,0,0,,0,0,0,0,0,0,0,,0,0,0,0,0,0,0,0,0,0,0,0
00-0037085,T.Badie,Tyler Badie,RB,RB,"https://static.www.nfl.com/image/upload/f_auto,q_auto/league/ghhul5piv9vzeih6atsj",2025,14,REG,2025_14_DEN_LV,DEN,LV,0,0,0,0,0,0,0,0,0,0,0,0,,,0,,0,0,0,0,4,16,0,0,0,1,-0.334150501061231,0,0,0,0,0,1,1,5,0,0,0,-4,9,0,0.0208113887347281,0,0,0,0,0,-1.25,0.0277777777777778,-0.0185185185185185,0.0287037037037037,0,0,0,0,0,0,0,0,0,0,0,0,0,0,0,0,0,0,0,0,0,0,0,0,0,0,0,0,0,0,0,0,0,0,0,0,0,0,0,0,0,0,,,0,0,0,0,0,0,0,0,0,0,0,0,,,,0,0,0,0,0,0,0,,0,0,0,0,0,0,0,,0,0,0,0,0,0,0,0,0,0,2.1,3.1
00-0037091,B.Melton,Bo Melton,WR,WR,"https://static.www.nfl.com/image/upload/f_auto,q_auto/league/d7hxvsyeufobjykcxhls",2025,14,REG,2025_14_CHI_GB,GB,CHI,0,0,0,0,0,0,0,0,0,0,0,0,,,0,,0,0,0,0,0,0,0,0,0,0,,0,0,0,0,0,1,2,45,1,0,0,75,1,1,3.80955015390646,0,1,1,1,1,0.6,0.0869565217391304,0.241157556270096,0.299245071997763,0,0,0,0,0,0,0,0,0,0,0,0,0,0,0,0,0,0,0,0,0,0,0,0,0,0,0,1,10,0,0,0,0,0,0,0,1,30,0,0,0,0,,,0,0,0,0,0,0,0,0,0,0,0,0,,,,0,0,0,0,0,0,0,,0,0,0,0,0,0,0,,0,0,0,0,0,0,0,0,0,0,10.5,11.5
00-0037106,J.Jones,Jaylon Jones,DB,DB,"https://static.www.nfl.com/image/upload/f_auto,q_auto/league/wdcshvjrfqw2ocj3vtvj",2025,14,REG,2025_14_CHI_GB,CHI,GB,0,0,0,0,0,0,0,0,0,0,0,0,,,0,,0,0,0,0,0,0,0,0,0,0,,0,0,0,0,0,0,0,0,0,0,0,0,0,0,,0,0,0,0,0,,0,0,0,0,0,0,1,0,0,0,0,0,0,0,0,0,0,0,0,0,0,0,0,0,0,0,0,0,0,0,0,0,0,0,0,0,0,0,0,0,0,0,0,0,0,,,0,0,0,0,0,0,0,0,0,0,0,0,,,,0,0,0,0,0,0,0,,0,0,0,0,0,0,0,,0,0,0,0,0,0,0,0,0,0,0,0
00-0037129,J.Blackwell,Josh Blackwell,CB,DB,"https://static.www.nfl.com/image/upload/f_auto,q_auto/league/w95cwi511mgmeimkgzyg",2025,14,REG,2025_14_CHI_GB,CHI,GB,0,0,0,0,0,0,0,0,0,0,0,0,,,0,,0,0,0,0,0,0,0,0,0,0,,0,0,0,0,0,0,0,0,0,0,0,0,0,0,,0,0,0,0,0,,0,0,0,0,0,0,1,0,0,0,0,0,0,0,0,0,0,0,0,0,0,0,0,0,0,1,0,0,0,0,0,0,1,0,0,1,0,0,0,1,22,0,0,0,0,,,0,0,0,0,0,0,0,0,0,0,0,0,,,,0,0,0,0,0,0,0,,0,0,0,0,0,0,0,,0,0,0,0,0,0,0,0,0,0,0,0
00-0037130,R.Blankenship,Reed Blankenship,SAF,DB,"https://static.www.nfl.com/image/upload/f_auto,q_auto/league/qbrxcx1jmwabwtdwco3o",2025,14,REG,2025_14_PHI_LAC,PHI,LAC,0,0,0,0,0,0,0,0,0,0,0,0,,,0,,0,0,0,0,0,0,0,0,0,0,,0,0,0,0,0,0,0,0,0,0,0,0,0,0,,0,0,0,0,0,,0,0,0,0,6,0,2,1,4,0,0,0,0,0,0,0,0,0,0,0,0,0,0,0,0,0,0,0,0,0,0,0,0,0,0,0,0,0,0,0,0,0,0,0,0,,,0,0,0,0,0,0,0,0,0,0,0,0,,,,0,0,0,0,0,0,0,,0,0,0,0,0,0,0,,0,0,0,0,0,0,0,0,0,0,0,0
00-0037132,B.Covey,Britain Covey,WR,WR,"https://static.www.nfl.com/image/upload/f_auto,q_auto/league/jgvgr3prtme8ua28bfxi",2025,14,REG,2025_14_PHI_LAC,PHI,LAC,0,0,0,0,0,0,0,0,0,0,0,0,,,0,,0,0,0,0,0,0,0,0,0,0,,0,0,0,0,0,0,0,0,0,0,0,0,0,0,,0,0,0,0,0,,0,0,0,0,0,0,0,0,0,0,0,0,0,0,0,0,0,0,0,0,0,0,0,0,0,1,0,0,0,0,0,0,1,0,0,1,0,3,54,4,103,0,0,0,0,,,0,0,0,0,0,0,0,0,0,0,0,0,,,,0,0,0,0,0,0,0,,0,0,0,0,0,0,0,,0,0,0,0,0,0,0,0,0,0,0,0
00-0037137,J.Jobe,Josh Jobe,CB,DB,"https://static.www.nfl.com/image/upload/f_auto,q_auto/league/df0ybhz5czunkbhgdefc",2025,14,REG,2025_14_SEA_ATL,SEA,ATL,0,0,0,0,0,0,0,0,0,0,0,0,,,0,,0,0,0,0,0,0,0,0,0,0,,0,0,0,0,0,0,0,0,0,0,0,0,0,0,,0,0,0,0,0,,0,0,0,0,2,0,1,0,0,0,0,0,0,0,0,1,0,0,0,0,0,0,0,0,0,0,0,0,0,0,1,10,0,0,0,0,0,0,0,0,0,0,0,0,0,,,0,0,0,0,0,0,0,0,0,0,0,0,,,,0,0,0,0,0,0,0,,0,0,0,0,0,0,0,,0,0,0,0,0,0,0,0,0,0,0,0
00-0037157,Z.Knight,Bam Knight,RB,RB,"https://static.www.nfl.com/image/upload/f_auto,q_auto/league/mjxnlzlnnwlfqayeybut",2025,14,REG,2025_14_LA_ARI,ARI,LA,0,0,0,0,0,0,0,0,0,0,0,0,,,0,,0,0,0,0,7,16,0,0,0,1,-1.06507957470603,0,0,0,0,0,3,6,18,0,0,0,20,14,1,-0.698646126780659,0,0,0,0,0,0.9,0.136363636363636,0.0568181818181818,0.244318181818182,0,0,0,0,0,0,0,0,0,0,0,0,0,0,0,0,0,0,0,0,0,0,0,0,0,0,0,0,0,0,0,0,0,0,0,0,0,0,0,0,0,0,,,0,0,0,0,0,0,0,0,0,0,0,0,,,,0,0,0,0,0,0,0,,0,0,0,0,0,0,0,,0,0,0,0,0,0,0,0,0,0,3.4,6.4
00-0037191,T.McDuffie,Trent McDuffie,CB,DB,"https://static.www.nfl.com/image/upload/f_auto,q_auto/league/xaq30zfwnliekwqzoank",2025,14,REG,2025_14_HOU_KC,KC,HOU,0,0,0,0,0,0,0,0,0,0,0,0,,,0,,0,0,0,0,0,0,0,0,0,0,,0,0,0,0,0,0,0,0,0,0,0,0,0,0,,0,0,0,0,0,,0,0,0,0,1,0,0,0,0,0,0,0,0,0,0,0,0,0,0,0,0,0,0,0,0,0,0,0,0,0,0,0,0,0,0,0,0,0,0,0,0,0,0,0,0,,,0,0,0,0,0,0,0,0,0,0,0,0,,,,0,0,0,0,0,0,0,,0,0,0,0,0,0,0,,0,0,0,0,0,0,0,0,0,0,0,0
00-0037192,G.Karlaftis,George Karlaftis,DE,DL,"https://static.www.nfl.com/image/upload/f_auto,q_auto/league/deudgtxl8ofjcz8zpzzi",2025,14,REG,2025_14_HOU_KC,KC,HOU,0,0,0,0,0,0,0,0,0,0,0,0,,,0,,0,0,0,0,0,0,0,0,0,0,,0,0,0,0,0,0,0,0,0,0,0,0,0,0,,0,0,0,0,0,,0,0,0,0,3,0,2,1,11,0,1,11,2,0,0,0,0,0,0,0,0,0,0,0,0,0,0,0,0,0,0,0,0,0,0,0,0,0,0,0,0,0,0,0,0,,,0,0,0,0,0,0,0,0,0,0,0,0,,,,0,0,0,0,0,0,0,,0,0,0,0,0,0,0,,0,0,0,0,0,0,0,0,0,0,0,0
00-0037193,B.Cook,Bryan Cook,SAF,DB,"https://static.www.nfl.com/image/upload/f_auto,q_auto/league/xxpisha7qj3jkovuprcs",2025,14,REG,2025_14_HOU_KC,KC,HOU,0,0,0,0,0,0,0,0,0,0,0,0,,,0,,0,0,0,0,0,0,0,0,0,0,,0,0,0,0,0,0,0,0,0,0,0,0,0,0,,0,0,0,0,0,,0,0,0,0,1,0,4,0,0,0,0,0,0,0,0,0,0,0,0,0,0,0,0,0,0,0,0,0,0,0,0,0,0,0,0,0,0,0,0,0,0,0,0,0,0,,,0,0,0,0,0,0,0,0,0,0,0,0,,,,0,0,0,0,0,0,0,,0,0,0,0,0,0,0,,0,0,0,0,0,0,0,0,0,0,0,0
00-0037195,J.Watson,Jaylen Watson,CB,DB,"https://static.www.nfl.com/image/upload/f_auto,q_auto/league/vxmoq9pwno4z14gldecd",2025,14,REG,2025_14_HOU_KC,KC,HOU,0,0,0,0,0,0,0,0,0,0,0,0,,,0,,0,0,0,0,0,0,0,0,0,0,,0,0,0,0,0,0,0,0,0,0,0,0,0,0,,0,0,0,0,0,,0,0,0,0,2,0,0,0,0,0,0,0,0,0,0,0,0,0,0,0,0,0,0,0,0,0,0,0,0,0,0,0,0,0,0,0,0,0,0,0,0,0,0,0,0,,,0,0,0,0,0,0,0,0,0,0,0,0,,,,0,0,0,0,0,0,0,,0,0,0,0,0,0,0,,0,0,0,0,0,0,0,0,0,0,0,0
00-0037197,I.Pacheco,Isiah Pacheco,RB,RB,"https://static.www.nfl.com/image/upload/f_auto,q_auto/league/hkqb4imkum3vxxkwuetl",2025,14,REG,2025_14_HOU_KC,KC,HOU,0,0,0,0,0,0,0,0,0,0,0,0,,,0,,0,0,0,0,9,30,0,0,0,2,-2.36743802763522,0,0,0,0,0,0,0,0,0,0,0,0,0,0,,0,0,0,0,0,,0,0,0,0,0,0,0,0,0,0,0,0,0,0,0,0,0,0,0,0,0,0,0,0,0,0,0,0,0,0,0,0,0,0,0,0,0,0,0,0,0,0,0,0,0,,,0,0,0,0,0,0,0,0,0,0,0,0,,,,0,0,0,0,0,0,0,,0,0,0,0,0,0,0,,0,0,0,0,0,0,0,0,0,0,3,3
00-0037207,M.Caliendo,Mike Caliendo,G,OL,"https://static.www.nfl.com/image/upload/f_auto,q_auto/league/ayqrrcjh4woocxmc7lgs",2025,14,REG,2025_14_HOU_KC,KC,HOU,0,0,0,0,0,0,0,0,0,0,0,0,,,0,,0,0,0,0,0,0,0,0,0,0,,0,0,0,0,0,0,0,0,0,0,0,0,0,0,,0,0,0,0,0,,0,0,0,0,0,0,0,0,0,0,0,0,0,0,0,0,0,0,0,0,0,0,0,0,0,0,0,0,0,0,1,2,0,0,0,0,0,0,0,0,0,0,0,0,0,,,0,0,0,0,0,0,0,0,0,0,0,0,,,,0,0,0,0,0,0,0,,0,0,0,0,0,0,0,,0,0,0,0,0,0,0,0,0,0,0,0
00-0037208,J.Cochrane,Jack Cochrane,LB,LB,"https://static.www.nfl.com/image/upload/f_auto,q_auto/league/oayygmhoisjcedhuqm23",2025,14,REG,2025_14_HOU_KC,KC,HOU,0,0,0,0,0,0,0,0,0,0,0,0,,,0,,0,0,0,0,0,0,0,0,0,0,,0,0,0,0,0,0,0,0,0,0,0,0,0,0,,0,0,0,0,0,,0,0,0,0,1,0,0,0,0,0,0,0,0,0,0,0,0,0,0,0,0,0,0,0,0,0,0,0,0,0,0,0,0,0,0,0,0,0,0,0,0,0,0,0,0,,,0,0,0,0,0,0,0,0,0,0,0,0,,,,0,0,0,0,0,0,0,,0,0,0,0,0,0,0,,0,0,0,0,0,0,0,0,0,0,0,0
00-0037224,C.Dicker,Cameron Dicker,K,SPEC,"https://static.www.nfl.com/image/upload/f_auto,q_auto/league/fvkop13kntnwv3amucpf",2025,14,REG,2025_14_PHI_LAC,LAC,PHI,0,0,0,0,0,0,0,0,0,0,0,0,,,0,,0,0,0,0,0,0,0,0,0,0,,0,0,0,0,0,0,0,0,0,0,0,0,0,0,,0,0,0,0,0,,0,0,0,0,0,0,0,0,0,0,0,0,0,0,0,0,0,0,0,0,0,0,0,0,0,0,0,0,0,0,0,0,0,0,0,0,0,0,0,0,0,5,5,0,0,54,1,0,0,2,2,1,0,0,0,0,0,0,0,45;34;31;46;54,,,210,0,0,1,1,0,0,1,0,0,0,0,0,0,0,,0,0,0,0,0,0,0,0,0,0,0,0
00-0037228,J.Warren,Jaylen Warren,RB,RB,"https://static.www.nfl.com/image/upload/f_auto,q_auto/league/dkiteytgnxar1mpaxcxv",2025,14,REG,2025_14_PIT_BAL,PIT,BAL,0,0,0,0,0,0,0,0,0,0,0,0,,,0,,0,0,0,0,8,13,0,0,0,0,-2.59452185727423,0,0,0,0,0,3,3,49,1,0,0,-9,58,1,4.89125971728936,0,1,1,1,0,-5.44444444444445,0.0909090909090909,-0.0424528301886792,0.106646655231561,0,0,0,0,0,0,0,0,0,0,0,0,0,0,0,0,0,0,0,0,0,0,0,0,0,0,0,0,0,0,0,0,0,0,0,0,1,19,0,0,0,0,,,0,0,0,0,0,0,0,0,0,0,0,0,,,,0,0,0,0,0,0,0,,0,0,0,0,0,0,0,,0,0,0,0,0,0,0,0,0,0,12.2,15.2
00-0037235,T.Walker,Travon Walker,DE,DL,"https://static.www.nfl.com/image/upload/f_auto,q_auto/league/hqxxsws12bmy1jyw6ocj",2025,14,REG,2025_14_IND_JAX,JAX,IND,0,0,0,0,0,0,0,0,0,0,0,0,,,0,,0,0,0,0,0,0,0,0,0,0,,0,0,0,0,0,0,0,0,0,0,0,0,0,0,,0,0,0,0,0,,0,0,0,0,2,0,4,1,1,0,0,0,0,0,0,0,0,0,0,0,0,0,0,0,0,0,0,0,0,0,0,0,0,0,0,0,0,0,0,0,0,0,0,0,0,,,0,0,0,0,0,0,0,0,0,0,0,0,,,,0,0,0,0,0,0,0,,0,0,0,0,0,0,0,,0,0,0,0,0,0,0,0,0,0,0,0
00-0037236,A.Hutchinson,Aidan Hutchinson,DE,DL,"https://static.www.nfl.com/image/upload/f_auto,q_auto/league/gmeczjok2lmjftb6mfof",2025,14,REG,2025_14_DAL_DET,DET,DAL,0,0,0,0,0,0,0,0,0,0,0,0,,,0,,0,0,0,0,0,0,0,0,0,0,,0,0,0,0,0,0,0,0,0,0,0,0,0,0,,0,0,0,0,0,,0,0,0,0,2,0,1,0,0,0,0,0,1,0,0,0,0,0,0,0,0,0,0,0,0,0,0,0,0,0,0,0,0,0,0,0,0,0,0,0,0,0,0,0,0,,,0,0,0,0,0,0,0,0,0,0,0,0,,,,0,0,0,0,0,0,0,,0,0,0,0,0,0,0,,0,0,0,0,0,0,0,0,0,0,0,0
00-0037237,D.Stingley,Derek Stingley Jr.,CB,DB,"https://static.www.nfl.com/image/upload/f_auto,q_auto/league/wkzinciyrrmsqdlda8lj",2025,14,REG,2025_14_HOU_KC,HOU,KC,0,0,0,0,0,0,0,0,0,0,0,0,,,0,,0,0,0,0,0,0,0,0,0,0,,0,0,0,0,0,0,0,0,0,0,0,0,0,0,,0,0,0,0,0,,0,0,0,0,2,0,0,0,0,0,0,0,0,0,0,1,0,0,0,0,0,0,0,0,0,0,0,0,0,0,0,0,0,0,0,0,0,0,0,0,0,0,0,0,0,,,0,0,0,0,0,0,0,0,0,0,0,0,,,,0,0,0,0,0,0,0,,0,0,0,0,0,0,0,,0,0,0,0,0,0,0,0,0,0,0,0
00-0037239,C.Olave,Chris Olave,WR,WR,"https://static.www.nfl.com/image/upload/f_auto,q_auto/league/onmxufsprtvglhejg94o",2025,14,REG,2025_14_NO_TB,NO,TB,0,0,0,0,0,0,0,0,0,0,0,0,,,0,,0,0,0,0,0,0,0,0,0,0,,0,0,0,0,0,3,5,30,0,0,0,96,11,2,-1.38493395823141,0,2,0,0,0,0.3125,0.25,0.607594936708861,0.800316455696203,0,0,0,0,0,0,0,0,0,0,0,0,0,0,0,0,0,0,0,0,0,0,0,0,0,0,0,1,5,0,0,0,0,0,0,0,0,0,0,0,0,0,,,0,0,0,0,0,0,0,0,0,0,0,0,,,,0,0,0,0,0,0,0,,0,0,0,0,0,0,0,,0,0,0,0,0,0,0,0,0,0,3,6
00-0037240,J.Williams,Jameson Williams,WR,WR,"https://static.www.nfl.com/image/upload/f_auto,q_auto/league/byiptqggtglvy5qrw5wp",2025,14,REG,2025_14_DAL_DET,DET,DAL,0,0,0,0,0,0,0,0,0,0,0,0,,,0,,0,0,0,0,1,7,0,0,0,0,0.687659395800438,0,0,0,0,0,7,9,96,0,0,0,110,40,3,5.70097772030822,0,4,3,2,0,0.872727272727273,0.290322580645161,0.480349344978166,0.771728412452458,0,0,0,0,0,0,0,0,0,0,0,0,0,0,0,0,0,0,0,0,0,0,0,0,0,0,0,0,0,0,0,0,0,0,0,0,0,0,0,0,0,0,,,0,0,0,0,0,0,0,0,0,0,0,0,,,,0,0,0,0,0,0,0,,0,0,0,0,0,0,0,,0,0,0,0,0,0,0,0,0,0,10.3,17.3
00-0037243,T.Smith,Tyler Smith,OT,OL,"https://static.www.nfl.com/image/upload/f_auto,q_auto/league/gdosyozck6qewvzmpag2",2025,14,REG,2025_14_DAL_DET,DAL,DET,0,0,0,0,0,0,0,0,0,0,0,0,,,0,,0,0,0,0,0,0,0,0,0,0,,0,0,0,0,0,0,0,0,0,0,0,0,0,0,,0,0,0,0,0,,0,0,0,0,0,0,0,0,0,0,0,0,0,0,0,0,0,0,0,0,0,0,0,0,0,1,0,0,0,0,0,0,0,0,0,0,0,0,0,0,0,0,0,0,0,,,0,0,0,0,0,0,0,0,0,0,0,0,,,,0,0,0,0,0,0,0,,0,0,0,0,0,0,0,,0,0,0,0,0,0,0,0,0,0,0,0
00-0037244,D.Lloyd,Devin Lloyd,LB,LB,"https://static.www.nfl.com/image/upload/f_auto,q_auto/league/hbva85h6axjaiiiiwjfv",2025,14,REG,2025_14_IND_JAX,JAX,IND,0,0,0,0,0,0,0,0,0,0,0,0,,,0,,0,0,0,0,0,0,0,0,0,0,,0,0,0,0,0,0,0,0,0,0,0,0,0,0,,0,0,0,0,0,,0,0,0,0,1,0,7,0,0,0,0,0,2,1,6,1,0,0,0,0,0,0,0,0,0,0,0,0,0,0,0,0,0,0,0,0,0,0,0,0,0,0,0,0,0,,,0,0,0,0,0,0,0,0,0,0,0,0,,,,0,0,0,0,0,0,0,,0,0,0,0,0,0,0,,0,0,0,0,0,0,0,0,0,0,0,0
00-0037246,J.Pitre,Jalen Pitre,SAF,DB,"https://static.www.nfl.com/image/upload/f_auto,q_auto/league/brjf4opiqlbzp5q0wjcj",2025,14,REG,2025_14_HOU_KC,HOU,KC,0,0,0,0,0,0,0,0,0,0,0,0,,,0,,0,0,0,0,0,0,0,0,0,0,,0,0,0,0,0,0,0,0,0,0,0,0,0,0,,0,0,0,0,0,,0,0,0,0,4,0,2,0,0,0,0,0,0,1,-2,2,0,0,0,0,0,0,0,0,0,0,0,0,0,0,0,0,0,0,0,0,0,0,0,0,0,0,0,0,0,,,0,0,0,0,0,0,0,0,0,0,0,0,,,,0,0,0,0,0,0,0,,0,0,0,0,0,0,0,,0,0,0,0,0,0,0,0,0,0,0,0
00-0037247,G.Pickens,George Pickens,WR,WR,"https://static.www.nfl.com/image/upload/f_auto,q_auto/league/cbpyykoguf7rsxezqzvk",2025,14,REG,2025_14_DAL_DET,DAL,DET,0,0,0,0,0,0,0,0,0,0,0,0,,,0,,0,0,0,0,0,0,0,0,0,0,,0,0,0,0,0,5,9,37,0,1,0,111,11,2,-4.57903311085126,0,1,0,0,0,0.333333333333333,0.191489361702128,0.223340040241449,0.443572070722206,0,0,0,0,0,0,0,0,0,0,0,0,0,0,0,0,0,0,0,0,0,0,0,0,0,0,0,2,25,1,0,0,1,0,0,0,0,0,0,0,0,0,,,0,0,0,0,0,0,0,0,0,0,0,0,,,,0,0,0,0,0,0,0,,0,0,0,0,0,0,0,,0,0,0,0,0,0,0,0,0,0,3.7,8.7
00-0037248,J.Cook,James Cook,RB,RB,"https://static.www.nfl.com/image/upload/f_auto,q_auto/league/anjbznqb9i21wzcgrtbs",2025,14,REG,2025_14_CIN_BUF,BUF,CIN,0,0,0,0,0,0,0,0,0,0,0,0,,,0,,0,0,0,0,18,80,0,2,1,2,-8.552493051684,0,1,1,0,0,2,2,31,0,0,0,-5,36,1,2.23539133602753,0,1,1,1,0,-6.2,0.0740740740740741,-0.0387596899224806,0.0839793281653747,0,0,0,0,0,0,0,0,0,0,0,0,0,0,0,0,0,0,0,0,0,0,0,0,0,0,0,1,5,2,0,1,2,1,0,0,0,0,0,0,0,0,,,0,0,0,0,0,0,0,0,0,0,0,0,,,,0,0,0,0,0,0,0,,0,0,0,0,0,0,0,,0,0,0,0,0,0,0,0,0,0,9.1,11.1
00-0037249,N.Bonitto,Nik Bonitto,LB,LB,"https://static.www.nfl.com/image/upload/f_auto,q_auto/league/azxinmsmz9kacbwfdfex",2025,14,REG,2025_14_DEN_LV,DEN,LV,0,0,0,0,0,0,0,0,0,0,0,0,,,0,,0,0,0,0,0,0,0,0,0,0,,0,0,0,0,0,0,0,0,0,0,0,0,0,0,,0,0,0,0,0,,0,0,0,0,3,0,0,2,9,0,2,9,2,0,0,0,0,0,0,0,0,0,0,0,0,0,0,0,0,0,1,5,0,0,0,0,0,0,0,0,0,0,0,0,0,,,0,0,0,0,0,0,0,0,0,0,0,0,,,,0,0,0,0,0,0,0,,0,0,0,0,0,0,0,,0,0,0,0,0,0,0,0,0,0,0,0
00-0037251,A.Wright,Alex Wright,DE,DL,"https://static.www.nfl.com/image/upload/f_auto,q_auto/league/rwvd1sputd9x1dziyznz",2025,14,REG,2025_14_TEN_CLE,CLE,TEN,0,0,0,0,0,0,0,0,0,0,0,0,,,0,,0,0,0,0,0,0,0,0,0,0,,0,0,0,0,0,0,0,0,0,0,0,0,0,0,,0,0,0,0,0,,0,0,0,0,1,0,0,0,0,0,0,0,1,0,0,0,0,0,0,0,0,0,0,0,0,0,0,0,0,0,0,0,0,0,0,0,0,0,0,0,0,0,0,0,0,,,0,0,0,0,0,0,0,0,0,0,0,0,,,,0,0,0,0,0,0,0,,0,0,0,0,0,0,0,,0,0,0,0,0,0,0,0,0,0,0,0
00-0037252,G.Dulcich,Greg Dulcich,TE,TE,"https://static.www.nfl.com/image/upload/f_auto,q_auto/league/kw4cwgjl4kywh6le4sfh",2025,14,REG,2025_14_MIA_NYJ,MIA,NYJ,0,0,0,0,0,0,0,0,0,0,0,0,,,0,,0,0,0,0,0,0,0,0,0,0,,0,0,0,0,0,3,3,41,0,0,0,4,37,2,3.3887270365376,0,2,1,1,0,10.25,0.142857142857143,0.0421052631578947,0.243759398496241,0,0,0,0,0,0,0,0,0,0,0,0,0,0,0,0,0,0,0,0,0,0,0,0,0,0,0,0,0,0,0,0,0,0,0,0,0,0,0,0,0,0,,,0,0,0,0,0,0,0,0,0,0,0,0,,,,0,0,0,0,0,0,0,,0,0,0,0,0,0,0,,0,0,0,0,0,0,0,0,0,0,4.1,7.1
00-0037256,R.White,Rachaad White,RB,RB,"https://static.www.nfl.com/image/upload/f_auto,q_auto/league/wtdhs50gcl2p6vngsnre",2025,14,REG,2025_14_NO_TB,TB,NO,0,0,0,0,0,0,0,0,0,0,0,0,,,0,,0,0,0,0,11,53,0,0,0,3,2.91284195083426,0,1,0,0,0,1,2,2,0,0,0,-8,5,0,-1.04089960467536,0,0,0,0,0,-0.25,0.0714285714285714,-0.0347826086956522,0.0827950310559006,0,0,0,0,0,0,0,0,0,0,0,0,0,0,0,0,0,0,0,0,0,0,0,0,0,0,0,0,0,0,0,0,0,0,0,0,0,0,0,0,0,0,,,0,0,0,0,0,0,0,0,0,0,0,0,,,,0,0,0,0,0,0,0,,0,0,0,0,0,0,0,,0,0,0,0,0,0,0,0,0,0,5.5,6.5
00-0037261,K.Shakir,Khalil Shakir,WR,WR,"https://static.www.nfl.com/image/upload/f_auto,q_auto/league/syvp3hficobwcsim3i9v",2025,14,REG,2025_14_CIN_BUF,BUF,CIN,0,0,0,0,0,0,0,0,0,0,0,0,,,0,,0,0,0,0,0,0,0,0,0,0,,0,0,0,0,0,2,3,16,1,0,0,4,7,1,0.944279943883885,0,1,0,0,0,4,0.111111111111111,0.0310077519379845,0.188372093023256,0,0,0,0,0,0,0,0,0,0,0,0,0,0,0,0,0,0,0,0,0,0,0,0,0,0,0,0,0,0,0,0,0,0,1,9,0,0,0,0,0,0,,,0,0,0,0,0,0,0,0,0,0,0,0,,,,0,0,0,0,0,0,0,,0,0,0,0,0,0,0,,0,0,0,0,0,0,0,0,0,0,7.6,9.6
00-0037262,T.Booker,Thomas Booker,DT,DL,"https://static.www.nfl.com/image/upload/f_auto,q_auto/league/awrlnfwnvv3ehlnbe4cp",2025,14,REG,2025_14_DEN_LV,LV,DEN,0,0,0,0,0,0,0,0,0,0,0,0,,,0,,0,0,0,0,0,0,0,0,0,0,,0,0,0,0,0,0,0,0,0,0,0,0,0,0,,0,0,0,0,0,,0,0,0,0,1,0,2,0,0,0,0,0,1,0,0,0,0,0,0,0,0,0,0,0,0,0,0,0,0,0,1,5,0,0,0,0,0,0,0,0,0,0,0,0,0,,,0,0,0,0,0,0,0,0,0,0,0,0,,,,0,0,0,0,0,0,0,,0,0,0,0,0,0,0,,0,0,0,0,0,0,0,0,0,0,0,0
00-0037263,T.Allgeier,Tyler Allgeier,RB,RB,"https://static.www.nfl.com/image/upload/f_auto,q_auto/league/sp9lhhmpv4qy3xy2msxd",2025,14,REG,2025_14_SEA_ATL,ATL,SEA,0,0,0,0,0,0,0,0,0,0,0,0,,,0,,0,0,0,0,11,34,0,0,0,3,-0.574059303035028,0,0,0,0,0,2,2,33,0,0,0,-6,39,1,1.60787682177033,0,2,1,1,0,-5.5,0.0714285714285714,-0.0294117647058824,0.0865546218487395,0,0,0,0,0,0,0,0,0,0,0,0,0,0,0,0,0,0,0,0,0,0,0,0,0,0,0,0,0,0,0,0,0,0,0,0,0,0,0,0,0,0,,,0,0,0,0,0,0,0,0,0,0,0,0,,,,0,0,0,0,0,0,0,,0,0,0,0,0,0,0,,0,0,0,0,0,0,0,0,0,0,6.7,8.7
00-0037267,J.Ford,Jerome Ford,RB,RB,"https://static.www.nfl.com/image/upload/f_auto,q_auto/league/rntmoum7ncnyo5j2bdei",2025,14,REG,2025_14_TEN_CLE,CLE,TEN,0,0,0,0,0,0,0,0,0,0,0,0,,,0,,0,0,0,0,0,0,0,0,0,0,,0,0,0,0,0,2,3,10,0,0,0,-8,24,1,1.67910867053433,0,0,0,0,0,-1.25,0.0789473684210526,-0.0262295081967213,0.100060396893874,0,0,0,0,0,0,0,0,0,0,0,0,0,0,0,0,0,0,0,0,0,0,0,0,0,0,0,0,0,0,0,0,0,0,0,0,5,113,0,0,0,0,,,0,0,0,0,0,0,0,0,0,0,0,0,,,,0,0,0,0,0,0,0,,0,0,0,0,0,0,0,,0,0,0,0,0,0,0,0,0,0,1,3
00-0037268,Z.McCollum,Zyon McCollum,CB,DB,"https://static.www.nfl.com/image/upload/f_auto,q_auto/league/tx9thnuxhb2uqzbl0dgb",2025,14,REG,2025_14_NO_TB,TB,NO,0,0,0,0,0,0,0,0,0,0,0,0,,,0,,0,0,0,0,0,0,0,0,0,0,,0,0,0,0,0,0,0,0,0,0,0,0,0,0,,0,0,0,0,0,,0,0,0,0,1,0,1,0,0,0,0,0,0,1,19,1,0,0,0,0,0,0,0,0,0,0,0,0,0,0,0,0,0,0,0,0,0,0,0,0,0,0,0,0,0,,,0,0,0,0,0,0,0,0,0,0,0,0,,,,0,0,0,0,0,0,0,,0,0,0,0,0,0,0,,0,0,0,0,0,0,0,0,0,0,0,0
00-0037270,O.Ogbonnia,Otito Ogbonnia,DT,DL,"https://static.www.nfl.com/image/upload/f_auto,q_auto/league/oyayc8mxpu7grfwqgzrz",2025,14,REG,2025_14_PHI_LAC,LAC,PHI,0,0,0,0,0,0,0,0,0,0,0,0,,,0,,0,0,0,0,0,0,0,0,0,0,,0,0,0,0,0,0,0,0,0,0,0,0,0,0,,0,0,0,0,0,,0,0,0,0,2,0,0,1,1,0,0,0,0,0,0,0,0,0,0,0,0,0,0,0,0,0,0,0,0,0,0,0,0,0,0,0,0,0,0,0,0,0,0,0,0,,,0,0,0,0,0,0,0,0,0,0,0,0,,,,0,0,0,0,0,0,0,,0,0,0,0,0,0,0,,0,0,0,0,0,0,0,0,0,0,0,0
00-0037271,D.Jackson,D'Marco Jackson,LB,LB,"https://static.www.nfl.com/image/upload/f_auto,q_auto/league/bwbialh78nao9svr8jqn",2025,14,REG,2025_14_CHI_GB,CHI,GB,0,0,0,0,0,0,0,0,0,0,0,0,,,0,,0,0,0,0,0,0,0,0,0,0,,0,0,0,0,0,0,0,0,0,0,0,0,0,0,,0,0,0,0,0,,0,0,0,0,3,0,0,0,0,0,0,0,0,0,0,0,0,0,0,0,0,0,0,0,0,0,0,0,0,0,0,0,0,0,0,0,0,0,0,0,0,0,0,0,0,,,0,0,0,0,0,0,0,0,0,0,0,0,,,,0,0,0,0,0,0,0,,0,0,0,0,0,0,0,,0,0,0,0,0,0,0,0,0,0,0,0
00-0037274,E.Otomewo,Esezi Otomewo,DT,DL,"https://static.www.nfl.com/image/upload/f_auto,q_auto/league/kebjbuk4q1algng5hf3b",2025,14,REG,2025_14_PIT_BAL,PIT,BAL,0,0,0,0,0,0,0,0,0,0,0,0,,,0,,0,0,0,0,0,0,0,0,0,0,,0,0,0,0,0,0,0,0,0,0,0,0,0,0,,0,0,0,0,0,,0,0,0,0,1,0,1,0,0,0,0,0,0,0,0,0,0,0,0,0,0,0,0,0,0,0,0,0,0,0,0,0,0,0,0,0,0,0,0,0,0,0,0,0,0,,,0,0,0,0,0,0,0,0,0,0,0,0,,,,0,0,0,0,0,0,0,,0,0,0,0,0,0,0,,0,0,0,0,0,0,0,0,0,0,0,0
00-0037275,D.Bland,DaRon Bland,CB,DB,"https://static.www.nfl.com/image/upload/f_auto,q_auto/league/z07adznf3gtvfusy8azb",2025,14,REG,2025_14_DAL_DET,DAL,DET,0,0,0,0,0,0,0,0,0,0,0,0,,,0,,0,0,0,0,0,0,0,0,0,0,,0,0,0,0,0,0,0,0,0,0,0,0,0,0,,0,0,0,0,0,,0,0,0,0,4,0,3,1,5,0,0,0,0,0,0,0,0,0,0,0,0,0,0,0,0,0,0,0,0,0,0,0,0,0,0,0,0,0,0,0,0,0,0,0,0,,,0,0,0,0,0,0,0,0,0,0,0,0,,,,0,0,0,0,0,0,0,,0,0,0,0,0,0,0,,0,0,0,0,0,0,0,0,0,0,0,0
00-0037281,D.Clark,Damone Clark,LB,LB,"https://static.www.nfl.com/image/upload/f_auto,q_auto/league/ffk6kh200c0f38zgzmuo",2025,14,REG,2025_14_HOU_KC,HOU,KC,0,0,0,0,0,0,0,0,0,0,0,0,,,0,,0,0,0,0,0,0,0,0,0,0,,0,0,0,0,0,0,0,0,0,0,0,0,0,0,,0,0,0,0,0,,0,0,0,0,0,0,1,0,0,0,0,0,0,0,0,0,0,0,0,0,0,0,0,0,0,0,0,0,0,0,0,0,0,0,0,0,0,0,0,0,0,0,0,0,0,,,0,0,0,0,0,0,0,0,0,0,0,0,,,,0,0,0,0,0,0,0,,0,0,0,0,0,0,0,,0,0,0,0,0,0,0,0,0,0,0,0
00-0037284,M.Araiza,Matt Araiza,P,SPEC,"https://static.www.nfl.com/image/upload/f_auto,q_auto/league/tmtvevrgg8lziqewdhtv",2025,14,REG,2025_14_HOU_KC,KC,HOU,0,0,0,0,0,0,0,0,0,0,0,0,,,0,,0,0,0,0,0,0,0,0,0,0,,0,0,0,0,0,0,0,0,0,0,0,0,0,0,,0,0,0,0,0,,0,0,0,0,0,0,0,0,0,0,0,0,0,0,0,0,0,0,0,0,0,0,0,0,0,0,0,0,0,0,0,0,0,0,0,0,0,0,0,0,0,0,0,0,0,,,0,0,0,0,0,0,0,0,0,0,0,0,,,,0,0,0,0,0,0,0,,0,0,0,0,0,4,0,57,188,3,1,0,0,2,1,21,0,167,0,0
00-0037288,C.Benford,Christian Benford,CB,DB,"https://static.www.nfl.com/image/upload/f_auto,q_auto/league/kxucquiz77lhp8rn1nni",2025,14,REG,2025_14_CIN_BUF,BUF,CIN,0,0,0,0,0,0,0,0,0,0,0,0,,,0,,0,0,0,0,0,0,0,0,0,0,,0,0,0,0,0,0,0,0,0,0,0,0,0,0,,0,0,0,0,0,,0,0,0,0,1,0,0,1,8,0,1,8,1,1,63,1,1,0,0,0,0,0,0,0,0,0,0,0,0,0,0,0,0,0,0,0,0,0,0,0,0,0,0,0,0,,,0,0,0,0,0,0,0,0,0,0,0,0,,,,0,0,0,0,0,0,0,,0,0,0,0,0,0,0,,0,0,0,0,0,0,0,0,0,0,0,0
00-0037289,M.Rodriguez,Malcolm Rodriguez,LB,LB,"https://static.www.nfl.com/image/upload/f_auto,q_auto/league/sovw0sc0bm1xltqv2zmb",2025,14,REG,2025_14_DAL_DET,DET,DAL,0,0,0,0,0,0,0,0,0,0,0,0,,,0,,0,0,0,0,0,0,0,0,0,0,,0,0,0,0,0,0,0,0,0,0,0,0,0,0,,0,0,0,0,0,,0,0,0,0,1,0,1,0,0,0,0,0,0,0,0,0,0,0,0,0,0,0,0,0,0,0,0,0,0,0,0,0,0,0,0,0,0,0,0,0,0,0,0,0,0,,,0,0,0,0,0,0,0,0,0,0,0,0,,,,0,0,0,0,0,0,0,,0,0,0,0,0,0,0,,0,0,0,0,0,0,0,0,0,0,0,0
00-0037291,J.Nailor,Jalen Nailor,WR,WR,"https://static.www.nfl.com/image/upload/f_auto,q_auto/league/nojopyt8hxuwycxyaokb",2025,14,REG,2025_14_WAS_MIN,MIN,WAS,0,0,0,0,0,0,0,0,0,0,0,0,,,0,,0,0,0,0,0,0,0,0,0,0,,0,0,0,0,0,3,3,30,0,0,0,15,15,2,3.89975013642106,0,1,0,0,0,2,0.130434782608696,0.0980392156862745,0.264279624893436,0,0,0,0,0,0,0,0,0,0,0,0,0,0,0,0,0,0,0,0,0,0,0,0,0,0,0,0,0,0,0,0,0,0,0,0,0,0,0,0,0,0,,,0,0,0,0,0,0,0,0,0,0,0,0,,,,0,0,0,0,0,0,0,,0,0,0,0,0,0,0,,0,0,0,0,0,0,0,0,0,0,3,6
00-0037292,A.Ogletree,Andrew Ogletree,TE,TE,"https://static.www.nfl.com/image/upload/f_auto,q_auto/league/wvcrk0ygv3coprxj4cnt",2025,14,REG,2025_14_IND_JAX,IND,JAX,0,0,0,0,0,0,0,0,0,0,0,0,,,0,,0,0,0,0,0,0,0,0,0,0,,0,0,0,0,0,0,0,0,0,0,0,0,0,0,,0,0,0,0,0,,0,0,0,0,0,0,1,0,0,0,0,0,0,0,0,0,0,0,0,0,0,0,0,0,0,0,0,0,0,0,0,0,0,0,0,0,0,0,0,0,0,0,0,0,0,,,0,0,0,0,0,0,0,0,0,0,0,0,,,,0,0,0,0,0,0,0,,0,0,0,0,0,0,0,,0,0,0,0,0,0,0,0,0,0,0,0
00-0037295,J.Salyer,Jamaree Salyer,G,OL,"https://static.www.nfl.com/image/upload/f_auto,q_auto/league/tfqzkqts7g8qatnx3bt4",2025,14,REG,2025_14_PHI_LAC,LAC,PHI,0,0,0,0,0,0,0,0,0,0,0,0,,,0,,0,0,0,0,0,0,0,0,0,0,,0,0,0,0,0,0,0,0,0,0,0,0,0,0,,0,0,0,0,0,,0,0,0,0,0,0,0,0,0,0,0,0,0,0,0,0,0,0,0,0,0,0,0,0,0,0,0,0,0,0,1,10,0,0,0,0,0,0,0,0,0,0,0,0,0,,,0,0,0,0,0,0,0,0,0,0,0,0,,,,0,0,0,0,0,0,0,,0,0,0,0,0,0,0,,0,0,0,0,0,0,0,0,0,0,0,0
00-0037304,Co.Heyward,Connor Heyward,FB,RB,"https://static.www.nfl.com/image/upload/f_auto,q_auto/league/nbbhxtutzvbj0ejljyyp",2025,14,REG,2025_14_PIT_BAL,PIT,BAL,0,0,0,0,0,0,0,0,0,0,0,0,,,0,,0,0,0,0,1,2,0,0,0,1,2.45553625671892,0,0,0,0,0,0,0,0,0,0,0,0,0,0,,0,0,0,0,0,,0,0,0,0,0,0,0,0,0,0,0,0,0,0,0,0,0,0,0,0,0,0,0,0,0,0,0,0,0,0,0,0,0,0,0,0,0,0,0,0,0,0,0,0,0,,,0,0,0,0,0,0,0,0,0,0,0,0,,,,0,0,0,0,0,0,0,,0,0,0,0,0,0,0,,0,0,0,0,0,0,0,0,0,0,0.2,0.2
00-0037306,J.FitzPatrick,John FitzPatrick,TE,TE,"https://static.www.nfl.com/image/upload/f_auto,q_auto/league/kopyksw2p51nivtldayc",2025,14,REG,2025_14_CHI_GB,GB,CHI,0,0,0,0,0,0,0,0,0,0,0,0,,,0,,0,0,0,0,0,0,0,0,0,0,,0,0,0,0,0,2,2,14,0,0,0,2,12,0,0.677577584981918,0,0,0,0,0,7,0.0869565217391304,0.00643086816720257,0.134936390325737,0,0,0,0,0,0,0,0,0,0,0,0,0,0,0,0,0,0,0,0,0,0,0,0,0,0,0,0,0,0,0,0,0,0,0,0,0,0,0,0,0,0,,,0,0,0,0,0,0,0,0,0,0,0,0,,,,0,0,0,0,0,0,0,,0,0,0,0,0,0,0,,0,0,0,0,0,0,0,0,0,0,1.4,3.4
00-0037310,J.Houston,James Houston,LB,LB,"https://static.www.nfl.com/image/upload/f_auto,q_auto/league/zmjl8vpdr8fjeefnsnec",2025,14,REG,2025_14_DAL_DET,DAL,DET,0,0,0,0,0,0,0,0,0,0,0,0,,,0,,0,0,0,0,0,0,0,0,0,0,,0,0,0,0,0,0,0,0,0,0,0,0,0,0,,0,0,0,0,0,,0,0,0,0,2,0,0,1,10,0,1,10,1,0,0,0,0,0,0,0,0,0,0,0,0,0,0,0,0,0,1,13,0,0,0,0,0,0,0,0,0,0,0,0,0,,,0,0,0,0,0,0,0,0,0,0,0,0,,,,0,0,0,0,0,0,0,,0,0,0,0,0,0,0,,0,0,0,0,0,0,0,0,0,0,0,0
00-0037313,M.Brown,Montaric Brown,CB,DB,"https://static.www.nfl.com/image/upload/f_auto,q_auto/league/jslgwquwwlbotxr8f1jz",2025,14,REG,2025_14_IND_JAX,JAX,IND,0,0,0,0,0,0,0,0,0,0,0,0,,,0,,0,0,0,0,0,0,0,0,0,0,,0,0,0,0,0,0,0,0,0,0,0,0,0,0,,0,0,0,0,0,,0,0,0,0,0,0,0,0,0,0,0,0,0,0,0,0,0,0,0,0,0,0,0,0,0,0,0,0,0,0,1,16,0,0,0,0,0,0,0,0,0,0,0,0,0,,,0,0,0,0,0,0,0,0,0,0,0,0,,,,0,0,0,0,0,0,0,,0,0,0,0,0,0,0,,0,0,0,0,0,0,0,0,0,0,0,0
00-0037315,C.Goode,Cameron Goode,LB,LB,"https://static.www.nfl.com/image/upload/f_auto,q_auto/league/f8azhstrxgcphfi3evto",2025,14,REG,2025_14_MIA_NYJ,MIA,NYJ,0,0,0,0,0,0,0,0,0,0,0,0,,,0,,0,0,0,0,0,0,0,0,0,0,,0,0,0,0,0,0,0,0,0,0,0,0,0,0,,0,0,0,0,0,,0,0,0,0,0,0,2,0,0,0,0,0,0,0,0,0,0,0,0,0,0,0,0,0,0,0,0,0,0,0,0,0,0,0,0,0,0,0,0,0,0,0,0,0,0,,,0,0,0,0,0,0,0,0,0,0,0,0,,,,0,0,0,0,0,0,0,,0,0,0,0,0,0,0,,0,0,0,0,0,0,0,0,0,0,0,0
00-0037318,B.Spector,Baylon Spector,LB,LB,"https://static.www.nfl.com/image/upload/f_auto,q_auto/league/ekmjqmhpbhtlydc3sfag",2025,14,REG,2025_14_CIN_BUF,BUF,CIN,0,0,0,0,0,0,0,0,0,0,0,0,,,0,,0,0,0,0,0,0,0,0,0,0,,0,0,0,0,0,0,0,0,0,0,0,0,0,0,,0,0,0,0,0,,0,0,0,0,1,0,0,0,0,0,0,0,0,0,0,0,0,0,0,0,0,0,0,0,0,0,0,0,0,0,0,0,0,0,0,0,0,0,0,0,0,0,0,0,0,,,0,0,0,0,0,0,0,0,0,0,0,0,,,,0,0,0,0,0,0,0,,0,0,0,0,0,0,0,,0,0,0,0,0,0,0,0,0,0,0,0
00-0037332,D.Bell,D'Anthony Bell,SAF,DB,"https://static.www.nfl.com/image/upload/f_auto,q_auto/league/ckont3gxmlaebwbbkplr",2025,14,REG,2025_14_SEA_ATL,SEA,ATL,0,0,0,0,0,0,0,0,0,0,0,0,,,0,,0,0,0,0,0,0,0,0,0,0,,0,0,0,0,0,0,0,0,0,0,0,0,0,0,,0,0,0,0,0,,0,0,0,0,1,0,0,0,0,0,0,0,0,0,0,0,0,0,0,0,0,0,0,0,0,0,0,0,0,0,0,0,0,0,0,0,0,0,0,0,0,0,0,0,0,,,0,0,0,0,0,0,0,0,0,0,0,0,,,,0,0,0,0,0,0,0,,0,0,0,0,0,0,0,,0,0,0,0,0,0,0,0,0,0,0,0
00-0037364,A.Mosby,Arron Mosby,DE,DL,"https://static.www.nfl.com/image/upload/f_auto,q_auto/league/siq8ayl7lif3uddghbum",2025,14,REG,2025_14_CHI_GB,GB,CHI,0,0,0,0,0,0,0,0,0,0,0,0,,,0,,0,0,0,0,0,0,0,0,0,0,,0,0,0,0,0,0,0,0,0,0,0,0,0,0,,0,0,0,0,0,,0,0,0,0,1,0,0,0,0,0,0,0,0,0,0,0,0,0,0,0,0,0,0,0,0,0,0,0,0,0,0,0,0,0,0,0,0,0,0,0,0,0,0,0,0,,,0,0,0,0,0,0,0,0,0,0,0,0,,,,0,0,0,0,0,0,0,,0,0,0,0,0,0,0,,0,0,0,0,0,0,0,0,0,0,0,0
00-0037384,J.McMillian,Ja'Quan McMillian,CB,DB,"https://static.www.nfl.com/image/upload/f_auto,q_auto/league/kpgabuesfqci0swbrkem",2025,14,REG,2025_14_DEN_LV,DEN,LV,0,0,0,0,0,0,0,0,0,0,0,0,,,0,,0,0,0,0,0,0,0,0,0,0,,0,0,0,0,0,0,0,0,0,0,0,0,0,0,,0,0,0,0,0,,0,0,0,0,1,0,1,0,0,0,0,0,0,0,0,0,0,0,0,0,0,0,0,0,0,0,0,0,0,0,0,0,0,0,0,0,0,0,0,0,0,0,0,0,0,,,0,0,0,0,0,0,0,0,0,0,0,0,,,,0,0,0,0,0,0,0,,0,0,0,0,0,0,0,,0,0,0,0,0,0,0,0,0,0,0,0
00-0037404,R.Van Demark,Ryan Van Demark,OT,OL,"https://static.www.nfl.com/image/upload/f_auto,q_auto/league/gcnwaxoqw1ys3dpxs6xf",2025,14,REG,2025_14_CIN_BUF,BUF,CIN,0,0,0,0,0,0,0,0,0,0,0,0,,,0,,0,0,0,0,0,0,0,0,0,0,,0,0,0,0,0,0,0,0,0,0,0,0,0,0,,0,0,0,0,0,,0,0,0,0,0,0,0,0,0,0,0,0,0,0,0,0,0,0,0,0,0,0,0,0,0,0,0,0,0,0,2,20,0,0,0,0,0,0,0,0,0,0,0,0,0,,,0,0,0,0,0,0,0,0,0,0,0,0,,,,0,0,0,0,0,0,0,,0,0,0,0,0,0,0,,0,0,0,0,0,0,0,0,0,0,0,0
00-0037475,S.Smartt,Stone Smartt,TE,TE,"https://static.www.nfl.com/image/upload/f_auto,q_auto/league/g8mtiyojkmj8vwzmg0ez",2025,14,REG,2025_14_MIA_NYJ,NYJ,MIA,0,0,0,0,0,0,0,0,0,0,0,0,,,0,,0,0,0,0,0,0,0,0,0,0,,0,0,0,0,0,0,1,0,0,0,0,16,0,0,-0.491979061916936,0,0,0,0,0,0,0.03125,0.055363321799308,0.0856293252595156,0,1,0,0,0,0,0,0,0,0,0,0,0,0,0,0,0,0,0,0,0,0,0,0,0,0,0,0,0,0,0,0,0,0,0,0,0,0,0,0,0,0,,,0,0,0,0,0,0,0,0,0,0,0,0,,,,0,0,0,0,0,0,0,,0,0,0,0,0,0,0,,0,0,0,0,0,0,0,0,0,0,0,0
00-0037487,D.Thompkins,Deven Thompkins,WR,WR,"https://static.www.nfl.com/image/upload/f_auto,q_auto/league/hohgyaldfuylxqwnb8i2",2025,14,REG,2025_14_SEA_ATL,ATL,SEA,0,0,0,0,0,0,0,0,0,0,0,0,,,0,,0,0,0,0,0,0,0,0,0,0,,0,0,0,0,0,1,1,4,0,0,0,-4,8,0,-0.101405349909328,0,0,0,0,0,0,0.0357142857142857,-0.0196078431372549,0.0398459383753501,0,0,0,0,0,0,0,0,0,0,0,0,0,0,0,0,0,0,0,0,0,0,0,0,0,0,0,1,10,0,0,0,0,0,0,0,4,121,0,0,0,0,,,0,0,0,0,0,0,0,0,0,0,0,0,,,,0,0,0,0,0,0,0,,0,0,0,0,0,0,0,,0,0,0,0,0,0,0,0,0,0,0.4,1.4
00-0037493,M.Brown,Mike Brown,SAF,DB,"https://static.www.nfl.com/image/upload/f_auto,q_auto/league/vufbgfg96s4jt3tlxdiw",2025,14,REG,2025_14_TEN_CLE,TEN,CLE,0,0,0,0,0,0,0,0,0,0,0,0,,,0,,0,0,0,0,0,0,0,0,0,0,,0,0,0,0,0,0,0,0,0,0,0,0,0,0,,0,0,0,0,0,,0,0,0,0,0,0,0,0,0,0,0,0,0,0,0,0,0,0,0,0,0,0,0,0,7,0,0,0,0,0,0,0,0,0,0,0,0,0,0,0,0,0,0,0,0,,,0,0,0,0,0,0,0,0,0,0,0,0,,,,0,0,0,0,0,0,0,,0,0,0,0,0,0,0,,0,0,0,0,0,0,0,0,0,0,0,0
00-0037500,R.Wright,Ryan Wright,P,SPEC,"https://static.www.nfl.com/image/upload/f_auto,q_auto/league/g8j6r8d2ut2a2ln6i3c6",2025,14,REG,2025_14_WAS_MIN,MIN,WAS,0,0,0,0,0,0,0,0,0,0,0,0,,,0,,0,0,0,0,0,0,0,0,0,0,,0,0,0,0,0,0,0,0,0,0,0,0,0,0,,0,0,0,0,0,,0,0,0,0,0,0,0,0,0,0,0,0,0,0,0,0,0,0,0,0,0,0,0,0,0,0,0,0,0,0,0,0,0,0,0,0,0,0,0,0,0,0,0,0,0,,,0,0,0,0,0,0,0,0,0,0,0,0,,,,0,0,0,0,0,0,0,,0,0,0,0,0,1,0,43,43,0,0,0,0,1,0,0,0,43,0,0
00-0037512,I.Pola-Mao,Isaiah Pola-Mao,SAF,DB,"https://static.www.nfl.com/image/upload/f_auto,q_auto/league/iv2fsbkqbciaglpqrlbd",2025,14,REG,2025_14_DEN_LV,LV,DEN,0,0,0,0,0,0,0,0,0,0,0,0,,,0,,0,0,0,0,0,0,0,0,0,0,,0,0,0,0,0,0,0,0,0,0,0,0,0,0,,0,0,0,0,0,,0,0,0,0,4,0,1,0,0,0,0,0,0,0,0,0,0,0,0,0,0,0,0,0,0,0,0,0,0,0,0,0,0,0,0,0,0,0,0,0,0,0,0,0,0,,,0,0,0,0,0,0,0,0,0,0,0,0,,,,0,0,0,0,0,0,0,,0,0,0,0,0,0,0,,0,0,0,0,0,0,0,0,0,0,0,0
00-0037516,S.Webb,Sam Webb,CB,DB,"https://static.www.nfl.com/image/upload/f_auto,q_auto/league/x0xcfspsmbddxk8autai",2025,14,REG,2025_14_TEN_CLE,CLE,TEN,0,0,0,0,0,0,0,0,0,0,0,0,,,0,,0,0,0,0,0,0,0,0,0,0,,0,0,0,0,0,0,0,0,0,0,0,0,0,0,,0,0,0,0,0,,0,0,0,0,0,0,2,0,0,0,0,0,0,0,0,0,0,0,0,0,0,0,0,0,0,0,0,0,0,0,0,0,0,0,0,0,0,0,0,0,0,0,0,0,0,,,0,0,0,0,0,0,0,0,0,0,0,0,,,,0,0,0,0,0,0,0,,0,0,0,0,0,0,0,,0,0,0,0,0,0,0,0,0,0,0,0
00-0037525,J.Mason,Jordan Mason,RB,RB,"https://static.www.nfl.com/image/upload/f_auto,q_auto/league/qeeucinnxl8mpzaw23hc",2025,14,REG,2025_14_WAS_MIN,MIN,WAS,0,0,0,0,0,0,0,0,0,0,0,0,,,0,,0,0,0,0,11,52,1,0,0,3,2.10050736559788,0,1,1,0,0,0,0,0,0,0,0,0,0,0,,0,0,0,0,0,,0,0,0,0,0,0,0,0,0,0,0,0,0,0,0,0,0,0,0,0,0,0,0,0,0,0,0,0,0,0,0,0,0,0,0,0,0,0,0,0,0,0,0,0,0,,,0,0,0,0,0,0,0,0,0,0,0,0,,,,0,0,0,0,0,0,0,,0,0,0,0,0,0,0,,0,0,0,0,0,0,0,0,0,0,11.2,11.2
00-0037527,S.Olubi,Segun Olubi,LB,LB,"https://static.www.nfl.com/image/upload/f_auto,q_auto/league/wdbdm4wqfnxyot962sco",2025,14,REG,2025_14_IND_JAX,IND,JAX,0,0,0,0,0,0,0,0,0,0,0,0,,,0,,0,0,0,0,0,0,0,0,0,0,,0,0,0,0,0,0,0,0,0,0,0,0,0,0,,0,0,0,0,0,,0,0,0,0,0,0,1,0,0,1,0,0,0,0,0,0,0,0,0,0,0,0,0,0,0,0,0,0,0,0,0,0,0,0,0,0,0,0,0,0,0,0,0,0,0,,,0,0,0,0,0,0,0,0,0,0,0,0,,,,0,0,0,0,0,0,0,,0,0,0,0,0,0,0,,0,0,0,0,0,0,0,0,0,0,0,0
00-0037545,R.Shaheed,Rashid Shaheed,WR,WR,"https://static.www.nfl.com/image/upload/f_auto,q_auto/league/ku2naisfbxmzgagxojnm",2025,14,REG,2025_14_SEA_ATL,SEA,ATL,0,0,0,0,0,0,0,0,0,0,0,0,,,0,,0,0,0,0,0,0,0,0,0,0,,0,0,0,0,0,4,5,67,0,0,0,63,18,3,5.55267954722513,0,3,2,1,0,1.06349206349206,0.166666666666667,0.247058823529412,0.422941176470588,1,0,0,0,0,0,0,0,0,0,0,0,0,0,0,0,0,0,0,0,0,0,0,0,0,0,0,0,0,0,0,0,0,0,0,0,3,148,0,0,0,0,,,0,0,0,0,0,0,0,0,0,0,0,0,,,,0,0,0,0,0,0,0,,0,0,0,0,0,0,0,,0,0,0,0,0,0,0,0,0,0,12.7,16.7
00-0037547,D.Whelan,Daniel Whelan,P,SPEC,"https://static.www.nfl.com/image/upload/f_auto,q_auto/league/sbt08fmtztaze2rm3cef",2025,14,REG,2025_14_CHI_GB,GB,CHI,0,0,0,0,0,0,0,0,0,0,0,0,,,0,,0,0,0,0,0,0,0,0,0,0,,0,0,0,0,0,0,0,0,0,0,0,0,0,0,,0,0,0,0,0,,0,0,0,0,0,0,0,0,0,0,0,0,0,0,0,0,0,0,0,0,0,0,0,0,0,0,0,0,0,0,0,0,0,0,0,0,0,0,0,0,0,0,0,0,0,,,0,0,0,0,0,0,0,0,0,0,0,0,,,,0,0,0,0,0,0,0,,0,0,0,0,0,3,0,55,145,1,1,1,0,0,1,6,0,139,0,0
00-0037549,D.Baker,Darrell Baker Jr.,CB,DB,"https://static.www.nfl.com/image/upload/f_auto,q_auto/league/qz4bicahmuowtpiesehf",2025,14,REG,2025_14_TEN_CLE,TEN,CLE,0,0,0,0,0,0,0,0,0,0,0,0,,,0,,0,0,0,0,0,0,0,0,0,0,,0,0,0,0,0,0,0,0,0,0,0,0,0,0,,0,0,0,0,0,,0,0,0,0,2,0,0,0,0,0,0,0,0,0,0,2,0,0,0,0,0,0,0,0,0,0,0,0,0,0,0,0,0,0,0,0,0,0,0,0,0,0,0,0,0,,,0,0,0,0,0,0,0,0,0,0,0,0,,,,0,0,0,0,0,0,0,,0,0,0,0,0,0,0,,0,0,0,0,0,0,0,0,0,0,0,0
00-0037557,R.Rivers,Ronnie Rivers,RB,RB,"https://static.www.nfl.com/image/upload/f_auto,q_auto/league/t9l7jhs1jw1joy8jpxee",2025,14,REG,2025_14_LA_ARI,LA,ARI,0,0,0,0,0,0,0,0,0,0,0,0,,,0,,0,0,0,0,8,41,0,0,0,2,-1.40286822896451,0,0,0,0,0,0,0,0,0,0,0,0,0,0,,0,0,0,0,0,,0,0,0,0,0,0,0,0,0,0,0,0,0,0,0,0,0,0,0,0,0,0,0,0,0,0,0,0,0,0,0,0,0,0,0,0,0,0,0,1,30,0,0,0,0,,,0,0,0,0,0,0,0,0,0,0,0,0,,,,0,0,0,0,0,0,0,,0,0,0,0,0,0,0,,0,0,0,0,0,0,0,0,0,0,4.1,4.1
00-0037561,M.Bell,Markquese Bell,SAF,DB,"https://static.www.nfl.com/image/upload/f_auto,q_auto/league/wdantov1g2bbtjf4chpx",2025,14,REG,2025_14_DAL_DET,DAL,DET,0,0,0,0,0,0,0,0,0,0,0,0,,,0,,0,0,0,0,0,0,0,0,0,0,,0,0,0,0,0,0,0,0,0,0,0,0,0,0,,0,0,0,0,0,,0,0,0,0,1,0,3,0,0,0,0,0,0,0,0,0,0,0,0,0,0,0,0,0,0,0,0,0,0,0,0,0,0,0,0,0,0,0,0,0,0,0,0,0,0,,,0,0,0,0,0,0,0,0,0,0,0,0,,,,0,0,0,0,0,0,0,,0,0,0,0,0,0,0,,0,0,0,0,0,0,0,0,0,0,0,0
00-0037563,M.Davis,Malik Davis,RB,RB,"https://static.www.nfl.com/image/upload/f_auto,q_auto/league/zvranxxyt8qeihn8c2q9",2025,14,REG,2025_14_DAL_DET,DAL,DET,0,0,0,0,0,0,0,0,0,0,0,0,,,0,,0,0,0,0,3,6,0,0,0,0,-0.741154819494113,0,0,0,0,0,0,0,0,0,0,0,0,0,0,,0,0,0,0,0,,0,0,0,0,0,0,2,0,0,0,0,0,0,0,0,0,0,0,0,0,0,0,0,0,0,0,0,0,0,0,0,0,0,0,0,0,0,0,0,0,0,0,0,0,0,,,0,0,0,0,0,0,0,0,0,0,0,0,,,,0,0,0,0,0,0,0,,0,0,0,0,0,0,0,,0,0,0,0,0,0,0,0,0,0,0.6,0.6
00-0037587,N.Landman,Nate Landman,LB,LB,"https://static.www.nfl.com/image/upload/f_auto,q_auto/league/w44rpubxjijvxv0pkfnh",2025,14,REG,2025_14_LA_ARI,LA,ARI,0,0,0,0,0,0,0,0,0,0,0,0,,,0,,0,0,0,0,0,0,0,0,0,0,,0,0,0,0,0,0,0,0,0,0,0,0,0,0,,0,0,0,0,0,,0,0,0,0,1,0,1,0,0,0,0,0,0,1,0,2,0,0,0,0,0,0,0,0,0,0,0,0,0,0,0,0,0,0,0,0,0,0,0,0,0,0,0,0,0,,,0,0,0,0,0,0,0,0,0,0,0,0,,,,0,0,0,0,0,0,0,,0,0,0,0,0,0,0,,0,0,0,0,0,0,0,0,0,0,0,0
00-0037594,J.Chestnut,Julius Chestnut,RB,RB,"https://static.www.nfl.com/image/upload/f_auto,q_auto/league/bkhv6hpjogvs5b31wwrs",2025,14,REG,2025_14_TEN_CLE,TEN,CLE,0,0,0,0,0,0,0,0,0,0,0,0,,,0,,0,0,0,0,0,0,0,0,0,0,,0,0,0,0,0,0,0,0,0,0,0,0,0,0,,0,0,0,0,0,,0,0,0,0,3,0,0,0,0,0,0,0,0,0,0,0,0,0,0,0,0,0,0,0,0,0,0,0,0,0,0,0,0,0,0,0,0,0,0,0,0,0,0,0,0,,,0,0,0,0,0,0,0,0,0,0,0,0,,,,0,0,0,0,0,0,0,,0,0,0,0,0,0,0,,0,0,0,0,0,0,0,0,0,0,0,0
00-0037614,J.Metchie,John Metchie III,WR,WR,"https://static.www.nfl.com/image/upload/f_auto,q_auto/league/nsjpnskeldxzbzckpfgg",2025,14,REG,2025_14_MIA_NYJ,NYJ,MIA,0,0,0,0,0,0,0,0,0,0,0,0,,,0,,0,0,0,0,0,0,0,0,0,0,,0,0,0,0,0,4,8,34,0,0,0,48,22,1,-4.12934147252236,0,2,1,0,0,0.708333333333333,0.25,0.166089965397924,0.491262975778547,0,0,0,0,0,0,0,0,0,0,0,0,0,0,0,0,0,0,0,0,0,0,0,0,0,0,0,0,0,0,0,0,0,0,0,0,0,0,0,0,0,0,,,0,0,0,0,0,0,0,0,0,0,0,0,,,,0,0,0,0,0,0,0,,0,0,0,0,0,0,0,,0,0,0,0,0,0,0,0,0,0,3.4,7.4
00-0037615,N.Dean,Nakobe Dean,LB,LB,"https://static.www.nfl.com/image/upload/f_auto,q_auto/league/cyowdu41yhyzblsz2aam",2025,14,REG,2025_14_PHI_LAC,PHI,LAC,0,0,0,0,0,0,0,0,0,0,0,0,,,0,,0,0,0,0,0,0,0,0,0,0,,0,0,0,0,0,0,0,0,0,0,0,0,0,0,,0,0,0,0,0,,0,0,0,0,3,0,4,1,12,1,1,12,2,0,0,0,0,0,0,0,0,0,0,0,0,0,0,0,0,0,0,0,0,0,0,0,0,0,0,0,0,0,0,0,0,,,0,0,0,0,0,0,0,0,0,0,0,0,,,,0,0,0,0,0,0,0,,0,0,0,0,0,0,0,,0,0,0,0,0,0,0,0,0,0,0,0
00-0037616,N.Cross,Nick Cross,SAF,DB,"https://static.www.nfl.com/image/upload/f_auto,q_auto/league/kk6rwopeqnomepo0lc9f",2025,14,REG,2025_14_IND_JAX,IND,JAX,0,0,0,0,0,0,0,0,0,0,0,0,,,0,,0,0,0,0,0,0,0,0,0,0,,0,0,0,0,0,0,0,0,0,0,0,0,0,0,,0,0,0,0,0,,0,0,0,0,3,0,2,0,0,0,0,0,0,0,0,2,0,0,0,0,0,0,0,0,0,0,0,0,0,0,0,0,0,0,0,0,0,0,0,0,0,0,0,0,0,,,0,0,0,0,0,0,0,0,0,0,0,0,,,,0,0,0,0,0,0,0,,0,0,0,0,0,0,0,,0,0,0,0,0,0,0,0,0,0,0,0
00-0037617,H.Haskins,Hassan Haskins,RB,RB,"https://static.www.nfl.com/image/upload/f_auto,q_auto/league/n9jwsfxyo1xppmhscpik",2025,14,REG,2025_14_PHI_LAC,LAC,PHI,0,0,0,0,0,0,0,0,0,0,0,0,,,0,,0,0,0,0,0,0,0,0,0,0,,0,0,0,0,0,0,0,0,0,0,0,0,0,0,,0,0,0,0,0,,0,0,0,0,0,0,1,0,0,0,0,0,0,0,0,0,0,0,0,0,0,0,0,0,0,0,0,0,0,0,0,0,0,0,0,0,0,0,0,2,56,0,0,0,0,,,0,0,0,0,0,0,0,0,0,0,0,0,,,,0,0,0,0,0,0,0,,0,0,0,0,0,0,0,,0,0,0,0,0,0,0,0,0,0,0,0
00-0037662,C.Brewer,C.J. Brewer,DT,DL,"https://static.www.nfl.com/image/upload/f_auto,q_auto/league/t7msnroiny0ywfscrymd",2025,14,REG,2025_14_NO_TB,TB,NO,0,0,0,0,0,0,0,0,0,0,0,0,,,0,,0,0,0,0,0,0,0,0,0,0,,0,0,0,0,0,0,0,0,0,0,0,0,0,0,,0,0,0,0,0,,0,0,0,0,1,0,0,0,0,0,0,0,0,0,0,0,0,0,0,0,0,0,0,0,0,0,0,0,0,0,0,0,0,0,0,0,0,0,0,0,0,0,0,0,0,,,0,0,0,0,0,0,0,0,0,0,0,0,,,,0,0,0,0,0,0,0,,0,0,0,0,0,0,0,,0,0,0,0,0,0,0,0,0,0,0,0
00-0037663,J.Johnson,Jermaine Johnson II,DE,DL,"https://static.www.nfl.com/image/upload/f_auto,q_auto/league/jj3gmudznyutylbkkqbu",2025,14,REG,2025_14_MIA_NYJ,NYJ,MIA,0,0,0,0,0,0,0,0,0,0,0,0,,,0,,0,0,0,0,0,0,0,0,0,0,,0,0,0,0,0,0,0,0,0,0,0,0,0,0,,0,0,0,0,0,,0,0,0,0,0,0,1,0,0,0,0,0,0,0,0,0,0,0,0,0,0,0,0,0,0,0,0,0,0,0,0,0,0,0,0,0,0,0,0,0,0,0,0,0,0,,,0,0,0,0,0,0,0,0,0,0,0,0,,,,0,0,0,0,0,0,0,,0,0,0,0,0,0,0,,0,0,0,0,0,0,0,0,0,0,0,0
00-0037664,A.Pierce,Alec Pierce,WR,WR,"https://static.www.nfl.com/image/upload/f_auto,q_auto/league/qcg9t51wgp3hicavmkmy",2025,14,REG,2025_14_IND_JAX,IND,JAX,0,0,0,0,0,0,0,0,0,0,0,0,,,0,,0,0,0,0,0,0,0,0,0,0,,0,0,0,0,0,5,8,80,0,0,0,99,40,4,5.97761353338137,0,3,3,1,0,0.808080808080808,0.222222222222222,0.426724137931035,0.632040229885057,0,1,0,0,0,0,0,0,0,0,0,0,0,0,0,0,0,0,0,0,0,0,0,0,0,0,0,0,0,0,0,0,0,0,0,0,0,0,0,0,0,0,,,0,0,0,0,0,0,0,0,0,0,0,0,,,,0,0,0,0,0,0,0,,0,0,0,0,0,0,0,,0,0,0,0,0,0,0,0,0,0,8,13
00-0037665,S.Williams,Sam Williams,LB,LB,"https://static.www.nfl.com/image/upload/f_auto,q_auto/league/dffnhnfk8qloazleesuj",2025,14,REG,2025_14_DAL_DET,DAL,DET,0,0,0,0,0,0,0,0,0,0,0,0,,,0,,0,0,0,0,0,0,0,0,0,0,,0,0,0,0,0,0,0,0,0,0,0,0,0,0,,0,0,0,0,0,,0,0,0,0,1,0,2,0,0,0,0,0,1,0,0,0,0,0,0,0,0,1,0,0,0,0,0,0,0,0,0,0,0,0,0,0,0,0,0,0,0,0,0,0,0,,,0,0,0,0,0,0,0,0,0,0,0,0,,,,0,0,0,0,0,0,0,,0,0,0,0,0,0,0,,0,0,0,0,0,0,0,0,0,0,0,0
00-0037692,B.Aubrey,Brandon Aubrey,K,SPEC,"https://static.www.nfl.com/image/upload/f_auto,q_auto/league/bgwg06zmyohjxvzznbf6",2025,14,REG,2025_14_DAL_DET,DAL,DET,0,0,0,0,0,0,0,0,0,0,0,0,,,0,,0,0,0,0,0,0,0,0,0,0,,0,0,0,0,0,0,0,0,0,0,0,0,0,0,,0,0,0,0,0,,0,0,0,0,1,0,0,0,0,0,0,0,0,0,0,0,0,0,0,0,0,0,0,0,0,0,0,0,0,0,0,0,0,0,0,0,0,0,0,0,0,5,5,0,0,63,1,0,1,0,1,2,1,0,0,0,0,0,0,57;42;55;63;29,,,246,0,0,1,1,0,0,1,0,0,0,0,0,0,0,,0,0,0,0,0,0,0,0,0,0,0,0
00-0037741,J.Dotson,Jahan Dotson,WR,WR,"https://static.www.nfl.com/image/upload/f_auto,q_auto/league/gwuibfw7ljxudxtldcvh",2025,14,REG,2025_14_PHI_LAC,PHI,LAC,0,0,0,0,0,0,0,0,0,0,0,0,,,0,,0,0,0,0,0,0,0,0,0,0,,0,0,0,0,0,1,3,3,0,0,0,44,0,0,-6.3570180387469,0,0,0,0,0,0.0681818181818182,0.0789473684210526,0.107843137254902,0.19391124871001,0,0,0,0,0,0,0,0,0,0,0,0,0,0,0,0,0,0,0,0,0,0,0,0,0,0,0,0,0,0,0,0,0,0,0,0,0,0,0,0,0,0,,,0,0,0,0,0,0,0,0,0,0,0,0,,,,0,0,0,0,0,0,0,,0,0,0,0,0,0,0,,0,0,0,0,0,0,0,0,0,0,0.3,1.3
00-0037742,T.Burks,Treylon Burks,WR,WR,"https://static.www.nfl.com/image/upload/f_auto,q_auto/league/bmozbzdxgnnwdniuvgnn",2025,14,REG,2025_14_WAS_MIN,WAS,MIN,0,0,0,0,0,0,0,0,0,0,0,0,,,0,,0,0,0,0,0,0,0,0,0,0,,0,0,0,0,0,0,1,0,0,0,0,11,0,0,-5.08582355384715,0,0,0,0,0,0,0.05,0.0956521739130435,0.14195652173913,0,0,0,1,0,0,0,0,0,0,0,0,0,0,0,0,0,0,0,0,0,0,0,0,0,0,0,0,0,0,0,0,0,0,0,0,0,0,0,0,0,0,,,0,0,0,0,0,0,0,0,0,0,0,0,,,,0,0,0,0,0,0,0,,0,0,0,0,0,0,0,,0,0,0,0,0,0,0,0,0,0,0,0
00-0037743,D.Hill,Daxton Hill,DB,DB,"https://static.www.nfl.com/image/upload/f_auto,q_auto/league/onw9ijbhtrdvjqpi0toh",2025,14,REG,2025_14_CIN_BUF,CIN,BUF,0,0,0,0,0,0,0,0,0,0,0,0,,,0,,0,0,0,0,0,0,0,0,0,0,,0,0,0,0,0,0,0,0,0,0,0,0,0,0,,0,0,0,0,0,,0,0,0,0,2,0,3,0,0,0,0,0,0,0,0,1,0,0,0,0,0,0,0,0,0,0,0,0,0,0,1,5,0,0,0,0,0,0,0,0,0,0,0,0,0,,,0,0,0,0,0,0,0,0,0,0,0,0,,,,0,0,0,0,0,0,0,,0,0,0,0,0,0,0,,0,0,0,0,0,0,0,0,0,0,0,0
00-0037744,T.McBride,Trey McBride,TE,TE,"https://static.www.nfl.com/image/upload/f_auto,q_auto/league/psasp10nn5pcvkli9kil",2025,14,REG,2025_14_LA_ARI,ARI,LA,0,0,0,0,0,0,0,0,0,0,0,0,,,0,,0,0,0,0,0,0,0,0,0,0,,0,0,0,0,0,5,9,58,0,0,0,71,37,2,-0.267248866090085,0,2,2,1,0,0.816901408450704,0.204545454545455,0.201704545454545,0.448011363636364,0,0,0,0,0,0,0,0,0,0,0,0,0,0,0,0,0,0,0,0,0,0,0,0,0,0,0,0,0,0,0,0,0,0,0,0,0,0,0,0,0,0,,,0,0,0,0,0,0,0,0,0,0,0,0,,,,0,0,0,0,0,0,0,,0,0,0,0,0,0,0,,0,0,0,0,0,0,0,0,0,0,5.8,10.8
00-0037745,V.Jones,Velus Jones Jr.,WR,WR,"https://static.www.nfl.com/image/upload/f_auto,q_auto/league/d4y5fxivhcxk34q7stpb",2025,14,REG,2025_14_SEA_ATL,SEA,ATL,0,0,0,0,0,0,0,0,0,0,0,0,,,0,,0,0,0,0,4,32,0,0,0,1,1.15214592474513,0,1,1,1,0,0,0,0,0,0,0,0,0,0,,0,0,0,0,0,,0,0,0,0,0,0,1,0,0,0,0,0,0,0,0,0,0,0,0,0,0,0,0,0,0,0,0,0,0,0,0,0,0,0,0,0,0,0,0,0,0,0,0,0,0,,,0,0,0,0,0,0,0,0,0,0,0,0,,,,0,0,0,0,0,0,0,,0,0,0,0,0,0,0,,0,0,0,0,0,0,0,0,0,0,3.2,3.2
00-0037752,T.Anderson,Tycen Anderson,SAF,DB,"https://static.www.nfl.com/image/upload/f_auto,q_auto/league/bcj31sdowvuw6gqh5zzj",2025,14,REG,2025_14_CIN_BUF,CIN,BUF,0,0,0,0,0,0,0,0,0,0,0,0,,,0,,0,0,0,0,0,0,0,0,0,0,,0,0,0,0,0,0,0,0,0,0,0,0,0,0,,0,0,0,0,0,,0,0,0,0,0,0,1,0,0,0,0,0,0,0,0,0,0,0,0,0,0,0,0,0,0,0,0,0,0,0,0,0,0,0,0,0,0,0,0,0,0,0,0,0,0,,,0,0,0,0,0,0,0,0,0,0,0,0,,,,0,0,0,0,0,0,0,,0,0,0,0,0,0,0,,0,0,0,0,0,0,0,0,0,0,0,0
00-0037756,T.Jones,Travis Jones,DT,DL,"https://static.www.nfl.com/image/upload/f_auto,q_auto/league/wm1f5uddgq3xmivgmrkz",2025,14,REG,2025_14_PIT_BAL,BAL,PIT,0,0,0,0,0,0,0,0,0,0,0,0,,,0,,0,0,0,0,0,0,0,0,0,0,,0,0,0,0,0,0,0,0,0,0,0,0,0,0,,0,0,0,0,0,,0,0,0,0,1,0,0,0,0,0,0,0,0,0,0,0,0,0,0,0,0,0,0,0,0,0,0,0,0,0,1,7,0,0,0,0,0,0,0,0,0,0,0,0,0,,,0,0,0,0,0,0,0,0,0,0,0,0,,,,0,0,0,0,0,0,0,,0,0,0,0,0,0,0,,0,0,0,0,0,0,0,0,0,0,0,0
00-0037757,B.Raimann,Bernhard Raimann,OT,OL,"https://static.www.nfl.com/image/upload/f_auto,q_auto/league/jfvsfwx5pyuj17pmpbqf",2025,14,REG,2025_14_IND_JAX,IND,JAX,0,0,0,0,0,0,0,0,0,0,0,0,,,0,,0,0,0,0,0,0,0,0,0,0,,0,0,0,0,0,0,0,0,0,0,0,0,0,0,,0,0,0,0,0,,0,0,0,0,0,0,0,0,0,0,0,0,0,0,0,0,0,0,0,0,0,0,0,0,0,0,0,0,0,0,1,5,0,0,0,0,0,0,0,0,0,0,0,0,0,,,0,0,0,0,0,0,0,0,0,0,0,0,,,,0,0,0,0,0,0,0,,0,0,0,0,0,0,0,,0,0,0,0,0,0,0,0,0,0,0,0
00-0037799,D.Tillman,Dondrea Tillman,LB,LB,"https://static.www.nfl.com/image/upload/f_auto,q_auto/league/rqo88erhkag4dfighxdw",2025,14,REG,2025_14_DEN_LV,DEN,LV,0,0,0,0,0,0,0,0,0,0,0,0,,,0,,0,0,0,0,0,0,0,0,0,0,,0,0,0,0,0,0,0,0,0,0,0,0,0,0,,0,0,0,0,0,,0,0,0,0,0,0,1,0,0,0,0,0,0,0,0,0,0,0,0,0,0,0,0,0,0,0,0,0,0,0,0,0,0,0,0,0,0,0,0,0,0,0,0,0,0,,,0,0,0,0,0,0,0,0,0,0,0,0,,,,0,0,0,0,0,0,0,,0,0,0,0,0,0,0,,0,0,0,0,0,0,0,0,0,0,0,0
00-0037801,K.Turpin,KaVontae Turpin,WR,WR,"https://static.www.nfl.com/image/upload/f_auto,q_auto/league/tayjlp1hgmm6rewgl1k4",2025,14,REG,2025_14_DAL_DET,DAL,DET,0,0,0,0,0,0,0,0,0,0,0,0,,,0,,0,0,0,0,1,4,0,0,0,0,-0.110645872075111,0,0,0,0,0,2,2,26,0,0,0,12,14,2,2.15535063651623,0,1,1,1,0,2.16666666666667,0.0425531914893617,0.0241448692152918,0.0807311956847468,0,0,0,0,0,0,0,0,0,0,0,0,0,0,0,0,0,0,0,0,0,0,0,0,0,0,0,0,0,0,0,0,0,0,1,0,7,176,0,0,0,0,,,0,0,0,0,0,0,0,0,0,0,0,0,,,,0,0,0,0,0,0,0,,0,0,0,0,0,0,0,,0,0,0,0,0,0,0,0,0,0,3,5
00-0037805,J.Ruckert,Jeremy Ruckert,TE,TE,"https://static.www.nfl.com/image/upload/f_auto,q_auto/league/bcqcta7r1uee3rqhejdh",2025,14,REG,2025_14_MIA_NYJ,NYJ,MIA,0,0,0,0,0,0,0,0,0,0,0,0,,,0,,0,0,0,0,0,0,0,0,0,0,,0,0,0,0,0,2,3,19,0,0,0,12,12,1,0.339426487626042,0,1,0,0,0,1.58333333333333,0.09375,0.041522491349481,0.169690743944637,0,0,0,0,0,0,0,0,0,0,0,0,0,0,0,0,0,0,0,0,0,0,0,0,0,0,0,1,10,0,0,0,0,0,0,0,0,0,0,0,0,0,,,0,0,0,0,0,0,0,0,0,0,0,0,,,,0,0,0,0,0,0,0,,0,0,0,0,0,0,0,,0,0,0,0,0,0,0,0,0,0,1.9,3.9
00-0037809,C.Okonkwo,Chig Okonkwo,TE,TE,"https://static.www.nfl.com/image/upload/f_auto,q_auto/league/pzcez6pi9tpdqkmjjnzk",2025,14,REG,2025_14_TEN_CLE,TEN,CLE,0,0,0,0,0,0,0,0,0,0,0,0,,,0,,0,0,0,0,0,0,0,0,0,0,,0,0,0,0,0,2,2,20,0,0,0,1,19,1,2.19766227033688,0,1,0,0,0,20,0.08,0.00574712643678161,0.124022988505747,0,0,0,0,0,0,0,0,0,0,0,0,0,0,0,0,0,0,0,0,0,0,0,0,0,0,0,1,5,0,0,0,0,0,0,0,0,0,0,0,0,0,,,0,0,0,0,0,0,0,0,0,0,0,0,,,,0,0,0,0,0,0,0,,0,0,0,0,0,0,0,,0,0,0,0,0,0,0,0,0,0,2,4
00-0037813,C.Tindall,Channing Tindall,LB,LB,"https://static.www.nfl.com/image/upload/f_auto,q_auto/league/ctza0keuuokbbxk2kg2p",2025,14,REG,2025_14_LA_ARI,ARI,LA,0,0,0,0,0,0,0,0,0,0,0,0,,,0,,0,0,0,0,0,0,0,0,0,0,,0,0,0,0,0,0,0,0,0,0,0,0,0,0,,0,0,0,0,0,,0,0,0,0,1,0,2,0,0,0,0,0,0,0,0,0,0,0,0,0,0,0,0,0,0,0,0,0,0,0,0,0,0,0,0,0,0,0,0,0,0,0,0,0,0,,,0,0,0,0,0,0,0,0,0,0,0,0,,,,0,0,0,0,0,0,0,,0,0,0,0,0,0,0,,0,0,0,0,0,0,0,0,0,0,0,0
00-0037816,R.Doubs,Romeo Doubs,WR,WR,"https://static.www.nfl.com/image/upload/f_auto,q_auto/league/yxvzijmgwyyigljxfmyb",2025,14,REG,2025_14_CHI_GB,GB,CHI,0,0,0,0,0,0,0,0,0,0,0,0,,,0,,0,0,0,0,0,0,0,0,0,0,,0,0,0,0,0,0,2,0,0,0,0,65,0,0,-1.8736178772524,0,0,0,0,0,0,0.0869565217391304,0.209003215434084,0.276737033412554,0,0,0,0,0,0,0,0,0,0,0,0,0,0,0,0,0,0,0,0,0,0,0,0,0,0,0,0,0,0,0,0,0,0,1,7,0,0,0,0,0,0,,,0,0,0,0,0,0,0,0,0,0,0,0,,,,0,0,0,0,0,0,0,,0,0,0,0,0,0,0,,0,0,0,0,0,0,0,0,0,0,0,0
00-0037817,Z.Tom,Zach Bako-Bewele,G,OL,"https://static.www.nfl.com/image/upload/f_auto,q_auto/league/rciezth8ldzcpq7yqbde",2025,14,REG,2025_14_CHI_GB,GB,CHI,0,0,0,0,0,0,0,0,0,0,0,0,,,0,,0,0,0,0,0,0,0,0,0,0,,0,0,0,0,0,0,0,0,0,0,0,0,0,0,,0,0,0,0,0,,0,0,0,0,1,0,0,0,0,0,0,0,0,0,0,0,0,0,0,0,0,0,0,0,0,0,0,0,0,0,0,0,0,0,0,0,0,0,0,0,0,0,0,0,0,,,0,0,0,0,0,0,0,0,0,0,0,0,,,,0,0,0,0,0,0,0,,0,0,0,0,0,0,0,,0,0,0,0,0,0,0,0,0,0,0,0
00-0037819,L.Chenal,Leo Chenal,LB,LB,"https://static.www.nfl.com/image/upload/f_auto,q_auto/league/vjl1lsaotcqcxkhm2std",2025,14,REG,2025_14_HOU_KC,KC,HOU,0,0,0,0,0,0,0,0,0,0,0,0,,,0,,0,0,0,0,0,0,0,0,0,0,,0,0,0,0,0,0,0,0,0,0,0,0,0,0,,0,0,0,0,0,,0,0,0,0,2,0,1,0,0,0,0,0,0,0,0,0,0,0,0,0,0,0,0,0,0,0,0,0,0,0,0,0,0,0,0,0,0,0,0,0,0,0,0,0,0,,,0,0,0,0,0,0,0,0,0,0,0,0,,,,0,0,0,0,0,0,0,,0,0,0,0,0,0,0,,0,0,0,0,0,0,0,0,0,0,0,0
00-0037825,T.Linderbaum,Tyler Linderbaum,C,OL,"https://static.www.nfl.com/image/upload/f_auto,q_auto/league/fh4i4wf9f4nslburymqu",2025,14,REG,2025_14_PIT_BAL,BAL,PIT,0,0,0,0,0,0,0,0,0,0,0,0,,,0,,0,0,0,0,0,0,0,0,0,0,,0,0,0,0,0,0,0,0,0,0,0,0,0,0,,0,0,0,0,0,,0,0,0,0,1,0,0,0,0,0,0,0,0,0,0,0,0,0,0,0,0,0,0,0,0,0,0,0,0,0,0,0,0,0,0,0,0,0,0,0,0,0,0,0,0,,,0,0,0,0,0,0,0,0,0,0,0,0,,,,0,0,0,0,0,0,0,,0,0,0,0,0,0,0,,0,0,0,0,0,0,0,0,0,0,0,0
00-0037835,L.Goedeke,Luke Goedeke,OT,OL,"https://static.www.nfl.com/image/upload/f_auto,q_auto/league/sqxcnkcippzfz3mx2thm",2025,14,REG,2025_14_NO_TB,TB,NO,0,0,0,0,0,0,0,0,0,0,0,0,,,0,,0,0,0,0,0,0,0,0,0,0,,0,0,0,0,0,0,0,0,0,0,0,0,0,0,,0,0,0,0,0,,0,0,0,0,0,0,0,0,0,0,0,0,0,0,0,0,0,0,0,0,0,0,0,0,0,0,0,0,0,0,1,5,0,0,0,0,0,0,0,0,0,0,0,0,0,,,0,0,0,0,0,0,0,0,0,0,0,0,,,,0,0,0,0,0,0,0,,0,0,0,0,0,0,0,,0,0,0,0,0,0,0,0,0,0,0,0
00-0037837,C.Austin,Calvin Austin III,WR,WR,"https://static.www.nfl.com/image/private/f_auto,q_auto/league/qlt6ztqcbu0uzad6aavt",2025,14,REG,2025_14_PIT_BAL,PIT,BAL,0,0,0,0,0,0,0,0,0,0,0,0,,,0,,0,0,0,0,0,0,0,0,0,0,,0,0,0,0,0,1,2,31,0,0,0,24,10,1,1.44968072255142,0,1,1,1,0,1.29166666666667,0.0606060606060606,0.113207547169811,0.170154373927959,0,0,0,0,0,0,0,0,0,0,0,0,0,0,0,0,0,0,0,0,0,0,0,0,0,0,0,0,0,0,0,0,0,0,2,12,0,0,0,0,0,0,,,0,0,0,0,0,0,0,0,0,0,0,0,,,,0,0,0,0,0,0,0,,0,0,0,0,0,0,0,,0,0,0,0,0,0,0,0,0,0,3.1,4.1
00-0037838,I.Likely,Isaiah Likely,TE,TE,"https://static.www.nfl.com/image/upload/f_auto,q_auto/league/b1pahldt9ixp9lssxi2d",2025,14,REG,2025_14_PIT_BAL,BAL,PIT,0,0,0,0,0,0,0,0,0,0,0,0,,,0,,0,0,0,0,0,0,0,0,0,0,,0,0,0,0,0,4,6,25,1,0,0,31,10,2,2.51510363596026,0,0,0,0,0,0.806451612903226,0.181818181818182,0.120622568093385,0.357163070392642,0,0,0,0,0,0,0,0,0,0,0,0,0,0,0,0,0,0,0,0,0,0,0,0,0,0,0,0,0,0,0,0,0,0,0,0,0,0,0,0,0,0,,,0,0,0,0,0,0,0,0,0,0,0,0,,,,0,0,0,0,0,0,0,,0,0,0,0,0,0,0,,0,0,0,0,0,0,0,0,0,0,8.5,12.5
00-0037839,C.Durant,Cobie Durant,CB,DB,"https://static.www.nfl.com/image/upload/f_auto,q_auto/league/oeeeljrjnb0mvvzi6csj",2025,14,REG,2025_14_LA_ARI,LA,ARI,0,0,0,0,0,0,0,0,0,0,0,0,,,0,,0,0,0,0,0,0,0,0,0,0,,0,0,0,0,0,0,0,0,0,0,0,0,0,0,,0,0,0,0,0,,0,0,0,0,1,0,1,0,0,0,0,0,0,0,0,0,0,0,0,0,0,0,0,0,0,0,0,0,0,0,0,0,0,0,0,0,0,0,0,0,0,0,0,0,0,,,0,0,0,0,0,0,0,0,0,0,0,0,,,,0,0,0,0,0,0,0,,0,0,0,0,0,0,0,,0,0,0,0,0,0,0,0,0,0,0,0
00-0037840,K.Williams,Kyren Williams,RB,RB,"https://static.www.nfl.com/image/upload/f_auto,q_auto/league/xti3pek6rmojqchakxpy",2025,14,REG,2025_14_LA_ARI,LA,ARI,0,0,0,0,0,0,0,0,0,0,0,0,,,0,,0,0,0,0,13,84,1,0,0,7,5.637547354243,0,2,1,0,0,2,2,13,0,0,0,4,9,0,0.862390416965354,0,0,0,0,0,3.25,0.0645161290322581,0.0179372197309417,0.109330247360046,0,0,0,0,0,0,0,0,0,0,0,0,0,0,0,0,0,0,0,0,0,0,0,0,0,0,0,0,0,0,0,0,0,0,0,0,0,0,0,0,0,0,,,0,0,0,0,0,0,0,0,0,0,0,0,,,,0,0,0,0,0,0,0,,0,0,0,0,0,0,0,,0,0,0,0,0,0,0,0,0,0,15.7,17.7
00-0037842,D.Kendrick,Derion Kendrick,CB,DB,"https://static.www.nfl.com/image/upload/f_auto,q_auto/league/rhmkstzb8ox2thtdo4k3",2025,14,REG,2025_14_LA_ARI,LA,ARI,0,0,0,0,0,0,0,0,0,0,0,0,,,0,,0,0,0,0,0,0,0,0,0,0,,0,0,0,0,0,0,0,0,0,0,0,0,0,0,,0,0,0,0,0,,0,0,0,0,1,0,0,0,0,0,0,0,0,0,0,0,0,0,0,0,0,0,0,0,0,0,0,0,0,0,0,0,0,0,0,0,0,0,0,0,0,0,0,0,0,,,0,0,0,0,0,0,0,0,0,0,0,0,,,,0,0,0,0,0,0,0,,0,0,0,0,0,0,0,,0,0,0,0,0,0,0,0,0,0,0,0
00-0037843,D.Hardy,Daniel Hardy,DE,DL,"https://static.www.nfl.com/image/upload/f_auto,q_auto/league/z0xxyyeoreq9hcnvllfv",2025,14,REG,2025_14_CHI_GB,CHI,GB,0,0,0,0,0,0,0,0,0,0,0,0,,,0,,0,0,0,0,0,0,0,0,0,0,,0,0,0,0,0,0,0,0,0,0,0,0,0,0,,0,0,0,0,0,,0,0,0,0,1,0,0,0,0,0,0,0,0,0,0,0,0,0,0,0,0,0,0,0,0,0,0,0,0,0,0,0,0,0,0,0,0,0,0,0,0,0,0,0,0,,,0,0,0,0,0,0,0,0,0,0,0,0,,,,0,0,0,0,0,0,0,,0,0,0,0,0,0,0,,0,0,0,0,0,0,0,0,0,0,0,0
00-0038038,K.Hamilton,Kyle Hamilton,SAF,DB,"https://static.www.nfl.com/image/upload/f_auto,q_auto/league/cshtattblpge9ngjve9a",2025,14,REG,2025_14_PIT_BAL,BAL,PIT,0,0,0,0,0,0,0,0,0,0,0,0,,,0,,0,0,0,0,0,0,0,0,0,0,,0,0,0,0,0,0,0,0,0,0,0,0,0,0,,0,0,0,0,0,,0,0,0,0,1,0,2,0,0,0,0,0,0,0,0,0,0,0,0,0,0,0,0,0,0,0,0,0,0,0,0,0,0,0,0,0,0,0,0,0,0,0,0,0,0,,,0,0,0,0,0,0,0,0,0,0,0,0,,,,0,0,0,0,0,0,0,,0,0,0,0,0,0,0,,0,0,0,0,0,0,0,0,0,0,0,0
00-0038039,J.Jones,Jack Jones,CB,DB,"https://static.www.nfl.com/image/upload/f_auto,q_auto/league/ah12ltwvgwl9few2ktqj",2025,14,REG,2025_14_MIA_NYJ,MIA,NYJ,0,0,0,0,0,0,0,0,0,0,0,0,,,0,,0,0,0,0,0,0,0,0,0,0,,0,0,0,0,0,0,0,0,0,0,0,0,0,0,,0,0,0,0,0,,0,0,0,0,0,0,4,0,0,0,0,0,0,0,0,0,0,0,0,0,0,0,0,0,0,0,0,0,0,0,0,0,0,0,0,0,0,0,0,0,0,0,0,0,0,,,0,0,0,0,0,0,0,0,0,0,0,0,,,,0,0,0,0,0,0,0,,0,0,0,0,0,0,0,,0,0,0,0,0,0,0,0,0,0,0,0
00-0038041,J.Ferguson,Jake Ferguson,TE,TE,"https://static.www.nfl.com/image/upload/f_auto,q_auto/league/xpykb0tbosfwsn6dqstb",2025,14,REG,2025_14_DAL_DET,DAL,DET,0,0,0,0,0,0,0,0,0,0,0,0,,,0,,0,0,0,0,0,0,0,0,0,0,,0,0,0,0,0,5,7,58,0,1,1,61,12,2,-1.95138751182776,1,4,1,0,0,0.950819672131147,0.148936170212766,0.122736418511066,0.309319748276895,0,0,0,0,0,0,0,0,0,0,0,0,0,0,0,0,0,0,0,0,0,0,1,0,0,0,0,0,0,1,0,0,1,1,0,0,0,0,0,0,0,0,,,0,0,0,0,0,0,0,0,0,0,0,0,,,,0,0,0,0,0,0,0,,0,0,0,0,0,0,0,,0,0,0,0,0,0,0,0,0,0,5.8,10.8
00-0038046,C.Kolar,Charlie Kolar,TE,TE,"https://static.www.nfl.com/image/upload/f_auto,q_auto/league/g75ws8vkqz9cqwifhcy7",2025,14,REG,2025_14_PIT_BAL,BAL,PIT,0,0,0,0,0,0,0,0,0,0,0,0,,,0,,0,0,0,0,0,0,0,0,0,0,,0,0,0,0,0,1,1,19,0,0,0,15,4,1,0.931060991511913,0,1,1,0,0,1.26666666666667,0.0303030303030303,0.0583657587548638,0.0863105765829501,0,0,0,0,0,0,0,0,0,0,0,0,0,0,0,0,0,0,0,0,0,0,0,0,0,0,0,0,0,0,0,0,0,0,0,0,0,0,0,0,0,0,,,0,0,0,0,0,0,0,0,0,0,0,0,,,,0,0,0,0,0,0,0,,0,0,0,0,0,0,0,,0,0,0,0,0,0,0,0,0,0,1.9,2.9
00-0038094,J.Stout,Jordan Stout,P,SPEC,"https://static.www.nfl.com/image/upload/f_auto,q_auto/league/eeftrwsh0aigc7r22goy",2025,14,REG,2025_14_PIT_BAL,BAL,PIT,0,0,0,0,0,0,0,0,0,0,0,0,,,0,,0,0,0,0,0,0,0,0,0,0,,0,0,0,0,0,0,0,0,0,0,0,0,0,0,,0,0,0,0,0,,0,0,0,0,0,0,0,0,0,0,0,0,0,0,0,0,0,0,0,0,0,0,0,0,0,0,0,0,0,0,0,0,0,0,0,0,0,0,0,0,0,0,0,0,0,,,0,0,0,0,0,0,0,0,0,0,0,0,,,,0,0,0,0,0,0,0,,0,0,0,0,0,2,0,54,102,0,0,0,0,0,2,12,0,90,0,0
00-0038100,P.Butler,Percy Butler,SAF,DB,"https://static.www.nfl.com/image/upload/f_auto,q_auto/league/uqx9zb1asrcvsenbus1p",2025,14,REG,2025_14_WAS_MIN,WAS,MIN,0,0,0,0,0,0,0,0,0,0,0,0,,,0,,0,0,0,0,0,0,0,0,0,0,,0,0,0,0,0,0,0,0,0,0,0,0,0,0,,0,0,0,0,0,,0,0,0,0,0,0,0,0,0,0,0,0,0,0,0,0,0,0,0,0,0,0,0,0,0,0,0,0,0,0,1,10,0,0,0,0,0,0,0,0,0,0,0,0,0,,,0,0,0,0,0,0,0,0,0,0,0,0,,,,0,0,0,0,0,0,0,,0,0,0,0,0,0,0,,0,0,0,0,0,0,0,0,0,0,0,0
00-0038102,K.Pickett,Kenny Pickett,QB,QB,"https://static.www.nfl.com/image/upload/f_auto,q_auto/league/gw6lyiuevyuspfkglnmj",2025,14,REG,2025_14_DEN_LV,LV,DEN,8,11,97,1,0,1,-5,0,0,93,11,4,1.85444914084941,13.1524276733398,0,1.04301075268817,4,3,2,0,1,6,0,0,0,1,0.231041668856051,0,0,0,0,0,0,0,0,0,0,0,0,0,0,,0,0,0,0,0,,0,0,0,0,0,0,0,0,0,0,0,0,0,0,0,0,0,0,0,0,0,0,0,0,0,0,0,0,0,0,0,0,0,0,0,0,0,0,0,0,0,0,0,0,0,,,0,0,0,0,0,0,0,0,0,0,0,0,,,,0,0,0,0,0,0,0,,0,0,0,0,0,0,0,,0,0,0,0,0,0,0,0,0,0,8.48,8.48
00-0038104,T.Thornton,Tyquan Thornton,WR,WR,"https://static.www.nfl.com/image/upload/f_auto,q_auto/league/bjqzuempyiwxe0hl7e5a",2025,14,REG,2025_14_HOU_KC,KC,HOU,0,0,0,0,0,0,0,0,0,0,0,0,,,0,,0,0,0,0,0,0,0,0,0,0,,0,0,0,0,0,2,3,19,0,0,0,67,0,2,1.06860789039638,0,1,0,0,0,0.283582089552239,0.103448275862069,0.231833910034602,0.317456150817325,0,0,0,0,0,0,0,0,0,0,0,0,0,0,0,0,0,0,0,0,0,0,0,0,0,0,0,0,0,0,0,0,0,0,0,0,2,54,0,0,0,0,,,0,0,0,0,0,0,0,0,0,0,0,0,,,,0,0,0,0,0,0,0,,0,0,0,0,0,0,0,,0,0,0,0,0,0,0,0,0,0,1.9,3.9
00-0038107,M.Clemons,Micheal Clemons,DE,DL,"https://static.www.nfl.com/image/upload/f_auto,q_auto/league/kzhxrfgymul56cld8omq",2025,14,REG,2025_14_MIA_NYJ,NYJ,MIA,0,0,0,0,0,0,0,0,0,0,0,0,,,0,,0,0,0,0,0,0,0,0,0,0,,0,0,0,0,0,0,0,0,0,0,0,0,0,0,,0,0,0,0,0,,0,0,0,0,0,1,4,1,6,0,0,0,1,0,0,0,0,0,0,0,0,0,0,0,0,0,0,0,0,0,0,0,0,0,0,0,0,0,0,0,0,0,0,0,0,,,0,0,0,0,0,0,0,0,0,0,0,0,,,,0,0,0,0,0,0,0,,0,0,0,0,0,0,0,,0,0,0,0,0,0,0,0,0,0,0,0
00-0038112,C.Jurgens,Cam Jurgens,C,OL,"https://static.www.nfl.com/image/upload/f_auto,q_auto/league/j2vljio1hfmqcwj3pd5m",2025,14,REG,2025_14_PHI_LAC,PHI,LAC,0,0,0,0,0,0,0,0,0,0,0,0,,,0,,0,0,0,0,0,0,0,0,0,0,,0,0,0,0,0,0,0,0,0,0,0,0,0,0,,0,0,0,0,0,,0,0,0,0,0,0,0,0,0,0,0,0,0,0,0,0,0,0,0,0,0,0,0,0,0,0,0,0,0,0,1,10,0,0,0,0,0,0,0,0,0,0,0,0,0,,,0,0,0,0,0,0,0,0,0,0,0,0,,,,0,0,0,0,0,0,0,,0,0,0,0,0,0,0,,0,0,0,0,0,0,0,0,0,0,0,0
00-0038116,A.Ebiketie,Arnold Ebiketie,LB,LB,"https://static.www.nfl.com/image/upload/f_auto,q_auto/league/w5sjq8cj5tdar5ttlll7",2025,14,REG,2025_14_SEA_ATL,ATL,SEA,0,0,0,0,0,0,0,0,0,0,0,0,,,0,,0,0,0,0,0,0,0,0,0,0,,0,0,0,0,0,0,0,0,0,0,0,0,0,0,,0,0,0,0,0,,0,0,0,0,0,0,2,0,0,0,0,0,0,0,0,1,0,0,0,0,0,0,0,0,0,0,0,0,0,0,0,0,0,0,0,0,0,0,0,0,0,0,0,0,0,,,0,0,0,0,0,0,0,0,0,0,0,0,,,,0,0,0,0,0,0,0,,0,0,0,0,0,0,0,,0,0,0,0,0,0,0,0,0,0,0,0
00-0038120,B.Hall,Breece Hall,RB,RB,"https://static.www.nfl.com/image/upload/f_auto,q_auto/league/i01xtqbfajfq68lb6orh",2025,14,REG,2025_14_MIA_NYJ,NYJ,MIA,0,0,0,0,0,0,0,0,0,0,0,0,,,0,,0,0,0,0,14,43,0,0,0,1,-3.52816601481754,0,1,0,0,0,0,1,0,0,0,0,0,0,0,-1.01298709616244,0,0,0,0,0,,0.03125,0,0.046875,0,0,0,0,0,0,0,0,0,0,0,0,0,0,0,0,0,0,0,0,0,0,1,0,0,0,0,0,0,0,0,0,0,0,0,0,0,0,0,0,0,0,,,0,0,0,0,0,0,0,0,0,0,0,0,,,,0,0,0,0,0,0,0,,0,0,0,0,0,0,0,,0,0,0,0,0,0,0,0,0,0,4.3,4.3
00-0038121,A.Taylor,Alontae Taylor,CB,DB,"https://static.www.nfl.com/image/upload/f_auto,q_auto/league/avogci7ghtzxoxdcdtnx",2025,14,REG,2025_14_NO_TB,NO,TB,0,0,0,0,0,0,0,0,0,0,0,0,,,0,,0,0,0,0,0,0,0,0,0,0,,0,0,0,0,0,0,0,0,0,0,0,0,0,0,,0,0,0,0,0,,0,0,0,0,1,0,1,0,0,0,0,0,0,1,10,2,0,0,0,0,0,0,0,0,0,0,0,0,0,0,0,0,0,0,0,0,0,0,0,0,0,0,0,0,0,,,0,0,0,0,0,0,0,0,0,0,0,0,,,,0,0,0,0,0,0,0,,0,0,0,0,0,0,0,,0,0,0,0,0,0,0,0,0,0,0,0
00-0038124,C.Watson,Christian Watson,WR,WR,"https://static.www.nfl.com/image/upload/f_auto,q_auto/league/tumeg4d32sirkab2xzu5",2025,14,REG,2025_14_CHI_GB,GB,CHI,0,0,0,0,0,0,0,0,0,0,0,0,,,0,,0,0,0,0,0,0,0,0,0,0,,0,0,0,0,0,4,4,89,2,0,0,43,46,3,9.62194879795425,0,3,3,2,1,2.06976744186047,0.173913043478261,0.138263665594855,0.35765413113379,0,0,0,0,0,0,0,0,0,0,0,0,0,0,0,0,0,0,0,0,0,0,0,0,0,0,0,0,0,0,0,0,0,0,0,0,0,0,0,0,0,0,,,0,0,0,0,0,0,0,0,0,0,0,0,,,,0,0,0,0,0,0,0,,0,0,0,0,0,0,0,,0,0,0,0,0,0,0,0,0,0,20.9,24.9
00-0038127,L.Hall,Logan Hall,DE,DL,"https://static.www.nfl.com/image/upload/f_auto,q_auto/league/k96urywunaosfsjayoyk",2025,14,REG,2025_14_NO_TB,TB,NO,0,0,0,0,0,0,0,0,0,0,0,0,,,0,,0,0,0,0,0,0,0,0,0,0,,0,0,0,0,0,0,0,0,0,0,0,0,0,0,,0,0,0,0,0,,0,0,0,0,0,0,2,0,0,0,0,0,0,0,0,0,0,0,0,0,0,0,0,0,0,0,0,0,0,0,1,5,0,0,0,0,0,0,0,0,0,0,0,0,0,,,0,0,0,0,0,0,0,0,0,0,0,0,,,,0,0,0,0,0,0,0,,0,0,0,0,0,0,0,,0,0,0,0,0,0,0,0,0,0,0,0
00-0038129,C.Otton,Cade Otton,TE,TE,"https://static.www.nfl.com/image/upload/f_auto,q_auto/league/yanr6h9aplae3jyzimf7",2025,14,REG,2025_14_NO_TB,TB,NO,0,0,0,0,0,0,0,0,0,0,0,0,,,0,,0,0,0,0,0,0,0,0,0,0,,0,0,0,0,0,3,4,19,0,0,0,25,13,0,-1.12605780117935,0,0,0,0,0,0.76,0.142857142857143,0.108695652173913,0.290372670807453,0,0,0,0,0,0,0,0,0,0,0,0,0,0,0,0,0,0,0,0,0,0,0,0,0,0,0,0,0,0,0,0,0,0,0,0,0,0,0,0,0,0,,,0,0,0,0,0,0,0,0,0,0,0,0,,,,0,0,0,0,0,0,0,,0,0,0,0,0,0,0,,0,0,0,0,0,0,0,0,0,0,1.9,4.9
00-0038133,B.Mafe,Boye Mafe,DE,DL,"https://static.www.nfl.com/image/upload/f_auto,q_auto/league/fkiu8drhb66rzmqjeg7w",2025,14,REG,2025_14_SEA_ATL,SEA,ATL,0,0,0,0,0,0,0,0,0,0,0,0,,,0,,0,0,0,0,0,0,0,0,0,0,,0,0,0,0,0,0,0,0,0,0,0,0,0,0,,0,0,0,0,0,,0,0,0,0,1,0,2,0,0,0,0,0,0,0,0,1,0,0,0,0,0,0,0,0,0,0,0,0,0,0,0,0,0,0,0,0,0,0,0,0,0,0,0,0,0,,,0,0,0,0,0,0,0,0,0,0,0,0,,,,0,0,0,0,0,0,0,,0,0,0,0,0,0,0,,0,0,0,0,0,0,0,0,0,0,0,0
00-0038134,K.Walker,Kenneth Walker III,RB,RB,"https://static.www.nfl.com/image/upload/f_auto,q_auto/league/vk6nruaqdewdglofcwwg",2025,14,REG,2025_14_SEA_ATL,SEA,ATL,0,0,0,0,0,0,0,0,0,0,0,0,,,0,,0,0,0,0,10,29,0,0,0,2,-2.58478629804449,0,1,0,0,0,1,3,-1,0,0,0,11,3,0,-1.86277441529091,0,0,0,0,0,-0.0909090909090909,0.1,0.0431372549019608,0.180196078431373,0,0,0,1,0,0,0,0,0,0,0,0,0,0,0,0,0,0,0,0,0,0,0,0,0,0,0,0,0,0,0,0,0,0,0,0,0,0,0,0,0,0,,,0,0,0,0,0,0,0,0,0,0,0,0,,,,0,0,0,0,0,0,0,,0,0,0,0,0,0,0,,0,0,0,0,0,0,0,0,0,0,2.8,3.8
00-0038135,J.Brisker,Jaquan Brisker,SAF,DB,"https://static.www.nfl.com/image/upload/f_auto,q_auto/league/ng47khcomgkkfrmelstp",2025,14,REG,2025_14_CHI_GB,CHI,GB,0,0,0,0,0,0,0,0,0,0,0,0,,,0,,0,0,0,0,0,0,0,0,0,0,,0,0,0,0,0,0,0,0,0,0,0,0,0,0,,0,0,0,0,0,,0,0,0,0,2,0,0,0,0,0,0,0,0,0,0,0,0,0,0,0,0,0,0,0,0,0,0,0,0,0,0,0,0,0,0,0,0,0,0,0,0,0,0,0,0,,,0,0,0,0,0,0,0,0,0,0,0,0,,,,0,0,0,0,0,0,0,,0,0,0,0,0,0,0,,0,0,0,0,0,0,0,0,0,0,0,0
00-0038136,C.Bryant,Coby Bryant,CB,DB,"https://static.www.nfl.com/image/upload/f_auto,q_auto/league/kfojqisbt4anuiecraw5",2025,14,REG,2025_14_SEA_ATL,SEA,ATL,0,0,0,0,0,0,0,0,0,0,0,0,,,0,,0,0,0,0,0,0,0,0,0,0,,0,0,0,0,0,0,0,0,0,0,0,0,0,0,,0,0,0,0,0,,0,0,0,0,1,0,1,0,0,0,0,0,0,0,0,0,0,0,0,0,0,0,0,0,0,0,0,0,0,0,0,0,0,0,0,0,0,0,0,0,0,0,0,0,0,,,0,0,0,0,0,0,0,0,0,0,0,0,,,,0,0,0,0,0,0,0,,0,0,0,0,0,0,0,,0,0,0,0,0,0,0,0,0,0,0,0
00-0038142,D.Ojabo,David Ojabo,LB,LB,"https://static.www.nfl.com/image/upload/f_auto,q_auto/league/rnsae4ly9l4xzuszzfdi",2025,14,REG,2025_14_PIT_BAL,BAL,PIT,0,0,0,0,0,0,0,0,0,0,0,0,,,0,,0,0,0,0,0,0,0,0,0,0,,0,0,0,0,0,0,0,0,0,0,0,0,0,0,,0,0,0,0,0,,0,0,0,0,1,0,0,0,0,0,0,0,0,0,0,0,0,0,0,0,0,0,0,0,0,0,0,0,0,0,0,0,0,0,0,0,0,0,0,0,0,0,0,0,0,,,0,0,0,0,0,0,0,0,0,0,0,0,,,,0,0,0,0,0,0,0,,0,0,0,0,0,0,0,,0,0,0,0,0,0,0,0,0,0,0,0
00-0038359,X.Smith,Xavier Smith,WR,WR,"https://static.www.nfl.com/image/upload/f_auto,q_auto/league/hqvwpitewijx8bjrcofe",2025,14,REG,2025_14_LA_ARI,LA,ARI,0,0,0,0,0,0,0,0,0,0,0,0,,,0,,0,0,0,0,0,0,0,0,0,0,,0,0,0,0,0,1,1,6,0,0,0,6,0,0,0.132993671577424,0,0,0,0,0,1,0.032258064516129,0.0269058295964126,0.0672211774916823,0,0,0,0,0,0,0,0,0,0,0,0,0,0,0,0,0,0,0,0,0,0,0,0,0,0,0,0,0,0,0,0,0,0,3,46,0,0,0,0,0,0,,,0,0,0,0,0,0,0,0,0,0,0,0,,,,0,0,0,0,0,0,0,,0,0,0,0,0,0,0,,0,0,0,0,0,0,0,0,0,0,0.6,1.6
00-0038381,K.Kelly,Kyu Blu Kelly,CB,DB,"https://static.www.nfl.com/image/upload/f_auto,q_auto/league/jmwlrbcsuzckrohnwgdu",2025,14,REG,2025_14_DEN_LV,LV,DEN,0,0,0,0,0,0,0,0,0,0,0,0,,,0,,0,0,0,0,0,0,0,0,0,0,,0,0,0,0,0,0,0,0,0,0,0,0,0,0,,0,0,0,0,0,,0,0,0,0,1,0,0,0,0,0,0,0,0,0,0,0,0,0,0,0,0,0,0,0,0,0,0,0,0,0,0,0,0,0,0,0,0,0,0,0,0,0,0,0,0,,,0,0,0,0,0,0,0,0,0,0,0,0,,,,0,0,0,0,0,0,0,,0,0,0,0,0,0,0,,0,0,0,0,0,0,0,0,0,0,0,0
00-0038383,A.Vorhees,Andrew Vorhees,G,OL,"https://static.www.nfl.com/image/upload/f_auto,q_auto/league/svbcpu80smbthhzqxvnx",2025,14,REG,2025_14_PIT_BAL,BAL,PIT,0,0,0,0,0,0,0,0,0,0,0,0,,,0,,0,0,0,0,0,0,0,0,0,0,,0,0,0,0,0,0,0,0,0,0,0,0,0,0,,0,0,0,0,0,,0,0,0,0,0,0,0,0,0,0,0,0,0,0,0,0,0,0,0,0,0,0,0,0,0,0,0,0,0,0,1,10,0,0,0,0,0,0,0,0,0,0,0,0,0,,,0,0,0,0,0,0,0,0,0,0,0,0,,,,0,0,0,0,0,0,0,,0,0,0,0,0,0,0,,0,0,0,0,0,0,0,0,0,0,0,0
00-0038387,C.Wooden,Colby Wooden,DE,DL,"https://static.www.nfl.com/image/upload/f_auto,q_auto/league/vexyqlme1a5f74sqktzs",2025,14,REG,2025_14_CHI_GB,GB,CHI,0,0,0,0,0,0,0,0,0,0,0,0,,,0,,0,0,0,0,0,0,0,0,0,0,,0,0,0,0,0,0,0,0,0,0,0,0,0,0,,0,0,0,0,0,,0,0,0,0,2,0,1,0,0,0,0,0,0,0,0,0,0,0,0,0,0,0,0,0,0,0,0,0,0,0,0,0,0,0,0,0,0,0,0,0,0,0,0,0,0,,,0,0,0,0,0,0,0,0,0,0,0,0,,,,0,0,0,0,0,0,0,,0,0,0,0,0,0,0,,0,0,0,0,0,0,0,0,0,0,0,0
00-0038390,N.Sewell,Noah Sewell,LB,LB,"https://static.www.nfl.com/image/upload/f_auto,q_auto/league/sw5wea1zlc1drxoisej0",2025,14,REG,2025_14_CHI_GB,CHI,GB,0,0,0,0,0,0,0,0,0,0,0,0,,,0,,0,0,0,0,0,0,0,0,0,0,,0,0,0,0,0,0,0,0,0,0,0,0,0,0,,0,0,0,0,0,,0,0,0,0,1,0,0,0,0,0,0,0,0,0,0,0,0,0,0,0,0,0,0,0,0,0,0,0,0,0,0,0,0,0,0,0,0,0,0,0,0,0,0,0,0,,,0,0,0,0,0,0,0,0,0,0,0,0,,,,0,0,0,0,0,0,0,,0,0,0,0,0,0,0,,0,0,0,0,0,0,0,0,0,0,0,0
00-0038397,E.Hull,Evan Hull,RB,RB,"https://static.www.nfl.com/image/upload/f_auto,q_auto/league/xyyujk9mvvzegaiefp51",2025,14,REG,2025_14_NO_TB,NO,TB,0,0,0,0,0,0,0,0,0,0,0,0,,,0,,0,0,0,0,1,4,0,0,0,0,-0.0481832316727378,0,0,0,0,0,1,1,6,0,0,0,-4,10,0,0.151240378152579,0,0,0,0,0,-1.5,0.05,-0.0253164556962025,0.0572784810126582,0,0,0,0,0,0,0,0,0,0,0,0,0,0,0,0,0,0,0,0,0,0,0,0,0,0,0,0,0,0,0,0,0,0,0,0,0,0,0,0,0,0,,,0,0,0,0,0,0,0,0,0,0,0,0,,,,0,0,0,0,0,0,0,,0,0,0,0,0,0,0,,0,0,0,0,0,0,0,0,0,0,1,2
00-0038398,K.Brooks,Karl Brooks,DT,DL,"https://static.www.nfl.com/image/upload/f_auto,q_auto/league/ymjmzn6ayhfpkdrtydyd",2025,14,REG,2025_14_CHI_GB,GB,CHI,0,0,0,0,0,0,0,0,0,0,0,0,,,0,,0,0,0,0,0,0,0,0,0,0,,0,0,0,0,0,0,0,0,0,0,0,0,0,0,,0,0,0,0,0,,0,0,0,0,1,0,2,1,4,0,0,0,0,0,0,0,0,0,0,0,0,0,0,0,0,0,0,0,0,0,0,0,0,0,0,0,0,0,0,0,0,0,0,0,0,,,0,0,0,0,0,0,0,0,0,0,0,0,,,,0,0,0,0,0,0,0,,0,0,0,0,0,0,0,,0,0,0,0,0,0,0,0,0,0,0,0
00-0038407,J.Jones,Jaylon Jones,DB,DB,"https://static.www.nfl.com/image/upload/f_auto,q_auto/league/y5qayiucpnco15btyppy",2025,14,REG,2025_14_IND_JAX,IND,JAX,0,0,0,0,0,0,0,0,0,0,0,0,,,0,,0,0,0,0,0,0,0,0,0,0,,0,0,0,0,0,0,0,0,0,0,0,0,0,0,,0,0,0,0,0,,0,0,0,0,4,0,0,0,0,0,0,0,0,0,0,0,0,0,0,0,0,0,0,0,0,0,0,0,0,0,0,0,0,0,0,0,0,0,0,0,0,0,0,0,0,,,0,0,0,0,0,0,0,0,0,0,0,0,,,,0,0,0,0,0,0,0,,0,0,0,0,0,0,0,,0,0,0,0,0,0,0,0,0,0,0,0
00-0038408,C.Valentine,Carrington Valentine,DB,DB,"https://static.www.nfl.com/image/upload/f_auto,q_auto/league/ihc2w7erwr1dddqf1i2x",2025,14,REG,2025_14_CHI_GB,GB,CHI,0,0,0,0,0,0,0,0,0,0,0,0,,,0,,0,0,0,0,0,0,0,0,0,0,,0,0,0,0,0,0,0,0,0,0,0,0,0,0,,0,0,0,0,0,,0,0,0,0,3,0,1,0,0,0,0,0,0,0,0,0,0,0,0,0,0,0,0,0,0,0,0,0,0,0,0,0,0,0,0,0,0,0,0,0,0,0,0,0,0,,,0,0,0,0,0,0,0,0,0,0,0,0,,,,0,0,0,0,0,0,0,,0,0,0,0,0,0,0,,0,0,0,0,0,0,0,0,0,0,0,0
00-0038412,M.Ojomo,Moro Ojomo,DT,DL,"https://static.www.nfl.com/image/upload/f_auto,q_auto/league/pifqoqquxxvoqwah8khm",2025,14,REG,2025_14_PHI_LAC,PHI,LAC,0,0,0,0,0,0,0,0,0,0,0,0,,,0,,0,0,0,0,0,0,0,0,0,0,,0,0,0,0,0,0,0,0,0,0,0,0,0,0,,0,0,0,0,0,,0,0,0,0,0,0,1,0,0,0,0,0,0,0,0,0,0,0,0,0,0,0,0,0,0,0,0,0,0,0,2,14,0,0,0,0,0,0,0,0,0,0,0,0,0,,,0,0,0,0,0,0,0,0,0,0,0,0,,,,0,0,0,0,0,0,0,,0,0,0,0,0,0,0,,0,0,0,0,0,0,0,0,0,0,0,0
00-0038414,K.Williamson,Kendall Williamson,SAF,DB,"https://static.www.nfl.com/image/upload/f_auto,q_auto/league/p8tf7gkxcdl46exymyaj",2025,14,REG,2025_14_PHI_LAC,LAC,PHI,0,0,0,0,0,0,0,0,0,0,0,0,,,0,,0,0,0,0,0,0,0,0,0,0,,0,0,0,0,0,0,0,0,0,0,0,0,0,0,,0,0,0,0,0,,0,0,0,0,1,0,0,0,0,0,0,0,0,0,0,0,0,0,0,0,0,0,0,0,0,0,0,0,0,0,0,0,0,0,0,0,0,0,0,0,0,0,0,0,0,,,0,0,0,0,0,0,0,0,0,0,0,0,,,,0,0,0,0,0,0,0,,0,0,0,0,0,0,0,,0,0,0,0,0,0,0,0,0,0,0,0
00-0038428,A.Szmyt,Andre Szmyt,K,SPEC,"https://static.www.nfl.com/image/upload/f_auto,q_auto/league/tkah6glpysuyq2a54gts",2025,14,REG,2025_14_TEN_CLE,CLE,TEN,0,0,0,0,0,0,0,0,0,0,0,0,,,0,,0,0,0,0,0,0,0,0,0,0,,0,0,0,0,0,0,0,0,0,0,0,0,0,0,,0,0,0,0,0,,0,0,0,0,0,0,1,0,0,0,0,0,0,0,0,0,0,0,0,0,0,0,0,0,0,0,0,0,0,0,0,0,0,0,0,0,0,0,0,0,0,1,1,0,0,38,1,0,0,1,0,0,0,0,0,0,0,0,0,38,,,38,0,0,2,2,0,0,1,0,0,0,0,0,0,0,,0,0,0,0,0,0,0,0,0,0,0,0
00-0038440,Z.Scott,Zavier Scott,RB,RB,"https://static.www.nfl.com/image/upload/f_auto,q_auto/league/z8sqpgdoyuv5rask15vn",2025,14,REG,2025_14_WAS_MIN,MIN,WAS,0,0,0,0,0,0,0,0,0,0,0,0,,,0,,0,0,0,0,3,15,0,0,0,1,1.31302218738711,0,1,0,0,0,1,1,5,0,0,0,-6,11,0,-0.22846790967742,0,0,0,0,0,-0.833333333333333,0.0434782608695652,-0.0392156862745098,0.037766410912191,0,0,0,1,0,0,0,0,0,0,0,0,0,0,0,0,0,0,0,0,0,0,0,0,0,0,0,0,0,0,0,0,0,0,0,0,0,0,0,0,0,0,,,0,0,0,0,0,0,0,0,0,0,0,0,,,,0,0,0,0,0,0,0,,0,0,0,0,0,0,0,,0,0,0,0,0,0,0,0,0,0,2,3
00-0038454,K.Mitchell,Keaton Mitchell,RB,RB,"https://static.www.nfl.com/image/upload/f_auto,q_auto/league/ztciwwpbyaffmckwrzdk",2025,14,REG,2025_14_PIT_BAL,BAL,PIT,0,0,0,0,0,0,0,0,0,0,0,0,,,0,,0,0,0,0,6,76,0,0,0,1,2.77718364202883,0,1,1,1,1,0,0,0,0,0,0,0,0,0,,0,0,0,0,0,,0,0,0,0,0,0,0,0,0,0,0,0,0,0,0,0,0,0,0,0,0,0,0,0,0,0,0,0,0,0,0,0,0,0,0,0,0,0,0,3,72,0,0,0,0,,,0,0,0,0,0,0,0,0,0,0,0,0,,,,0,0,0,0,0,0,0,,0,0,0,0,0,0,0,,0,0,0,0,0,0,0,0,0,0,7.6,7.6
00-0038504,T.Simpson,Trenton Simpson,LB,LB,"https://static.www.nfl.com/image/upload/f_auto,q_auto/league/hoi5uajg40os0xa1odi9",2025,14,REG,2025_14_PIT_BAL,BAL,PIT,0,0,0,0,0,0,0,0,0,0,0,0,,,0,,0,0,0,0,0,0,0,0,0,0,,0,0,0,0,0,0,0,0,0,0,0,0,0,0,,0,0,0,0,0,,0,0,0,0,0,0,2,0,0,0,0,0,0,0,0,0,0,0,0,0,0,0,0,0,0,0,0,0,0,0,0,0,0,0,0,0,0,0,0,0,0,0,0,0,0,,,0,0,0,0,0,0,0,0,0,0,0,0,,,,0,0,0,0,0,0,0,,0,0,0,0,0,0,0,,0,0,0,0,0,0,0,0,0,0,0,0
00-0038540,P.Johnson,Paris Johnson Jr.,OT,OL,"https://static.www.nfl.com/image/upload/f_auto,q_auto/league/fto9oiuqts9esmpl7dxf",2025,14,REG,2025_14_LA_ARI,ARI,LA,0,0,0,0,0,0,0,0,0,0,0,0,,,0,,0,0,0,0,0,0,0,0,0,0,,0,0,0,0,0,0,0,0,0,0,0,0,0,0,,0,0,0,0,0,,0,0,0,0,0,0,0,0,0,0,0,0,0,0,0,0,0,0,0,0,0,0,0,0,0,0,0,0,0,0,1,5,0,0,0,0,0,0,0,0,0,0,0,0,0,,,0,0,0,0,0,0,0,0,0,0,0,0,,,,0,0,0,0,0,0,0,,0,0,0,0,0,0,0,,0,0,0,0,0,0,0,0,0,0,0,0
00-0038542,B.Robinson,Bijan Robinson,RB,RB,"https://static.www.nfl.com/image/upload/f_auto,q_auto/league/esii5yb8yn9edboi4mlq",2025,14,REG,2025_14_SEA_ATL,ATL,SEA,0,0,0,0,0,0,0,0,0,0,0,0,,,0,,0,0,0,0,20,86,0,1,1,3,-6.12555327237351,0,1,0,0,0,2,2,8,0,0,0,1,7,1,0.68666425824631,0,0,0,0,0,8,0.0714285714285714,0.00490196078431373,0.110574229691877,0,0,0,0,0,0,0,0,0,0,0,0,0,0,0,0,0,0,0,0,0,0,0,0,0,0,0,0,0,1,0,0,1,1,0,0,0,0,0,0,0,0,,,0,0,0,0,0,0,0,0,0,0,0,0,,,,0,0,0,0,0,0,0,,0,0,0,0,0,0,0,,0,0,0,0,0,0,0,0,0,0,7.4,9.4
00-0038543,J.Smith-Njigba,Jaxon Smith-Njigba,WR,WR,"https://static.www.nfl.com/image/upload/f_auto,q_auto/league/yx1xjrupbqdknnjaq4a6",2025,14,REG,2025_14_SEA_ATL,SEA,ATL,0,0,0,0,0,0,0,0,0,0,0,0,,,0,,0,0,0,0,1,-1,0,0,0,0,-1.01064452622086,0,0,0,0,0,7,10,92,2,1,0,106,34,4,7.5816324630744,0,3,2,2,0,0.867924528301887,0.333333333333333,0.415686274509804,0.790980392156863,0,0,0,0,0,0,0,0,0,0,0,0,0,0,0,0,0,0,0,0,0,0,0,0,0,0,0,0,0,1,0,1,1,0,0,0,0,0,0,0,0,0,,,0,0,0,0,0,0,0,0,0,0,0,0,,,,0,0,0,0,0,0,0,,0,0,0,0,0,0,0,,0,0,0,0,0,0,0,0,0,0,21.1,28.1
00-0038544,Q.Johnston,Quentin Johnston,WR,WR,"https://static.www.nfl.com/image/upload/f_auto,q_auto/league/lyvsrjh4mjb4dqwp6shm",2025,14,REG,2025_14_PHI_LAC,LAC,PHI,0,0,0,0,0,0,0,0,0,0,0,0,,,0,,0,0,0,0,0,0,0,0,0,0,,0,0,0,0,0,2,3,8,0,0,0,9,3,0,-1.36051633278839,0,0,0,0,0,0.888888888888889,0.130434782608696,0.0333333333333333,0.218985507246377,0,0,0,0,0,0,0,0,0,0,0,0,0,0,0,0,0,0,0,0,0,0,0,0,0,0,0,0,0,0,0,0,0,0,0,0,0,0,0,0,0,0,,,0,0,0,0,0,0,0,0,0,0,0,0,,,,0,0,0,0,0,0,0,,0,0,0,0,0,0,0,,0,0,0,0,0,0,0,0,0,0,0.8,2.8
00-0038547,L.Schoonmaker,Luke Schoonmaker,TE,TE,"https://static.www.nfl.com/image/upload/f_auto,q_auto/league/g1slhy5joxxfeudlzrh9",2025,14,REG,2025_14_DAL_DET,DAL,DET,0,0,0,0,0,0,0,0,0,0,0,0,,,0,,0,0,0,0,0,0,0,0,0,0,,0,0,0,0,0,1,2,12,0,0,0,17,0,1,0.677604442753363,0,1,0,0,0,0.705882352941177,0.0425531914893617,0.03420523138833,0.0877734492058735,0,0,0,0,0,0,0,0,0,0,0,0,0,0,0,0,0,0,0,0,0,0,0,0,0,0,0,0,0,0,0,0,0,0,0,0,0,0,0,0,0,0,,,0,0,0,0,0,0,0,0,0,0,0,0,,,,0,0,0,0,0,0,0,,0,0,0,0,0,0,0,,0,0,0,0,0,0,0,0,0,0,1.2,2.2
00-0038549,D.Turner,DJ Turner II,CB,DB,"https://static.www.nfl.com/image/upload/f_auto,q_auto/league/nijmaqsa0uggtjzmpzgy",2025,14,REG,2025_14_CIN_BUF,CIN,BUF,0,0,0,0,0,0,0,0,0,0,0,0,,,0,,0,0,0,0,0,0,0,0,0,0,,0,0,0,0,0,0,0,0,0,0,0,0,0,0,,0,0,0,0,0,,0,0,0,0,2,0,2,0,0,1,0,0,0,0,0,1,0,0,0,0,0,0,0,0,0,0,0,0,0,0,1,19,0,0,0,0,0,0,0,0,0,0,0,0,0,,,0,0,0,0,0,0,0,0,0,0,0,0,,,,0,0,0,0,0,0,0,,0,0,0,0,0,0,0,,0,0,0,0,0,0,0,0,0,0,0,0
00-0038552,R.Moss,Riley Moss,CB,DB,"https://static.www.nfl.com/image/upload/f_auto,q_auto/league/o8jxuxi7vqa9kxt0rawn",2025,14,REG,2025_14_DEN_LV,DEN,LV,0,0,0,0,0,0,0,0,0,0,0,0,,,0,,0,0,0,0,0,0,0,0,0,0,,0,0,0,0,0,0,0,0,0,0,0,0,0,0,,0,0,0,0,0,,0,0,0,0,2,0,3,0,0,0,0,0,0,0,0,0,0,0,0,0,0,0,0,0,0,0,0,0,0,0,0,0,0,0,0,0,0,0,0,0,0,0,0,0,0,,,0,0,0,0,0,0,0,0,0,0,0,0,,,,0,0,0,0,0,0,0,,0,0,0,0,0,0,0,,0,0,0,0,0,0,0,0,0,0,0,0
00-0038553,D.Henley,Daiyan Henley,LB,LB,"https://static.www.nfl.com/image/upload/f_auto,q_auto/league/jl1rn08ci17wub2xok8a",2025,14,REG,2025_14_PHI_LAC,LAC,PHI,0,0,0,0,0,0,0,0,0,0,0,0,,,0,,0,0,0,0,0,0,0,0,0,0,,0,0,0,0,0,0,0,0,0,0,0,0,0,0,,0,0,0,0,0,,0,0,0,0,6,0,1,0,0,0,0,0,1,0,0,1,0,0,0,0,0,0,0,0,0,0,0,0,0,0,0,0,0,0,0,0,0,0,0,0,0,0,0,0,0,,,0,0,0,0,0,0,0,0,0,0,0,0,,,,0,0,0,0,0,0,0,,0,0,0,0,0,0,0,,0,0,0,0,0,0,0,0,0,0,0,0
00-0038555,T.Bigsby,Tank Bigsby,RB,RB,"https://static.www.nfl.com/image/upload/f_auto,q_auto/league/vfkdjfpiyrcuzahrmfvn",2025,14,REG,2025_14_PHI_LAC,PHI,LAC,0,0,0,0,0,0,0,0,0,0,0,0,,,0,,0,0,0,0,1,4,0,0,0,0,-0.0778317139483988,0,0,0,0,0,0,0,0,0,0,0,0,0,0,,0,0,0,0,0,,0,0,0,0,0,0,0,0,0,0,0,0,0,0,0,0,0,0,0,0,0,0,0,0,0,0,0,0,0,0,0,0,0,0,0,0,0,0,0,0,0,0,0,0,0,,,0,0,0,0,0,0,0,0,0,0,0,0,,,,0,0,0,0,0,0,0,,0,0,0,0,0,0,0,,0,0,0,0,0,0,0,0,0,0,0.4,0.4
00-0038556,D.Overshown,DeMarvion Overshown,LB,LB,"https://static.www.nfl.com/image/upload/f_auto,q_auto/league/dxo0ebmthyvvgwfqqbbj",2025,14,REG,2025_14_DAL_DET,DAL,DET,0,0,0,0,0,0,0,0,0,0,0,0,,,0,,0,0,0,0,0,0,0,0,0,0,,0,0,0,0,0,0,0,0,0,0,0,0,0,0,,0,0,0,0,0,,0,0,0,0,3,0,4,0,0,0,0,0,0,0,0,0,0,0,0,0,0,0,0,0,0,0,0,0,0,0,0,0,0,0,0,0,0,0,0,0,0,0,0,0,0,,,0,0,0,0,0,0,0,0,0,0,0,0,,,,0,0,0,0,0,0,0,,0,0,0,0,0,0,0,,0,0,0,0,0,0,0,0,0,0,0,0
00-0038557,D.Williams,Dorian Williams,LB,LB,"https://static.www.nfl.com/image/upload/f_auto,q_auto/league/fsslbcbp87yehsofpwg1",2025,14,REG,2025_14_CIN_BUF,BUF,CIN,0,0,0,0,0,0,0,0,0,0,0,0,,,0,,0,0,0,0,0,0,0,0,0,0,,0,0,0,0,0,0,0,0,0,0,0,0,0,0,,0,0,0,0,0,,0,0,0,0,1,0,2,0,0,0,0,0,0,0,0,0,0,0,0,0,0,0,0,0,0,0,0,0,0,0,0,0,0,0,0,0,0,0,0,0,0,0,0,0,0,,,0,0,0,0,0,0,0,0,0,0,0,0,,,,0,0,0,0,0,0,0,,0,0,0,0,0,0,0,,0,0,0,0,0,0,0,0,0,0,0,0
00-0038558,D.Washington,Darnell Washington,TE,TE,"https://static.www.nfl.com/image/upload/f_auto,q_auto/league/inwx7uipfktapaump5pj",2025,14,REG,2025_14_PIT_BAL,PIT,BAL,0,0,0,0,0,0,0,0,0,0,0,0,,,0,,0,0,0,0,0,0,0,0,0,0,,0,0,0,0,0,1,1,12,0,0,0,4,8,0,0.763803251786158,0,1,0,0,0,3,0.0303030303030303,0.0188679245283019,0.0586620926243568,0,0,0,0,0,0,0,0,0,0,0,0,0,0,0,0,0,0,0,0,0,0,0,0,0,0,0,0,0,0,0,0,0,0,0,0,0,0,0,0,0,0,,,0,0,0,0,0,0,0,0,0,0,0,0,,,,0,0,0,0,0,0,0,,0,0,0,0,0,0,0,,0,0,0,0,0,0,0,0,0,0,1.2,2.2
00-0038559,M.Wilson,Michael Wilson,WR,WR,"https://static.www.nfl.com/image/upload/f_auto,q_auto/league/hm2b9z4zujjmbiyldh8n",2025,14,REG,2025_14_LA_ARI,ARI,LA,0,0,0,0,0,0,0,0,0,0,0,0,,,0,,0,0,0,0,0,0,0,0,0,0,,0,0,0,0,0,11,16,142,2,0,0,193,33,9,6.14040930871852,0,7,3,2,0,0.735751295336788,0.363636363636364,0.548295454545455,0.929261363636364,0,1,0,0,0,0,0,0,0,0,0,0,0,0,0,0,0,0,0,0,0,0,0,0,0,0,0,0,0,0,0,0,0,0,0,0,0,0,0,0,0,0,,,0,0,0,0,0,0,0,0,0,0,0,0,,,,0,0,0,0,0,0,0,,0,0,0,0,0,0,0,,0,0,0,0,0,0,0,0,0,0,26.2,37.2
00-0038560,J.Battle,Jordan Battle,SAF,DB,"https://static.www.nfl.com/image/upload/f_auto,q_auto/league/iydwxwxig8e2godjx070",2025,14,REG,2025_14_CIN_BUF,CIN,BUF,0,0,0,0,0,0,0,0,0,0,0,0,,,0,,0,0,0,0,0,0,0,0,0,0,,0,0,0,0,0,0,0,0,0,0,0,0,0,0,,0,0,0,0,0,,0,0,0,0,4,1,4,0,0,0,0,0,0,0,0,1,0,0,0,0,0,0,0,0,0,0,0,0,0,0,0,0,0,0,0,0,0,0,0,0,0,0,0,0,0,,,0,0,0,0,0,0,0,0,0,0,0,0,,,,0,0,0,0,0,0,0,,0,0,0,0,0,0,0,,0,0,0,0,0,0,0,0,0,0,0,0
00-0038562,J.Moody,Jake Moody,K,SPEC,"https://static.www.nfl.com/image/upload/f_auto,q_auto/league/apt7uakuwoxlpsjp5lp5",2025,14,REG,2025_14_WAS_MIN,WAS,MIN,0,0,0,0,0,0,0,0,0,0,0,0,,,0,,0,0,0,0,0,0,0,0,0,0,,0,0,0,0,0,0,0,0,0,0,0,0,0,0,,0,0,0,0,0,,0,0,0,0,0,0,0,0,0,0,0,0,0,0,0,0,0,0,0,0,0,0,0,0,0,0,0,0,0,0,0,0,0,0,0,0,0,0,0,0,0,0,0,0,0,,,0,0,0,0,0,0,0,0,0,0,0,0,,,,0,0,0,0,0,0,0,,0,0,0,0,0,0,0,,0,0,0,0,0,0,0,0,0,0,0,0
00-0038563,T.Tucker,Tre Tucker,WR,WR,"https://static.www.nfl.com/image/upload/f_auto,q_auto/league/hazzk3hrcequzosdgzgv",2025,14,REG,2025_14_DEN_LV,LV,DEN,0,0,0,0,0,0,0,0,0,0,0,0,,,0,,0,0,0,0,0,0,0,0,0,0,,0,0,0,0,0,2,5,24,0,0,0,76,4,2,-1.1309169420274,0,2,0,0,0,0.315789473684211,0.178571428571429,0.311475409836066,0.485889929742389,0,0,0,0,0,0,0,0,0,0,0,0,0,0,0,0,0,0,0,0,0,0,0,0,0,0,0,0,0,0,0,0,0,0,0,0,0,0,0,0,0,0,,,0,0,0,0,0,0,0,0,0,0,0,0,,,,0,0,0,0,0,0,0,,0,0,0,0,0,0,0,,0,0,0,0,0,0,0,0,0,0,2.4,4.4
00-0038564,C.Latu,Cameron Latu,TE,TE,"https://static.www.nfl.com/image/upload/f_auto,q_auto/league/hquihmithkmhoncvkqwt",2025,14,REG,2025_14_PHI_LAC,PHI,LAC,0,0,0,0,0,0,0,0,0,0,0,0,,,0,,0,0,0,0,0,0,0,0,0,0,,0,0,0,0,0,0,0,0,0,0,0,0,0,0,,0,0,0,0,0,,0,0,0,0,1,0,0,0,0,0,0,0,0,0,0,0,0,0,0,0,0,0,0,0,0,0,0,0,0,0,0,0,0,0,0,0,0,0,0,0,0,0,0,0,0,,,0,0,0,0,0,0,0,0,0,0,0,0,,,,0,0,0,0,0,0,0,,0,0,0,0,0,0,0,,0,0,0,0,0,0,0,0,0,0,0,0
00-0038565,M.Blackmon,Mekhi Blackmon,DB,DB,"https://static.www.nfl.com/image/upload/f_auto,q_auto/league/wrzakzdbmugca60xbidc",2025,14,REG,2025_14_IND_JAX,IND,JAX,0,0,0,0,0,0,0,0,0,0,0,0,,,0,,0,0,0,0,0,0,0,0,0,0,,0,0,0,0,0,0,0,0,0,0,0,0,0,0,,0,0,0,0,0,,0,0,0,0,3,0,0,0,0,0,0,0,0,0,0,0,0,0,0,0,0,0,0,0,0,0,0,0,0,0,0,0,0,0,0,0,0,0,0,0,0,0,0,0,0,,,0,0,0,0,0,0,0,0,0,0,0,0,,,,0,0,0,0,0,0,0,,0,0,0,0,0,0,0,,0,0,0,0,0,0,0,0,0,0,0,0
00-0038567,C.Ryland,Chad Ryland,K,SPEC,"https://static.www.nfl.com/image/upload/f_auto,q_auto/league/gbfzwbzdl9wj582nh5g9",2025,14,REG,2025_14_LA_ARI,ARI,LA,0,0,0,0,0,0,0,0,0,0,0,0,,,0,,0,0,0,0,0,0,0,0,0,0,,0,0,0,0,0,0,0,0,0,0,0,0,0,0,,0,0,0,0,0,,0,0,0,0,0,0,0,0,0,0,0,0,0,0,0,0,0,0,0,0,0,0,0,0,0,0,0,0,0,0,1,0,0,0,0,0,0,0,0,0,0,1,2,1,0,38,0.5,0,0,1,0,0,0,0,0,0,0,0,1,38,63,,38,63,0,2,2,0,0,1,0,0,0,0,0,0,0,,0,0,0,0,0,0,0,0,0,0,0,0
00-0038570,V.Miller,Ventrell Miller,LB,LB,"https://static.www.nfl.com/image/upload/f_auto,q_auto/league/gmxgq1mjnbdjjpcggamn",2025,14,REG,2025_14_IND_JAX,JAX,IND,0,0,0,0,0,0,0,0,0,0,0,0,,,0,,0,0,0,0,0,0,0,0,0,0,,0,0,0,0,0,0,0,0,0,0,0,0,0,0,,0,0,0,0,0,,0,0,0,0,1,0,0,0,0,0,0,0,0,0,0,1,0,0,0,0,0,0,0,0,0,0,0,0,0,0,0,0,0,0,0,0,0,0,0,0,0,0,0,0,0,,,0,0,0,0,0,0,0,0,0,0,0,0,,,,0,0,0,0,0,0,0,,0,0,0,0,0,0,0,,0,0,0,0,0,0,0,0,0,0,0,0
00-0038571,J.Gaines,Jon Gaines II,G,OL,"https://static.www.nfl.com/image/upload/f_auto,q_auto/league/fz0ka8wofw3dvqr6whnv",2025,14,REG,2025_14_LA_ARI,ARI,LA,0,0,0,0,0,0,0,0,0,0,0,0,,,0,,0,0,0,0,0,0,0,0,0,0,,0,0,0,0,0,0,0,0,0,0,0,0,0,0,,0,0,0,0,0,,0,0,0,0,0,0,0,0,0,0,0,0,0,0,0,0,0,0,0,0,0,0,0,0,0,0,0,0,0,0,1,10,0,0,0,0,0,0,0,0,0,0,0,0,0,,,0,0,0,0,0,0,0,0,0,0,0,0,,,,0,0,0,0,0,0,0,,0,0,0,0,0,0,0,,0,0,0,0,0,0,0,0,0,0,0,0
00-0038573,D.Davis,Derius Davis,WR,WR,"https://static.www.nfl.com/image/upload/f_auto,q_auto/league/ykmeihbr6903smvblzgc",2025,14,REG,2025_14_PHI_LAC,LAC,PHI,0,0,0,0,0,0,0,0,0,0,0,0,,,0,,0,0,0,0,0,0,0,0,0,0,,0,0,0,0,0,0,0,0,0,0,0,0,0,0,,0,0,0,0,0,,0,0,0,0,0,0,0,0,0,0,0,0,0,0,0,0,0,0,0,0,0,0,0,0,0,0,0,0,0,0,0,0,0,0,0,0,0,1,-10,0,0,0,0,0,0,,,0,0,0,0,0,0,0,0,0,0,0,0,,,,0,0,0,0,0,0,0,,0,0,0,0,0,0,0,,0,0,0,0,0,0,0,0,0,0,0,0
00-0038574,I.McGuire,Isaiah McGuire,DE,DL,"https://static.www.nfl.com/image/upload/f_auto,q_auto/league/bgay7c5onbqadb4qjguc",2025,14,REG,2025_14_TEN_CLE,CLE,TEN,0,0,0,0,0,0,0,0,0,0,0,0,,,0,,0,0,0,0,0,0,0,0,0,0,,0,0,0,0,0,0,0,0,0,0,0,0,0,0,,0,0,0,0,0,,0,0,0,0,0,0,0,0,0,0,0,0,1,0,0,0,0,0,0,0,0,0,0,0,0,0,0,0,0,0,0,0,0,0,0,0,0,0,0,0,0,0,0,0,0,,,0,0,0,0,0,0,0,0,0,0,0,0,,,,0,0,0,0,0,0,0,,0,0,0,0,0,0,0,,0,0,0,0,0,0,0,0,0,0,0,0
00-0038576,C.Jones,Charlie Jones,WR,WR,"https://static.www.nfl.com/image/upload/f_auto,q_auto/league/poy4ph18jx211xbe6ajt",2025,14,REG,2025_14_CIN_BUF,CIN,BUF,0,0,0,0,0,0,0,0,0,0,0,0,,,0,,0,0,0,0,0,0,0,0,0,0,,0,0,0,0,0,0,0,0,0,0,0,0,0,0,,0,0,0,0,0,,0,0,0,0,0,0,0,0,0,0,0,0,0,0,0,0,0,0,0,0,0,0,0,0,0,0,0,0,0,0,0,0,0,0,0,0,0,0,0,5,138,0,0,0,0,,,0,0,0,0,0,0,0,0,0,0,0,0,,,,0,0,0,0,0,0,0,,0,0,0,0,0,0,0,,0,0,0,0,0,0,0,0,0,0,0,0
00-0038577,N.Herbig,Nick Herbig,LB,LB,"https://static.www.nfl.com/image/upload/f_auto,q_auto/league/ox9fpvzppbe9uyqvnp2q",2025,14,REG,2025_14_PIT_BAL,PIT,BAL,0,0,0,0,0,0,0,0,0,0,0,0,,,0,,0,0,0,0,0,0,0,0,0,0,,0,0,0,0,0,0,0,0,0,0,0,0,0,0,,0,0,0,0,0,,0,0,0,0,0,0,1,0,0,0,0,0,0,0,0,0,0,0,0,0,0,0,0,0,0,0,0,0,0,0,0,0,0,0,0,0,0,0,0,0,0,0,0,0,0,,,0,0,0,0,0,0,0,0,0,0,0,0,,,,0,0,0,0,0,0,0,,0,0,0,0,0,0,0,,0,0,0,0,0,0,0,0,0,0,0,0
00-0038578,J.Ward,Jay Ward,SAF,DB,"https://static.www.nfl.com/image/upload/f_auto,q_auto/league/dwljd5ukdc8pzy3l5vju",2025,14,REG,2025_14_WAS_MIN,MIN,WAS,0,0,0,0,0,0,0,0,0,0,0,0,,,0,,0,0,0,0,0,0,0,0,0,0,,0,0,0,0,0,0,0,0,0,0,0,0,0,0,,0,0,0,0,0,,0,0,0,0,2,0,0,0,0,0,0,0,0,0,0,0,0,0,0,0,0,0,0,0,0,0,0,0,0,0,0,0,0,0,0,0,0,0,0,0,0,0,0,0,0,,,0,0,0,0,0,0,0,0,0,0,0,0,,,,0,0,0,0,0,0,0,,0,0,0,0,0,0,0,,0,0,0,0,0,0,0,0,0,0,0,0
00-0038588,J.Howden,Jordan Howden,SAF,DB,"https://static.www.nfl.com/image/upload/f_auto,q_auto/league/x87djeswtkpxvuvyw5xh",2025,14,REG,2025_14_NO_TB,NO,TB,0,0,0,0,0,0,0,0,0,0,0,0,,,0,,0,0,0,0,0,0,0,0,0,0,,0,0,0,0,0,0,0,0,0,0,0,0,0,0,,0,0,0,0,0,,0,0,0,0,5,0,1,0,0,0,0,0,0,0,0,0,0,0,0,0,0,0,0,0,0,0,0,0,0,0,0,0,0,0,0,0,0,0,0,0,0,0,0,0,0,,,0,0,0,0,0,0,0,0,0,0,0,0,,,,0,0,0,0,0,0,0,,0,0,0,0,0,0,0,,0,0,0,0,0,0,0,0,0,0,0,0
00-0038589,J.Whyle,Josh Whyle,TE,TE,"https://static.www.nfl.com/image/upload/f_auto,q_auto/league/an9hxzbzmg6kgkdai022",2025,14,REG,2025_14_CHI_GB,GB,CHI,0,0,0,0,0,0,0,0,0,0,0,0,,,0,,0,0,0,0,0,0,0,0,0,0,,0,0,0,0,0,1,1,21,0,0,0,12,9,1,2.06666758866049,0,1,1,1,0,1.75,0.0434782608695652,0.0385852090032154,0.0922270376065986,0,0,0,0,0,0,0,0,0,0,0,0,0,0,0,0,0,0,0,0,0,0,0,0,0,0,0,0,0,0,0,0,0,0,0,0,0,0,0,0,0,0,,,0,0,0,0,0,0,0,0,0,0,0,0,,,,0,0,0,0,0,0,0,,0,0,0,0,0,0,0,,0,0,0,0,0,0,0,0,0,0,2.1,3.1
00-0038591,M.Morris,Mike Morris,DE,DL,"https://static.www.nfl.com/image/upload/f_auto,q_auto/league/m1zqwqvge656lwucmx5h",2025,14,REG,2025_14_SEA_ATL,SEA,ATL,0,0,0,0,0,0,0,0,0,0,0,0,,,0,,0,0,0,0,0,0,0,0,0,0,,0,0,0,0,0,0,0,0,0,0,0,0,0,0,,0,0,0,0,0,,0,0,0,0,0,0,0,0,0,0,0,0,0,0,0,0,0,0,0,0,0,0,0,0,0,0,0,0,0,0,1,15,0,0,0,0,0,0,0,0,0,0,0,0,0,,,0,0,0,0,0,0,0,0,0,0,0,0,,,,0,0,0,0,0,0,0,,0,0,0,0,0,0,0,,0,0,0,0,0,0,0,0,0,0,0,0
00-0038596,An.Johnson,Antonio Johnson,SAF,DB,"https://static.www.nfl.com/image/upload/f_auto,q_auto/league/rrxemukb8b2to7ba2g56",2025,14,REG,2025_14_IND_JAX,JAX,IND,0,0,0,0,0,0,0,0,0,0,0,0,,,0,,0,0,0,0,0,0,0,0,0,0,,0,0,0,0,0,0,0,0,0,0,0,0,0,0,,0,0,0,0,0,,0,0,0,0,6,0,2,0,0,0,0,0,0,0,0,0,0,0,0,0,0,0,0,0,0,0,0,0,0,0,0,0,0,0,0,0,0,0,0,0,0,0,0,0,0,,,0,0,0,0,0,0,0,0,0,0,0,0,,,,0,0,0,0,0,0,0,,0,0,0,0,0,0,0,,0,0,0,0,0,0,0,0,0,0,0,0
00-0038597,C.Brown,Chase Brown,RB,RB,"https://static.www.nfl.com/image/upload/f_auto,q_auto/league/tch3y6jlj7khvyi9jg0c",2025,14,REG,2025_14_CIN_BUF,CIN,BUF,0,0,0,0,0,0,0,0,0,0,0,0,,,0,,0,0,0,0,12,23,1,0,0,1,-4.24998052604497,0,0,0,0,0,3,4,12,1,0,0,33,4,1,0.588074241182767,0,1,0,0,0,0.363636363636364,0.111111111111111,0.100303951367781,0.236879432624113,0,0,0,0,0,0,0,0,0,0,0,0,0,0,0,0,0,0,0,0,0,0,0,0,0,0,0,0,0,0,0,0,0,0,0,0,0,0,0,0,0,0,,,0,0,0,0,0,0,0,0,0,0,0,0,,,,0,0,0,0,0,0,0,,0,0,0,0,0,0,0,,0,0,0,0,0,0,0,0,0,0,15.5,18.5
00-0038599,H.To'oTo'o,Henry To'oTo'o,LB,LB,"https://static.www.nfl.com/image/upload/f_auto,q_auto/league/epsdr0zqlm2vrhizwama",2025,14,REG,2025_14_HOU_KC,HOU,KC,0,0,0,0,0,0,0,0,0,0,0,0,,,0,,0,0,0,0,0,0,0,0,0,0,,0,0,0,0,0,0,0,0,0,0,0,0,0,0,,0,0,0,0,0,,0,0,0,0,1,0,2,0,0,0,0,0,0,0,0,0,0,0,0,0,0,0,0,0,0,0,0,0,0,0,0,0,0,0,0,0,0,0,0,0,0,0,0,0,0,,,0,0,0,0,0,0,0,0,0,0,0,0,,,,0,0,0,0,0,0,0,,0,0,0,0,0,0,0,,0,0,0,0,0,0,0,0,0,0,0,0
00-0038600,O.Pappoe,Owen Pappoe,LB,LB,"https://static.www.nfl.com/image/upload/f_auto,q_auto/league/zv35eeyd3oxxkecrvqra",2025,14,REG,2025_14_LA_ARI,ARI,LA,0,0,0,0,0,0,0,0,0,0,0,0,,,0,,0,0,0,0,0,0,0,0,0,0,,0,0,0,0,0,0,0,0,0,0,0,0,0,0,,0,0,0,0,0,,0,0,0,0,6,0,4,0,0,0,0,0,0,0,0,1,0,0,0,0,0,0,0,0,0,0,0,0,0,0,0,0,0,0,0,0,0,0,0,0,0,0,0,0,0,,,0,0,0,0,0,0,0,0,0,0,0,0,,,,0,0,0,0,0,0,0,,0,0,0,0,0,0,0,,0,0,0,0,0,0,0,0,0,0,0,0
00-0038601,A.Richards,Asim Richards,OT,OL,"https://static.www.nfl.com/image/upload/f_auto,q_auto/league/i1lfvb8gnw3kfnz3cdyb",2025,14,REG,2025_14_NO_TB,NO,TB,0,0,0,0,0,0,0,0,0,0,0,0,,,0,,0,0,0,0,0,0,0,0,0,0,,0,0,0,0,0,0,0,0,0,0,0,0,0,0,,0,0,0,0,0,,0,0,0,0,0,0,0,0,0,0,0,0,0,0,0,0,0,0,0,0,0,0,0,0,0,0,0,0,0,0,1,5,0,0,0,0,0,0,0,0,0,0,0,0,0,,,0,0,0,0,0,0,0,0,0,0,0,0,,,,0,0,0,0,0,0,0,,0,0,0,0,0,0,0,,0,0,0,0,0,0,0,0,0,0,0,0
00-0038605,J.Skinner,JL Skinner,SAF,DB,"https://static.www.nfl.com/image/upload/f_auto,q_auto/league/dvlcjuzhtjxgfnnbcxjv",2025,14,REG,2025_14_DEN_LV,DEN,LV,0,0,0,0,0,0,0,0,0,0,0,0,,,0,,0,0,0,0,0,0,0,0,0,0,,0,0,0,0,0,0,0,0,0,0,0,0,0,0,,0,0,0,0,0,,0,0,0,0,1,0,0,0,0,0,0,0,0,0,0,0,0,0,0,0,0,0,0,0,0,0,0,0,0,0,0,0,0,0,0,0,0,0,0,0,0,0,0,0,0,,,0,0,0,0,0,0,0,0,0,0,0,0,,,,0,0,0,0,0,0,0,,0,0,0,0,0,0,0,,0,0,0,0,0,0,0,0,0,0,0,0
00-0038609,L.Wypler,Luke Wypler,C,OL,"https://static.www.nfl.com/image/upload/f_auto,q_auto/league/alkthyatyuxkudodqhke",2025,14,REG,2025_14_TEN_CLE,CLE,TEN,0,0,0,0,0,0,0,0,0,0,0,0,,,0,,0,0,0,0,0,0,0,0,0,0,,0,0,0,0,0,0,0,0,0,0,0,0,0,0,,0,0,0,0,0,,0,0,0,0,0,0,0,0,0,0,0,0,0,0,0,0,0,0,0,0,0,0,0,0,0,0,0,0,0,0,1,5,0,0,0,0,0,0,0,0,0,0,0,0,0,,,0,0,0,0,0,0,0,0,0,0,0,0,,,,0,0,0,0,0,0,0,,0,0,0,0,0,0,0,,0,0,0,0,0,0,0,0,0,0,0,0
00-0038611,C.Rodriguez,Chris Rodriguez Jr.,RB,RB,"https://static.www.nfl.com/image/upload/f_auto,q_auto/league/pknd5uajvpvfd8c744im",2025,14,REG,2025_14_WAS_MIN,WAS,MIN,0,0,0,0,0,0,0,0,0,0,0,0,,,0,,0,0,0,0,10,52,0,0,0,2,1.54719539475627,0,2,1,0,0,0,0,0,0,0,0,0,0,0,,0,0,0,0,0,,0,0,0,0,0,0,0,0,0,0,0,0,0,0,0,0,0,0,0,0,0,0,0,0,0,0,0,0,0,0,0,0,0,0,0,0,0,0,0,0,0,0,0,0,0,,,0,0,0,0,0,0,0,0,0,0,0,0,,,,0,0,0,0,0,0,0,,0,0,0,0,0,0,0,,0,0,0,0,0,0,0,0,0,0,5.2,5.2
00-0038614,S.Matlock,Scott Matlock,DT,DL,"https://static.www.nfl.com/image/upload/f_auto,q_auto/league/biif35k2hwpqmhlxn0sa",2025,14,REG,2025_14_PHI_LAC,LAC,PHI,0,0,0,0,0,0,0,0,0,0,0,0,,,0,,0,0,0,0,0,0,0,0,0,0,,0,0,0,0,0,0,0,0,0,0,0,0,0,0,,0,0,0,0,0,,0,0,0,0,0,0,0,0,0,0,0,0,0,0,0,0,0,0,0,0,0,0,0,0,0,1,0,0,0,0,0,0,0,0,0,0,0,0,0,0,0,0,0,0,0,,,0,0,0,0,0,0,0,0,0,0,0,0,,,,0,0,0,0,0,0,0,,0,0,0,0,0,0,0,,0,0,0,0,0,0,0,0,0,0,0,0
00-0038616,C.Braswell,Christian Braswell,CB,DB,"https://static.www.nfl.com/image/upload/f_auto,q_auto/league/yubjkyjtl24cmt20ycbw",2025,14,REG,2025_14_IND_JAX,JAX,IND,0,0,0,0,0,0,0,0,0,0,0,0,,,0,,0,0,0,0,0,0,0,0,0,0,,0,0,0,0,0,0,0,0,0,0,0,0,0,0,,0,0,0,0,0,,0,0,0,0,0,0,1,0,0,0,0,0,0,0,0,1,0,0,0,0,0,0,0,0,0,0,0,0,0,0,0,0,0,0,0,0,0,0,0,0,0,0,0,0,0,,,0,0,0,0,0,0,0,0,0,0,0,0,,,,0,0,0,0,0,0,0,,0,0,0,0,0,0,0,,0,0,0,0,0,0,0,0,0,0,0,0
00-0038618,X.Hutchinson,Xavier Hutchinson,WR,WR,"https://static.www.nfl.com/image/upload/f_auto,q_auto/league/n5baiu6sg9wh3xhhewkd",2025,14,REG,2025_14_HOU_KC,HOU,KC,0,0,0,0,0,0,0,0,0,0,0,0,,,0,,0,0,0,0,0,0,0,0,0,0,,0,0,0,0,0,0,2,0,0,0,0,30,0,0,-1.71226624632254,0,0,0,0,0,0,0.0740740740740741,0.0983606557377049,0.179963570127505,0,0,0,0,0,0,0,0,0,0,0,0,0,0,0,0,0,0,0,0,0,0,0,0,0,0,0,0,0,0,0,0,0,0,0,0,0,0,0,0,0,0,,,0,0,0,0,0,0,0,0,0,0,0,0,,,,0,0,0,0,0,0,0,,0,0,0,0,0,0,0,,0,0,0,0,0,0,0,0,0,0,0,0
00-0038619,A.Iosivas,Andrei Iosivas,WR,WR,"https://static.www.nfl.com/image/upload/f_auto,q_auto/league/xhrvbt81iohroyftuyj2",2025,14,REG,2025_14_CIN_BUF,CIN,BUF,0,0,0,0,0,0,0,0,0,0,0,0,,,0,,0,0,0,0,0,0,0,0,0,0,,0,0,0,0,0,2,3,17,0,0,0,19,7,1,1.36237711308058,0,1,0,0,0,0.894736842105263,0.0833333333333333,0.0577507598784195,0.165425531914894,0,0,0,0,0,0,0,0,0,0,0,0,0,0,0,0,0,0,0,0,0,0,0,0,0,0,0,0,0,0,0,0,0,0,0,0,0,0,0,0,0,0,,,0,0,0,0,0,0,0,0,0,0,0,0,,,,0,0,0,0,0,0,0,,0,0,0,0,0,0,0,,0,0,0,0,0,0,0,0,0,0,1.7,3.7
00-0038623,D.Stills,Dante Stills,DT,DL,"https://static.www.nfl.com/image/upload/f_auto,q_auto/league/xmtckml9zzgrv1r04anq",2025,14,REG,2025_14_LA_ARI,ARI,LA,0,0,0,0,0,0,0,0,0,0,0,0,,,0,,0,0,0,0,0,0,0,0,0,0,,0,0,0,0,0,0,0,0,0,0,0,0,0,0,,0,0,0,0,0,,0,0,0,0,1,0,1,0,0,0,0,0,2,0,0,0,0,0,0,0,0,0,0,0,0,0,0,0,0,0,0,0,0,0,0,0,0,0,0,0,0,0,0,0,0,,,0,0,0,0,0,0,0,0,0,0,0,0,,,,0,0,0,0,0,0,0,,0,0,0,0,0,0,0,,0,0,0,0,0,0,0,0,0,0,0,0
00-0038624,A.Speed,Ameer Speed,CB,DB,"https://static.www.nfl.com/image/upload/f_auto,q_auto/league/o9d89l2prvb5k7uawpzi",2025,14,REG,2025_14_HOU_KC,HOU,KC,0,0,0,0,0,0,0,0,0,0,0,0,,,0,,0,0,0,0,0,0,0,0,0,0,,0,0,0,0,0,0,0,0,0,0,0,0,0,0,,0,0,0,0,0,,0,0,0,0,0,0,1,0,0,0,0,0,0,0,0,0,0,0,0,0,0,0,0,0,0,0,0,0,0,0,0,0,0,0,0,0,0,0,0,0,0,0,0,0,0,,,0,0,0,0,0,0,0,0,0,0,0,0,,,,0,0,0,0,0,0,0,,0,0,0,0,0,0,0,,0,0,0,0,0,0,0,0,0,0,0,0
00-0038640,J.Brooks,Jalen Brooks,WR,WR,"https://static.www.nfl.com/image/upload/f_auto,q_auto/league/xeg0tvg6klf0afgddkq6",2025,14,REG,2025_14_LA_ARI,ARI,LA,0,0,0,0,0,0,0,0,0,0,0,0,,,0,,0,0,0,0,0,0,0,0,0,0,,0,0,0,0,0,2,3,32,0,0,0,40,18,2,1.24185758264503,0,2,1,1,0,0.8,0.0681818181818182,0.113636363636364,0.181818181818182,0,0,0,0,0,0,0,0,0,0,0,0,0,0,0,0,0,0,0,0,0,0,0,0,0,0,0,0,0,0,0,0,0,0,0,0,3,66,0,0,0,0,,,0,0,0,0,0,0,0,0,0,0,0,0,,,,0,0,0,0,0,0,0,,0,0,0,0,0,0,0,,0,0,0,0,0,0,0,0,0,0,3.2,5.2
00-0038660,T.Nowaske,Trevor Nowaske,LB,LB,"https://static.www.nfl.com/image/upload/f_auto,q_auto/league/m65qtbao0n91lg4gprrp",2025,14,REG,2025_14_DAL_DET,DET,DAL,0,0,0,0,0,0,0,0,0,0,0,0,,,0,,0,0,0,0,0,0,0,0,0,0,,0,0,0,0,0,0,0,0,0,0,0,0,0,0,,0,0,0,0,0,,0,0,0,0,2,0,1,0,0,0,0,0,0,0,0,0,0,0,0,0,0,0,0,0,0,0,0,0,0,0,0,0,0,0,0,0,0,0,0,0,0,0,0,0,0,,,0,0,0,0,0,0,0,0,0,0,0,0,,,,0,0,0,0,0,0,0,,0,0,0,0,0,0,0,,0,0,0,0,0,0,0,0,0,0,0,0
00-0038679,T.Shavers,Tyrell Shavers,WR,WR,"https://static.www.nfl.com/image/upload/f_auto,q_auto/league/r9nabownt8mbqlj730su",2025,14,REG,2025_14_CIN_BUF,BUF,CIN,0,0,0,0,0,0,0,0,0,0,0,0,,,0,,0,0,0,0,0,0,0,0,0,0,,0,0,0,0,0,1,1,16,0,0,0,16,0,1,0.961528208456002,0,1,1,0,0,1,0.037037037037037,0.124031007751938,0.142377260981912,0,0,0,0,0,0,0,0,0,0,0,0,0,0,0,0,0,0,0,0,0,0,0,0,0,0,0,0,0,0,0,0,0,0,0,0,0,0,0,0,0,0,,,0,0,0,0,0,0,0,0,0,0,0,0,,,,0,0,0,0,0,0,0,,0,0,0,0,0,0,0,,0,0,0,0,0,0,0,0,0,0,1.6,2.6
00-0038684,E.Bonner,Ethan Bonner,CB,DB,"https://static.www.nfl.com/image/upload/f_auto,q_auto/league/zfylu04usdezofligghl",2025,14,REG,2025_14_MIA_NYJ,MIA,NYJ,0,0,0,0,0,0,0,0,0,0,0,0,,,0,,0,0,0,0,0,0,0,0,0,0,,0,0,0,0,0,0,0,0,0,0,0,0,0,0,,0,0,0,0,0,,0,0,0,0,2,0,1,0,0,0,0,0,0,1,0,1,0,0,0,0,0,0,0,0,0,0,0,0,0,0,0,0,0,0,0,0,0,0,0,0,0,0,0,0,0,,,0,0,0,0,0,0,0,0,0,0,0,0,,,,0,0,0,0,0,0,0,,0,0,0,0,0,0,0,,0,0,0,0,0,0,0,0,0,0,0,0
00-0038685,C.Brooks,Chris Brooks,RB,RB,"https://static.www.nfl.com/image/upload/f_auto,q_auto/league/ityat7ltppdxe9t0imjd",2025,14,REG,2025_14_CHI_GB,GB,CHI,0,0,0,0,0,0,0,0,0,0,0,0,,,0,,0,0,0,0,0,0,0,0,0,0,,0,0,0,0,0,1,1,6,0,0,0,-5,11,0,-0.798552655149251,0,0,0,0,0,-1.2,0.0434782608695652,-0.0160771704180064,0.0539633720117433,0,0,0,0,0,0,0,0,0,0,0,0,0,0,0,0,0,0,0,0,0,0,0,0,0,0,0,0,0,0,0,0,0,0,0,0,0,0,0,0,0,0,,,0,0,0,0,0,0,0,0,0,0,0,0,,,,0,0,0,0,0,0,0,,0,0,0,0,0,0,0,,0,0,0,0,0,0,0,0,0,0,0.6,1.6
00-0038710,B.Whiteheart,Blake Whiteheart,TE,TE,"https://static.www.nfl.com/image/upload/f_auto,q_auto/league/senw8edxu2ovkg1dbdxs",2025,14,REG,2025_14_TEN_CLE,CLE,TEN,0,0,0,0,0,0,0,0,0,0,0,0,,,0,,0,0,0,0,0,0,0,0,0,0,,0,0,0,0,0,0,1,0,0,0,0,4,0,0,-0.584133410360664,0,0,0,0,0,0,0.0263157894736842,0.0131147540983607,0.0486540120793788,0,0,0,0,0,0,0,0,0,0,0,0,0,0,0,0,0,0,0,0,0,0,0,0,0,0,0,1,10,0,0,0,0,0,0,0,0,0,0,0,0,0,,,0,0,0,0,0,0,0,0,0,0,0,0,,,,0,0,0,0,0,0,0,,0,0,0,0,0,0,0,,0,0,0,0,0,0,0,0,0,0,0,0
00-0038711,M.Diabate,Mohamoud Diabate,LB,LB,"https://static.www.nfl.com/image/upload/f_auto,q_auto/league/to8prswizs9iqvpqqbay",2025,14,REG,2025_14_TEN_CLE,CLE,TEN,0,0,0,0,0,0,0,0,0,0,0,0,,,0,,0,0,0,0,0,0,0,0,0,0,,0,0,0,0,0,0,0,0,0,0,0,0,0,0,,0,0,0,0,0,,0,0,0,0,2,0,2,0,0,0,0,0,0,0,0,0,0,0,0,0,0,0,0,0,0,0,0,0,0,0,1,5,0,0,0,0,0,0,0,0,0,0,0,0,0,,,0,0,0,0,0,0,0,0,0,0,0,0,,,,0,0,0,0,0,0,0,,0,0,0,0,0,0,0,,0,0,0,0,0,0,0,0,0,0,0,0
00-0038715,R.Hickman,Ronnie Hickman Jr.,SAF,DB,"https://static.www.nfl.com/image/upload/f_auto,q_auto/league/ds24p7j86p9mwshsjvbu",2025,14,REG,2025_14_TEN_CLE,CLE,TEN,0,0,0,0,0,0,0,0,0,0,0,0,,,0,,0,0,0,0,0,0,0,0,0,0,,0,0,0,0,0,0,0,0,0,0,0,0,0,0,,0,0,0,0,0,,0,0,0,0,3,0,1,0,0,0,0,0,0,0,0,0,0,0,0,0,0,0,0,0,0,0,0,0,0,0,0,0,0,0,0,0,0,0,0,0,0,0,0,0,0,,,0,0,0,0,0,0,0,0,0,0,0,0,,,,0,0,0,0,0,0,0,,0,0,0,0,0,0,0,,0,0,0,0,0,0,0,0,0,0,0,0
00-0038738,H.Luepke,Hunter Luepke,RB,RB,"https://static.www.nfl.com/image/upload/f_auto,q_auto/league/m28qafff4o5vb3aaumiv",2025,14,REG,2025_14_DAL_DET,DAL,DET,0,0,0,0,0,0,0,0,0,0,0,0,,,0,,0,0,0,0,0,0,0,0,0,0,,0,0,0,0,0,0,0,0,0,0,0,0,0,0,,0,0,0,0,0,,0,0,0,0,0,0,2,0,0,0,0,0,0,0,0,0,0,0,0,0,0,0,0,0,0,0,0,0,0,0,0,0,0,0,0,0,0,0,0,0,0,0,0,0,0,,,0,0,0,0,0,0,0,0,0,0,0,0,,,,0,0,0,0,0,0,0,,0,0,0,0,0,0,0,,0,0,0,0,0,0,0,0,0,0,0,0
00-0038742,T.Wheat,Tyrus Wheat,LB,LB,"https://static.www.nfl.com/image/upload/f_auto,q_auto/league/krmcu6sltcvyy6ddisn7",2025,14,REG,2025_14_DAL_DET,DET,DAL,0,0,0,0,0,0,0,0,0,0,0,0,,,0,,0,0,0,0,0,0,0,0,0,0,,0,0,0,0,0,0,0,0,0,0,0,0,0,0,,0,0,0,0,0,,0,0,0,0,2,0,0,0,0,0,0,0,1,0,0,1,0,0,0,0,0,0,0,0,0,0,0,0,0,0,0,0,0,0,0,0,0,0,0,0,0,0,0,0,0,,,0,0,0,0,0,0,0,0,0,0,0,0,,,,0,0,0,0,0,0,0,,0,0,0,0,0,0,0,,0,0,0,0,0,0,0,0,0,0,0,0
00-0038764,P.O'Connell,Patrick O'Connell,LB,LB,"https://static.www.nfl.com/image/upload/f_auto,q_auto/league/s5wok0ocqr8yc86xhucm",2025,14,REG,2025_14_SEA_ATL,SEA,ATL,0,0,0,0,0,0,0,0,0,0,0,0,,,0,,0,0,0,0,0,0,0,0,0,0,,0,0,0,0,0,0,0,0,0,0,0,0,0,0,,0,0,0,0,0,,0,0,0,0,0,0,1,0,0,0,0,0,0,0,0,0,0,0,0,0,0,0,0,0,0,0,0,0,0,0,0,0,0,0,0,0,0,0,0,0,0,0,0,0,0,,,0,0,0,0,0,0,0,0,0,0,0,0,,,,0,0,0,0,0,0,0,,0,0,0,0,0,0,0,,0,0,0,0,0,0,0,0,0,0,0,0
00-0038765,T.Okada,Ty Okada,SAF,DB,"https://static.www.nfl.com/image/upload/f_auto,q_auto/league/dpnc6udwdhtrsq898nec",2025,14,REG,2025_14_SEA_ATL,SEA,ATL,0,0,0,0,0,0,0,0,0,0,0,0,,,0,,0,0,0,0,0,0,0,0,0,0,,0,0,0,0,0,0,0,0,0,0,0,0,0,0,,0,0,0,0,0,,0,0,0,0,2,1,1,1,1,0,0,0,0,0,0,1,0,0,0,0,0,0,0,0,0,0,0,0,0,0,0,0,0,0,0,0,0,0,0,0,0,0,0,0,0,,,0,0,0,0,0,0,0,0,0,0,0,0,,,,0,0,0,0,0,0,0,,0,0,0,0,0,0,0,,0,0,0,0,0,0,0,0,0,0,0,0
00-0038778,J.Redmond,Jalen Redmond,DL,DL,"https://static.www.nfl.com/image/upload/f_auto,q_auto/league/y4m9ssdlqb8i7zgmo7tl",2025,14,REG,2025_14_WAS_MIN,MIN,WAS,0,0,0,0,0,0,0,0,0,0,0,0,,,0,,0,0,0,0,0,0,0,0,0,0,,0,0,0,0,0,0,0,0,0,0,0,0,0,0,,0,0,0,0,0,,0,0,0,0,2,1,3,2,2,0,1,1,0,0,0,0,0,0,0,0,0,0,0,0,0,0,0,0,0,0,0,0,0,0,0,0,0,0,0,0,0,0,0,0,0,,,0,0,0,0,0,0,0,0,0,0,0,0,,,,0,0,0,0,0,0,0,,0,0,0,0,0,0,0,,0,0,0,0,0,0,0,0,0,0,0,0
00-0038794,J.McLaughlin,Jaleel McLaughlin,RB,RB,"https://static.www.nfl.com/image/upload/f_auto,q_auto/league/jlzkji7mfkcmkyz2tygj",2025,14,REG,2025_14_DEN_LV,DEN,LV,0,0,0,0,0,0,0,0,0,0,0,0,,,0,,0,0,0,0,4,22,0,0,0,1,-0.713091546029318,0,1,0,0,0,1,1,9,0,0,0,1,8,1,0.596678367583081,0,0,0,0,0,9,0.0277777777777778,0.00462962962962963,0.0449074074074074,0,0,0,0,0,0,0,0,0,0,0,0,0,0,0,0,0,0,0,0,0,0,0,0,0,0,0,0,0,0,0,0,0,0,0,0,0,0,0,0,0,0,,,0,0,0,0,0,0,0,0,0,0,0,0,,,,0,0,0,0,0,0,0,,0,0,0,0,0,0,0,,0,0,0,0,0,0,0,0,0,0,3.1,4.1
00-0038795,P.Mustipher,PJ Mustipher,DT,DL,"https://static.www.nfl.com/image/upload/f_auto,q_auto/league/i4ezo2duizbzysd8gmpv",2025,14,REG,2025_14_LA_ARI,ARI,LA,0,0,0,0,0,0,0,0,0,0,0,0,,,0,,0,0,0,0,0,0,0,0,0,0,,0,0,0,0,0,0,0,0,0,0,0,0,0,0,,0,0,0,0,0,,0,0,0,0,2,0,5,0,0,0,0,0,0,0,0,0,0,0,0,0,0,0,0,0,0,0,0,0,0,0,0,0,0,0,0,0,0,0,0,0,0,0,0,0,0,,,0,0,0,0,0,0,0,0,0,0,0,0,,,,0,0,0,0,0,0,0,,0,0,0,0,0,0,0,,0,0,0,0,0,0,0,0,0,0,0,0
00-0038797,E.Wilson,Emanuel Wilson,RB,RB,"https://static.www.nfl.com/image/upload/f_auto,q_auto/league/uorruvczsxzvffpbxu8z",2025,14,REG,2025_14_CHI_GB,GB,CHI,0,0,0,0,0,0,0,0,0,0,0,0,,,0,,0,0,0,0,3,10,0,0,0,0,-0.265503531321883,0,0,0,0,0,0,0,0,0,0,0,0,0,0,,0,0,0,0,0,,0,0,0,0,0,0,0,0,0,0,0,0,0,0,0,0,0,0,0,0,0,0,0,0,0,0,0,0,0,0,0,0,0,0,0,0,0,0,0,2,55,0,0,0,0,,,0,0,0,0,0,0,0,0,0,0,0,0,,,,0,0,0,0,0,0,0,,0,0,0,0,0,0,0,,0,0,0,0,0,0,0,0,0,0,1,1
00-0038807,I.Pace,Ivan Pace Jr.,LB,LB,"https://static.www.nfl.com/image/upload/f_auto,q_auto/league/til1eiumoueha3mnindj",2025,14,REG,2025_14_WAS_MIN,MIN,WAS,0,0,0,0,0,0,0,0,0,0,0,0,,,0,,0,0,0,0,0,0,0,0,0,0,,0,0,0,0,0,0,0,0,0,0,0,0,0,0,,0,0,0,0,0,,0,0,0,0,0,0,3,0,0,0,0,0,0,0,0,0,0,0,0,0,0,0,0,0,0,0,0,0,0,0,0,0,0,0,0,0,0,0,0,0,0,0,0,0,0,,,0,0,0,0,0,0,0,0,0,0,0,0,,,,0,0,0,0,0,0,0,,0,0,0,0,0,0,0,,0,0,0,0,0,0,0,0,0,0,0,0
00-0038809,B.Sims,Ben Sims,TE,TE,"https://static.www.nfl.com/image/upload/f_auto,q_auto/league/rigksrncrdjmbhvfuclp",2025,14,REG,2025_14_WAS_MIN,MIN,WAS,0,0,0,0,0,0,0,0,0,0,0,0,,,0,,0,0,0,0,0,0,0,0,0,0,,0,0,0,0,0,1,1,9,0,0,0,4,5,1,0.989481216296554,0,0,0,0,0,2.25,0.0434782608695652,0.0261437908496732,0.0835180448991191,0,0,0,0,0,0,0,0,0,0,0,0,0,0,0,0,0,0,0,0,0,0,0,0,0,0,0,0,0,0,0,0,0,0,0,0,0,0,0,0,0,0,,,0,0,0,0,0,0,0,0,0,0,0,0,,,,0,0,0,0,0,0,0,,0,0,0,0,0,0,0,,0,0,0,0,0,0,0,0,0,0,0.9,1.9
00-0038820,C.Izien,Christian Izien,SAF,DB,"https://static.www.nfl.com/image/upload/f_auto,q_auto/league/mgnzlvalqatapemmfbao",2025,14,REG,2025_14_NO_TB,TB,NO,0,0,0,0,0,0,0,0,0,0,0,0,,,0,,0,0,0,0,0,0,0,0,0,0,,0,0,0,0,0,0,0,0,0,0,0,0,0,0,,0,0,0,0,0,,0,0,0,0,5,0,3,1,2,0,0,0,0,0,0,0,0,0,0,0,0,0,0,0,0,0,0,0,0,0,0,0,0,0,0,0,0,0,0,0,0,0,0,0,0,,,0,0,0,0,0,0,0,0,0,0,0,0,,,,0,0,0,0,0,0,0,,0,0,0,0,0,0,0,,0,0,0,0,0,0,0,0,0,0,0,0
00-0038824,R.Miller,Ryan Miller,WR,WR,"https://static.www.nfl.com/image/upload/f_auto,q_auto/league/cyn2sjaozsadlvgarg6p",2025,14,REG,2025_14_NO_TB,TB,NO,0,0,0,0,0,0,0,0,0,0,0,0,,,0,,0,0,0,0,0,0,0,0,0,0,,0,0,0,0,0,0,0,0,0,0,0,0,0,0,,0,0,0,0,0,,0,0,0,0,1,0,0,0,0,0,0,0,0,0,0,0,0,0,0,0,0,0,0,0,0,0,0,0,0,0,0,0,0,0,0,0,0,0,0,0,0,0,0,0,0,,,0,0,0,0,0,0,0,0,0,0,0,0,,,,0,0,0,0,0,0,0,,0,0,0,0,0,0,0,,0,0,0,0,0,0,0,0,0,0,0,0
00-0038891,S.Jackson,Shedrick Jackson,WR,WR,"https://static.www.nfl.com/image/upload/f_auto,q_auto/league/pimh65yyziduaq7vbmi5",2025,14,REG,2025_14_DEN_LV,LV,DEN,0,0,0,0,0,0,0,0,0,0,0,0,,,0,,0,0,0,0,0,0,0,0,0,0,,0,0,0,0,0,1,1,25,1,0,0,25,0,1,3.36324320256244,0,1,1,1,0,1,0.0357142857142857,0.102459016393443,0.125292740046838,0,0,0,0,0,0,0,0,0,0,0,0,0,0,0,0,0,0,0,0,0,0,0,0,0,0,0,0,0,0,0,0,0,0,0,0,0,0,0,0,0,0,,,0,0,0,0,0,0,0,0,0,0,0,0,,,,0,0,0,0,0,0,0,,0,0,0,0,0,0,0,,0,0,0,0,0,0,0,0,0,0,8.5,9.5
00-0038896,J.Saylors,Jacob Saylors,RB,RB,"https://static.www.nfl.com/image/upload/f_auto,q_auto/league/wunm6abfmikwaewmwkp7",2025,14,REG,2025_14_DAL_DET,DET,DAL,0,0,0,0,0,0,0,0,0,0,0,0,,,0,,0,0,0,0,0,0,0,0,0,0,,0,0,0,0,0,0,0,0,0,0,0,0,0,0,,0,0,0,0,0,,0,0,0,0,0,0,0,0,0,0,0,0,0,0,0,0,0,0,0,0,0,0,0,0,0,0,0,0,0,0,0,0,0,0,0,0,0,0,0,5,141,0,0,0,0,,,0,0,0,0,0,0,0,0,0,0,0,0,,,,0,0,0,0,0,0,0,,0,0,0,0,0,0,0,,0,0,0,0,0,0,0,0,0,0,0,0
00-0038905,B.Grupe,Blake Grupe,K,SPEC,"https://static.www.nfl.com/image/upload/f_auto,q_auto/league/de3vz6xjjo9paba6encd",2025,14,REG,2025_14_IND_JAX,IND,JAX,0,0,0,0,0,0,0,0,0,0,0,0,,,0,,0,0,0,0,0,0,0,0,0,0,,0,0,0,0,0,0,0,0,0,0,0,0,0,0,,0,0,0,0,0,,0,0,0,0,0,0,0,0,0,0,0,0,0,0,0,0,0,0,0,0,0,0,0,0,0,0,0,0,0,0,0,0,0,0,0,0,0,0,0,0,0,2,2,0,0,36,1,0,1,1,0,0,0,0,0,0,0,0,0,28;36,,,64,0,0,1,1,0,0,1,0,0,0,0,0,0,0,,0,0,0,0,0,0,0,0,0,0,0,0
00-0038911,M.Cunningham,Malik Cunningham,WR,WR,"https://static.www.nfl.com/image/upload/f_auto,q_auto/league/b1zs666er20onzjnff8h",2025,14,REG,2025_14_DAL_DET,DET,DAL,0,0,0,0,0,0,0,0,0,0,0,0,,,0,,0,0,0,0,1,1,0,0,0,0,-0.497539632488042,0,0,0,0,0,0,0,0,0,0,0,0,0,0,,0,0,0,0,0,,0,0,0,0,0,0,0,0,0,0,0,0,0,0,0,0,0,0,0,0,0,0,0,0,0,0,0,0,0,0,0,0,0,0,0,0,0,0,0,0,0,0,0,0,0,,,0,0,0,0,0,0,0,0,0,0,0,0,,,,0,0,0,0,0,0,0,,0,0,0,0,0,0,0,,0,0,0,0,0,0,0,0,0,0,0.1,0.1
00-0038922,D.Thomas,Drake Thomas,LB,LB,"https://static.www.nfl.com/image/upload/f_auto,q_auto/league/rmsrwh97imnsmq3lw1xm",2025,14,REG,2025_14_SEA_ATL,SEA,ATL,0,0,0,0,0,0,0,0,0,0,0,0,,,0,,0,0,0,0,0,0,0,0,0,0,,0,0,0,0,0,0,0,0,0,0,0,0,0,0,,0,0,0,0,0,,0,0,0,0,1,0,4,0,0,0,0,0,0,0,0,0,0,0,0,0,0,0,0,0,0,0,0,0,0,0,0,0,0,0,0,0,0,0,0,0,0,0,0,0,0,,,0,0,0,0,0,0,0,0,0,0,0,0,,,,0,0,0,0,0,0,0,,0,0,0,0,0,0,0,,0,0,0,0,0,0,0,0,0,0,0,0
00-0038932,D.Wright,Darnell Wright,OT,OL,"https://static.www.nfl.com/image/upload/f_auto,q_auto/league/lyx4zcnkzewtzqxi7lvh",2025,14,REG,2025_14_CHI_GB,CHI,GB,0,0,0,0,0,0,0,0,0,0,0,0,,,0,,0,0,0,0,0,0,0,0,0,0,,0,0,0,0,0,0,0,0,0,0,0,0,0,0,,0,0,0,0,0,,0,0,0,0,0,0,0,0,0,0,0,0,0,0,0,0,0,0,0,0,0,0,0,0,0,0,0,0,0,0,1,10,0,0,0,0,0,0,0,0,0,0,0,0,0,,,0,0,0,0,0,0,0,0,0,0,0,0,,,,0,0,0,0,0,0,0,,0,0,0,0,0,0,0,,0,0,0,0,0,0,0,0,0,0,0,0
00-0038933,D.Kincaid,Dalton Kincaid,TE,TE,"https://static.www.nfl.com/image/upload/f_auto,q_auto/league/z7k857flehljboaixj8m",2025,14,REG,2025_14_CIN_BUF,BUF,CIN,0,0,0,0,0,0,0,0,0,0,0,0,,,0,,0,0,0,0,0,0,0,0,0,0,,0,0,0,0,0,4,5,41,1,0,0,21,41,3,3.74699753720779,0,2,1,1,0,1.95238095238095,0.185185185185185,0.162790697674419,0.391731266149871,0,0,0,0,0,0,0,0,0,0,0,0,0,0,0,0,0,0,0,0,0,0,0,0,0,0,0,0,0,0,0,0,0,0,0,0,0,0,0,0,0,0,,,0,0,0,0,0,0,0,0,0,0,0,0,,,,0,0,0,0,0,0,0,,0,0,0,0,0,0,0,,0,0,0,0,0,0,0,0,0,0,10.1,14.1
00-0038935,B.Strange,Brenton Strange,TE,TE,"https://static.www.nfl.com/image/upload/f_auto,q_auto/league/devxzxwf1sfficgncggm",2025,14,REG,2025_14_IND_JAX,JAX,IND,0,0,0,0,0,0,0,0,0,0,0,0,,,0,,0,0,0,0,0,0,0,0,0,0,,0,0,0,0,0,3,6,27,0,0,0,39,18,1,-0.834710179653484,0,1,1,0,0,0.692307692307692,0.193548387096774,0.117117117117117,0.372304562627143,0,0,0,1,0,0,0,0,0,0,0,0,0,0,0,0,0,0,0,0,0,0,0,0,0,0,0,1,5,0,0,0,0,0,0,0,0,0,0,0,0,0,,,0,0,0,0,0,0,0,0,0,0,0,0,,,,0,0,0,0,0,0,0,,0,0,0,0,0,0,0,,0,0,0,0,0,0,0,0,0,0,2.7,5.7
00-0038951,S.Tucker,Sean Tucker,RB,RB,"https://static.www.nfl.com/image/upload/f_auto,q_auto/league/wiarwjvy8p6bojlratp4",2025,14,REG,2025_14_NO_TB,TB,NO,0,0,0,0,0,0,0,0,0,0,0,0,,,0,,0,0,0,0,7,29,1,0,0,2,-1.31589457049267,0,1,1,0,0,0,0,0,0,0,0,0,0,0,,0,0,0,0,0,,0,0,0,0,0,0,0,0,0,0,0,0,0,0,0,0,0,0,0,0,0,0,0,0,0,0,0,0,0,0,0,0,0,0,0,0,0,0,0,0,0,0,0,0,0,,,0,0,0,0,0,0,0,0,0,0,0,0,,,,0,0,0,0,0,0,0,,0,0,0,0,0,0,0,,0,0,0,0,0,0,0,0,0,0,8.9,8.9
00-0038953,D.Drummond,Dylan Drummond,WR,WR,"https://static.www.nfl.com/image/upload/f_auto,q_auto/league/xyexcy7ur9nscytyhinx",2025,14,REG,2025_14_SEA_ATL,ATL,SEA,0,0,0,0,0,0,0,0,0,0,0,0,,,0,,0,0,0,0,0,0,0,0,0,0,,0,0,0,0,0,3,5,21,0,0,0,26,10,1,-3.05759069746285,0,1,0,0,0,0.807692307692308,0.178571428571429,0.127450980392157,0.357072829131653,0,0,0,0,0,0,0,0,0,0,0,0,0,0,0,0,0,0,0,0,0,0,0,0,0,0,0,0,0,0,0,0,0,0,0,0,0,0,0,0,0,0,,,0,0,0,0,0,0,0,0,0,0,0,0,,,,0,0,0,0,0,0,0,,0,0,0,0,0,0,0,,0,0,0,0,0,0,0,0,0,0,2.1,5.1
00-0038958,M.Watts,Markees Watts,LB,LB,"https://static.www.nfl.com/image/upload/f_auto,q_auto/league/hwxh3ps9lwnj0qu4mw8v",2025,14,REG,2025_14_NO_TB,TB,NO,0,0,0,0,0,0,0,0,0,0,0,0,,,0,,0,0,0,0,0,0,0,0,0,0,,0,0,0,0,0,0,0,0,0,0,0,0,0,0,,0,0,0,0,0,,0,0,0,0,0,0,1,0,0,0,0,0,0,0,0,0,0,0,0,0,0,0,0,0,0,0,0,0,0,0,0,0,0,0,0,0,0,0,0,0,0,0,0,0,0,,,0,0,0,0,0,0,0,0,0,0,0,0,,,,0,0,0,0,0,0,0,,0,0,0,0,0,0,0,,0,0,0,0,0,0,0,0,0,0,0,0
00-0038976,M.Mims,Marvin Mims Jr.,WR,WR,"https://static.www.nfl.com/image/upload/f_auto,q_auto/league/zbdjtph5xplbf4yocz0l",2025,14,REG,2025_14_DEN_LV,DEN,LV,0,0,0,0,0,0,0,0,0,0,0,0,,,0,,0,0,0,0,1,2,0,0,0,0,-0.319535632850602,0,0,0,0,0,1,1,5,0,0,0,3,2,0,-0.181047689402476,0,0,0,0,0,1.66666666666667,0.0277777777777778,0.0138888888888889,0.0513888888888889,1,0,0,0,0,0,0,0,0,0,0,0,0,0,0,0,0,0,0,0,0,0,0,0,0,0,0,0,0,0,0,0,0,0,1,48,2,39,0,0,0,0,,,0,0,0,0,0,0,0,0,0,0,0,0,,,,0,0,0,0,0,0,0,,0,0,0,0,0,0,0,,0,0,0,0,0,0,0,0,0,0,6.7,7.7
00-0038978,B.Young,Byron Young,DT,DL,"https://static.www.nfl.com/image/upload/f_auto,q_auto/league/zkjuhizs7now7kfwp9s3",2025,14,REG,2025_14_PHI_LAC,PHI,LAC,0,0,0,0,0,0,0,0,0,0,0,0,,,0,,0,0,0,0,0,0,0,0,0,0,,0,0,0,0,0,0,0,0,0,0,0,0,0,0,,0,0,0,0,0,,0,0,0,0,2,0,6,1,3,0,1.5,3,2,0,0,0,0,0,0,0,0,0,0,0,0,0,0,1,0,0,0,0,0,0,0,0,0,0,0,0,0,0,0,0,0,,,0,0,0,0,0,0,0,0,0,0,0,0,,,,0,0,0,0,0,0,0,,0,0,0,0,0,0,0,,0,0,0,0,0,0,0,0,0,0,0,0
00-0038979,C.Tillman,Cedric Tillman,WR,WR,"https://static.www.nfl.com/image/upload/f_auto,q_auto/league/xust9v3gob1qqwhziugh",2025,14,REG,2025_14_TEN_CLE,CLE,TEN,0,0,0,0,0,0,0,0,0,0,0,0,,,0,,0,0,0,0,0,0,0,0,0,0,,0,0,0,0,0,1,3,23,0,0,0,68,5,1,0.458699099719524,0,1,1,1,0,0.338235294117647,0.0789473684210526,0.222950819672131,0.274486626402071,0,1,0,0,0,0,0,0,0,0,0,0,0,0,0,0,0,0,0,0,0,0,0,0,0,0,0,0,0,0,0,0,0,0,0,0,0,0,0,0,0,0,,,0,0,0,0,0,0,0,0,0,0,0,0,,,,0,0,0,0,0,0,0,,0,0,0,0,0,0,0,,0,0,0,0,0,0,0,0,0,0,2.3,3.3
00-0038982,C.Conner,Chamarri Conner,DB,DB,"https://static.www.nfl.com/image/upload/f_auto,q_auto/league/fzzbwoogfbowestdz7gz",2025,14,REG,2025_14_HOU_KC,KC,HOU,0,0,0,0,0,0,0,0,0,0,0,0,,,0,,0,0,0,0,0,0,0,0,0,0,,0,0,0,0,0,0,0,0,0,0,0,0,0,0,,0,0,0,0,0,,0,0,0,0,3,0,1,0,0,0,0,0,0,0,0,0,0,0,0,0,0,0,0,0,0,0,0,0,0,0,0,0,0,0,0,0,0,0,0,0,0,0,0,0,0,,,0,0,0,0,0,0,0,0,0,0,0,0,,,,0,0,0,0,0,0,0,,0,0,0,0,0,0,0,,0,0,0,0,0,0,0,0,0,0,0,0
00-0038984,K.Clark,Kei'Trel Clark,CB,DB,"https://static.www.nfl.com/image/upload/f_auto,q_auto/league/mcmz4ef4fvvoqapbf8rf",2025,14,REG,2025_14_LA_ARI,ARI,LA,0,0,0,0,0,0,0,0,0,0,0,0,,,0,,0,0,0,0,0,0,0,0,0,0,,0,0,0,0,0,0,0,0,0,0,0,0,0,0,,0,0,0,0,0,,0,0,0,0,0,0,0,0,0,0,0,0,0,0,0,0,0,0,0,0,0,0,0,0,0,0,0,0,0,0,1,10,0,0,0,0,0,0,0,0,0,0,0,0,0,,,0,0,0,0,0,0,0,0,0,0,0,0,,,,0,0,0,0,0,0,0,,0,0,0,0,0,0,0,,0,0,0,0,0,0,0,0,0,0,0,0
00-0038994,J.Addison,Jordan Addison,WR,WR,"https://static.www.nfl.com/image/upload/f_auto,q_auto/league/mi4lzk9gvjrvo6rwdf1e",2025,14,REG,2025_14_WAS_MIN,MIN,WAS,0,0,0,0,0,0,0,0,0,0,0,0,,,0,,0,0,0,0,0,0,0,0,0,0,,0,0,0,0,0,4,7,62,0,0,0,78,13,4,3.22977421997348,0,3,2,2,0,0.794871794871795,0.304347826086957,0.509803921568627,0.813384484228474,0,0,0,0,0,0,0,0,0,0,0,0,0,0,0,0,0,0,0,0,0,0,0,0,0,0,0,0,0,0,0,0,0,0,0,0,0,0,0,0,0,0,,,0,0,0,0,0,0,0,0,0,0,0,0,,,,0,0,0,0,0,0,0,,0,0,0,0,0,0,0,,0,0,0,0,0,0,0,0,0,0,6.2,10.2
00-0038995,B.Bresee,Bryan Bresee,DT,DL,"https://static.www.nfl.com/image/upload/f_auto,q_auto/league/ggluxdivvc7bhfhpfrsl",2025,14,REG,2025_14_NO_TB,NO,TB,0,0,0,0,0,0,0,0,0,0,0,0,,,0,,0,0,0,0,0,0,0,0,0,0,,0,0,0,0,0,0,0,0,0,0,0,0,0,0,,0,0,0,0,0,,0,0,0,0,2,0,0,0,0,0,0,0,0,0,0,0,0,0,0,0,0,0,0,0,0,0,0,0,0,0,0,0,0,0,0,0,0,0,0,0,0,0,0,0,0,,,0,0,0,0,0,0,0,0,0,0,0,0,,,,0,0,0,0,0,0,0,,0,0,0,0,0,0,0,,0,0,0,0,0,0,0,0,0,0,0,0
00-0038997,J.Downs,Josh Downs,WR,WR,"https://static.www.nfl.com/image/upload/f_auto,q_auto/league/z3wahaxpmc6d5lcxgh60",2025,14,REG,2025_14_IND_JAX,IND,JAX,0,0,0,0,0,0,0,0,0,0,0,0,,,0,,0,0,0,0,0,0,0,0,0,0,,0,0,0,0,0,4,5,23,0,0,0,15,2,2,1.3325405994628,0,1,0,0,0,1.53333333333333,0.138888888888889,0.0646551724137931,0.253591954022989,0,1,0,0,0,0,0,0,0,0,0,0,0,0,0,0,0,0,0,0,0,0,0,0,0,0,0,0,0,0,0,0,0,0,0,0,0,0,0,0,0,0,,,0,0,0,0,0,0,0,0,0,0,0,0,,,,0,0,0,0,0,0,0,,0,0,0,0,0,0,0,,0,0,0,0,0,0,0,0,0,0,2.3,6.3
00-0039001,T.Steen,Tyler Steen,OT,OL,"https://static.www.nfl.com/image/upload/f_auto,q_auto/league/vql0qqvuq0eqkaolcqep",2025,14,REG,2025_14_PHI_LAC,PHI,LAC,0,0,0,0,0,0,0,0,0,0,0,0,,,0,,0,0,0,0,0,0,0,0,0,0,,0,0,0,0,0,0,0,0,0,0,0,0,0,0,,0,0,0,0,0,,0,0,0,0,0,0,0,0,0,0,0,0,0,0,0,0,0,0,0,0,0,0,0,0,0,0,0,0,0,0,1,10,0,0,0,0,0,0,0,0,0,0,0,0,0,,,0,0,0,0,0,0,0,0,0,0,0,0,,,,0,0,0,0,0,0,0,,0,0,0,0,0,0,0,,0,0,0,0,0,0,0,0,0,0,0,0
00-0039002,S.Brown,Sydney Brown,SAF,DB,"https://static.www.nfl.com/image/upload/f_auto,q_auto/league/c9jtw4rbs1inmf2mwjlc",2025,14,REG,2025_14_PHI_LAC,PHI,LAC,0,0,0,0,0,0,0,0,0,0,0,0,,,0,,0,0,0,0,0,0,0,0,0,0,,0,0,0,0,0,0,0,0,0,0,0,0,0,0,,0,0,0,0,0,,0,0,0,0,0,0,1,0,0,0,0,0,0,0,0,0,0,0,0,0,0,0,0,0,0,0,0,0,0,0,0,0,0,0,0,0,0,0,0,0,0,0,0,0,0,,,0,0,0,0,0,0,0,0,0,0,0,0,,,,0,0,0,0,0,0,0,,0,0,0,0,0,0,0,,0,0,0,0,0,0,0,0,0,0,0,0
00-0039007,G.Williams,Garrett Williams,CB,DB,"https://static.www.nfl.com/image/upload/f_auto,q_auto/league/av20qv7vnk7arcnw25bd",2025,14,REG,2025_14_LA_ARI,ARI,LA,0,0,0,0,0,0,0,0,0,0,0,0,,,0,,0,0,0,0,0,0,0,0,0,0,,0,0,0,0,0,0,0,0,0,0,0,0,0,0,,0,0,0,0,0,,0,0,0,0,1,0,5,0,0,0,0,0,0,0,0,0,0,0,0,0,0,0,0,0,0,0,0,0,0,0,0,0,0,0,0,0,0,0,0,0,0,0,0,0,0,,,0,0,0,0,0,0,0,0,0,0,0,0,,,,0,0,0,0,0,0,0,,0,0,0,0,0,0,0,,0,0,0,0,0,0,0,0,0,0,0,0
00-0039009,D.Horton,Dylan Horton,DE,DL,"https://static.www.nfl.com/image/upload/f_auto,q_auto/league/tshgju7vbpqdj84bbkfl",2025,14,REG,2025_14_HOU_KC,HOU,KC,0,0,0,0,0,0,0,0,0,0,0,0,,,0,,0,0,0,0,0,0,0,0,0,0,,0,0,0,0,0,0,0,0,0,0,0,0,0,0,,0,0,0,0,0,,0,0,0,0,1,0,1,0,0,0,0,0,0,0,0,0,0,0,0,0,0,0,0,0,0,0,0,0,0,0,0,0,0,0,0,0,0,0,0,0,0,0,0,0,0,,,0,0,0,0,0,0,0,0,0,0,0,0,,,,0,0,0,0,0,0,0,,0,0,0,0,0,0,0,,0,0,0,0,0,0,0,0,0,0,0,0
00-0039013,N.Smith,Nolan Smith,LB,LB,"https://static.www.nfl.com/image/upload/f_auto,q_auto/league/mutic3dzmrlfruwqlgcb",2025,14,REG,2025_14_PHI_LAC,PHI,LAC,0,0,0,0,0,0,0,0,0,0,0,0,,,0,,0,0,0,0,0,0,0,0,0,0,,0,0,0,0,0,0,0,0,0,0,0,0,0,0,,0,0,0,0,0,,0,0,0,0,4,0,2,0,0,0,0,0,1,0,0,0,0,0,0,0,0,0,0,0,0,0,0,0,0,0,0,0,0,0,0,0,0,0,0,0,0,0,0,0,0,,,0,0,0,0,0,0,0,0,0,0,0,0,,,,0,0,0,0,0,0,0,,0,0,0,0,0,0,0,,0,0,0,0,0,0,0,0,0,0,0,0
00-0039018,J.Campbell,Jack Campbell,LB,LB,"https://static.www.nfl.com/image/upload/f_auto,q_auto/league/gxyqaufhu1wgnomrm8ic",2025,14,REG,2025_14_DAL_DET,DET,DAL,0,0,0,0,0,0,0,0,0,0,0,0,,,0,,0,0,0,0,0,0,0,0,0,0,,0,0,0,0,0,0,0,0,0,0,0,0,0,0,,0,0,0,0,0,,0,0,0,0,6,0,6,1,10,1,1,10,1,0,0,0,0,0,0,0,0,0,0,0,0,0,0,0,0,0,0,0,0,0,0,0,0,0,0,0,0,0,0,0,0,,,0,0,0,0,0,0,0,0,0,0,0,0,,,,0,0,0,0,0,0,0,,0,0,0,0,0,0,0,,0,0,0,0,0,0,0,0,0,0,0,0
00-0039031,A.Adebawore,Adetomiwa Adebawore,DT,DL,"https://static.www.nfl.com/image/upload/f_auto,q_auto/league/k4jeqt29qhkxivumi4d7",2025,14,REG,2025_14_IND_JAX,IND,JAX,0,0,0,0,0,0,0,0,0,0,0,0,,,0,,0,0,0,0,0,0,0,0,0,0,,0,0,0,0,0,0,0,0,0,0,0,0,0,0,,0,0,0,0,0,,0,0,0,0,0,0,2,0,0,0,0,0,0,0,0,0,0,0,0,0,0,0,0,0,0,0,0,0,0,0,0,0,0,0,0,0,0,0,0,0,0,0,0,0,0,,,0,0,0,0,0,0,0,0,0,0,0,0,,,,0,0,0,0,0,0,0,,0,0,0,0,0,0,0,,0,0,0,0,0,0,0,0,0,0,0,0
00-0039032,T.Spears,Tyjae Spears,RB,RB,"https://static.www.nfl.com/image/upload/f_auto,q_auto/league/pkly3nkohty1tuijtwty",2025,14,REG,2025_14_TEN_CLE,TEN,CLE,0,0,0,0,0,0,0,0,0,0,0,0,,,0,,0,0,0,0,8,19,0,0,0,2,-1.07196776755498,0,0,0,0,0,2,4,28,0,0,0,2,27,1,1.28909824730363,0,1,1,1,0,14,0.16,0.0114942528735632,0.248045977011494,0,0,0,0,0,0,0,0,0,0,0,0,0,0,0,0,0,0,0,0,0,0,0,0,0,0,0,0,0,0,0,0,0,0,0,0,0,0,0,0,0,0,,,0,0,0,0,0,0,0,0,0,0,0,0,,,,0,0,0,0,0,0,0,,0,0,0,0,0,0,0,,0,0,0,0,0,0,0,0,0,0,4.7,6.7
00-0039040,D.Achane,De'Von Achane,RB,RB,"https://static.www.nfl.com/image/upload/f_auto,q_auto/league/xk1xwio0bryfxo1ylweu",2025,14,REG,2025_14_MIA_NYJ,MIA,NYJ,0,0,0,0,0,0,0,0,0,0,0,0,,,0,,0,0,0,0,7,92,1,0,0,3,6.02379568753531,0,3,3,2,0,1,1,13,0,0,0,0,13,1,1.47490935539827,0,1,0,0,0,0,0.0476190476190476,0,0.0714285714285714,0,0,0,0,0,0,0,0,0,0,0,0,0,0,0,0,0,0,0,0,0,0,0,0,0,0,0,0,0,0,0,0,0,0,0,0,0,0,0,0,0,0,,,0,0,0,0,0,0,0,0,0,0,0,0,,,,0,0,0,0,0,0,0,,0,0,0,0,0,0,0,,0,0,0,0,0,0,0,0,0,0,16.5,17.5
00-0039041,E.Higgins,Elijah Higgins,TE,TE,"https://static.www.nfl.com/image/upload/f_auto,q_auto/league/qgvtaa0gekopg4ad6vqe",2025,14,REG,2025_14_LA_ARI,ARI,LA,0,0,0,0,0,0,0,0,0,0,0,0,,,0,,0,0,0,0,0,0,0,0,0,0,,0,0,0,0,0,1,1,0,0,0,0,-3,3,0,-0.592460030922666,0,0,0,0,0,0,0.0227272727272727,-0.00852272727272727,0.028125,0,0,0,1,0,0,0,0,0,0,0,0,0,0,0,0,0,0,0,0,0,0,0,0,0,0,0,1,5,0,0,0,0,0,0,0,0,0,0,0,0,0,,,0,0,0,0,0,0,0,0,0,0,0,0,,,,0,0,0,0,0,0,0,,0,0,0,0,0,0,0,,0,0,0,0,0,0,0,0,0,0,0,1
00-0039047,D.Hall,Derick Hall,LB,LB,"https://static.www.nfl.com/image/upload/f_auto,q_auto/league/pblbd65bo6myp030qbes",2025,14,REG,2025_14_SEA_ATL,SEA,ATL,0,0,0,0,0,0,0,0,0,0,0,0,,,0,,0,0,0,0,0,0,0,0,0,0,,0,0,0,0,0,0,0,0,0,0,0,0,0,0,,0,0,0,0,0,,0,0,0,0,0,0,2,0,0,0,0,0,1,0,0,1,0,0,0,0,0,0,0,0,0,0,0,0,0,0,0,0,0,0,0,0,0,0,0,0,0,0,0,0,0,,,0,0,0,0,0,0,0,0,0,0,0,0,,,,0,0,0,0,0,0,0,,0,0,0,0,0,0,0,,0,0,0,0,0,0,0,0,0,0,0,0
00-0039049,S.Dennis,SirVocea Dennis,LB,LB,"https://static.www.nfl.com/image/upload/f_auto,q_auto/league/jcqpqpizmzp5fotauj38",2025,14,REG,2025_14_NO_TB,TB,NO,0,0,0,0,0,0,0,0,0,0,0,0,,,0,,0,0,0,0,0,0,0,0,0,0,,0,0,0,0,0,0,0,0,0,0,0,0,0,0,,0,0,0,0,0,,0,0,0,0,1,0,1,0,0,0,0,0,0,0,0,0,0,0,0,0,0,0,0,0,0,0,0,0,0,0,0,0,0,0,0,0,0,0,0,0,0,0,0,0,0,,,0,0,0,0,0,0,0,0,0,0,0,0,,,,0,0,0,0,0,0,0,,0,0,0,0,0,0,0,,0,0,0,0,0,0,0,0,0,0,0,0
00-0039050,P.Durham,Payne Durham,TE,TE,"https://static.www.nfl.com/image/upload/f_auto,q_auto/league/emibbexzjbzvopbvo1at",2025,14,REG,2025_14_NO_TB,TB,NO,0,0,0,0,0,0,0,0,0,0,0,0,,,0,,0,0,0,0,0,0,0,0,0,0,,0,0,0,0,0,0,0,0,0,0,0,0,0,0,,0,0,0,0,0,,0,0,0,0,1,0,0,0,0,0,0,0,0,0,0,0,0,0,0,0,0,0,0,0,0,0,0,0,0,0,0,0,0,0,0,0,0,0,0,0,0,0,0,0,0,,,0,0,0,0,0,0,0,0,0,0,0,0,,,,0,0,0,0,0,0,0,,0,0,0,0,0,0,0,,0,0,0,0,0,0,0,0,0,0,0,0
00-0039051,J.Hayes,Josh Hayes,DB,DB,"https://static.www.nfl.com/image/upload/f_auto,q_auto/league/qytktb1ertsh8rzwq08k",2025,14,REG,2025_14_NO_TB,TB,NO,0,0,0,0,0,0,0,0,0,0,0,0,,,0,,0,0,0,0,0,0,0,0,0,0,,0,0,0,0,0,0,0,0,0,0,0,0,0,0,,0,0,0,0,0,,0,0,0,0,0,0,0,0,0,0,0,0,0,0,0,0,0,0,0,0,0,0,0,0,0,0,0,0,0,0,1,10,0,0,0,0,0,0,0,0,0,0,0,0,0,,,0,0,0,0,0,0,0,0,0,0,0,0,,,,0,0,0,0,0,0,0,,0,0,0,0,0,0,0,,0,0,0,0,0,0,0,0,0,0,0,0
00-0039059,E.Evans,Ethan Evans,P,SPEC,"https://static.www.nfl.com/image/upload/f_auto,q_auto/league/by1ttgtdiqwd3a2pdbl5",2025,14,REG,2025_14_LA_ARI,LA,ARI,0,0,0,0,0,0,0,0,0,0,0,0,,,0,,0,0,0,0,0,0,0,0,0,0,,0,0,0,0,0,0,0,0,0,0,0,0,0,0,,0,0,0,0,0,,0,0,0,0,0,0,0,0,0,0,0,0,0,0,0,0,0,0,0,0,0,0,0,0,0,0,0,0,0,0,0,0,0,0,0,0,0,0,0,0,0,0,0,0,0,,,0,0,0,0,0,0,0,0,0,0,0,0,,,,0,0,0,0,0,0,0,,0,0,0,0,0,3,0,56,140,0,0,1,2,0,0,0,0,100,0,0
00-0039061,D.Johnson,Desjuan Johnson,DE,DL,"https://static.www.nfl.com/image/upload/f_auto,q_auto/league/qj7pup9mp0owqeocx98x",2025,14,REG,2025_14_LA_ARI,LA,ARI,0,0,0,0,0,0,0,0,0,0,0,0,,,0,,0,0,0,0,0,0,0,0,0,0,,0,0,0,0,0,0,0,0,0,0,0,0,0,0,,0,0,0,0,0,,0,0,0,0,1,0,2,0,0,0,0,0,2,0,0,0,0,0,0,0,0,0,0,0,0,0,0,0,0,0,0,0,0,0,0,0,0,0,0,0,0,0,0,0,0,,,0,0,0,0,0,0,0,0,0,0,0,0,,,,0,0,0,0,0,0,0,,0,0,0,0,0,0,0,,0,0,0,0,0,0,0,0,0,0,0,0
00-0039062,J.Mingo,Jonathan Mingo,WR,WR,"https://static.www.nfl.com/image/upload/f_auto,q_auto/league/u2b8s2s0ix5hntyg3eog",2025,14,REG,2025_14_DAL_DET,DAL,DET,0,0,0,0,0,0,0,0,0,0,0,0,,,0,,0,0,0,0,0,0,0,0,0,0,,0,0,0,0,0,0,1,0,0,0,0,18,0,0,-0.619420137722045,0,0,0,0,0,0,0.0212765957446809,0.0362173038229376,0.0572670062930776,0,0,0,0,0,0,0,0,0,0,0,0,0,0,0,0,0,0,0,0,0,0,0,0,0,0,0,0,0,0,0,0,0,0,0,0,0,0,0,0,0,0,,,0,0,0,0,0,0,0,0,0,0,0,0,,,,0,0,0,0,0,0,0,,0,0,0,0,0,0,0,,0,0,0,0,0,0,0,0,0,0,0,0
00-0039064,Z.Flowers,Zay Flowers,WR,WR,"https://static.www.nfl.com/image/upload/f_auto,q_auto/league/xzhto2dejy2pflkfx40c",2025,14,REG,2025_14_PIT_BAL,BAL,PIT,0,0,0,0,0,0,0,0,0,0,0,0,,,0,,0,0,0,0,1,2,0,0,0,0,-0.433249968918972,0,0,0,0,0,8,11,124,0,0,0,118,42,4,7.16811220696783,0,3,3,3,0,1.05084745762712,0.333333333333333,0.459143968871595,0.821400778210117,0,0,0,0,0,0,0,0,0,0,0,0,0,0,0,0,0,0,0,0,0,0,0,0,0,0,0,0,0,0,0,0,0,0,0,0,0,0,0,0,0,0,,,0,0,0,0,0,0,0,0,0,0,0,0,,,,0,0,0,0,0,0,0,,0,0,0,0,0,0,0,,0,0,0,0,0,0,0,0,0,0,12.6,20.6
00-0039067,R.Rice,Rashee Rice,WR,WR,"https://static.www.nfl.com/image/upload/f_auto,q_auto/league/qhkbqrydjeur8zvrrmfl",2025,14,REG,2025_14_HOU_KC,KC,HOU,0,0,0,0,0,0,0,0,0,0,0,0,,,0,,0,0,0,0,0,0,0,0,0,0,,0,0,0,0,0,4,8,34,0,0,0,28,39,1,-8.66300535277696,0,1,0,0,0,1.21428571428571,0.275862068965517,0.0968858131487889,0.481613172652428,0,0,0,0,0,0,0,0,0,0,0,0,0,0,0,0,0,0,0,0,0,0,0,0,0,0,0,0,0,0,0,0,0,0,0,0,0,0,0,0,0,0,,,0,0,0,0,0,0,0,0,0,0,0,0,,,,0,0,0,0,0,0,0,,0,0,0,0,0,0,0,,0,0,0,0,0,0,0,0,0,0,3.4,7.4
00-0039068,Y.Diaby,Yaya Diaby,LB,LB,"https://static.www.nfl.com/image/upload/f_auto,q_auto/league/bwd4lm9x9djpggqdyyhr",2025,14,REG,2025_14_NO_TB,TB,NO,0,0,0,0,0,0,0,0,0,0,0,0,,,0,,0,0,0,0,0,0,0,0,0,0,,0,0,0,0,0,0,0,0,0,0,0,0,0,0,,0,0,0,0,0,,0,0,0,0,1,0,1,0,0,0,0,0,1,0,0,1,0,0,0,0,0,0,0,0,0,0,0,0,0,0,0,0,0,0,0,0,0,0,0,0,0,0,0,0,0,,,0,0,0,0,0,0,0,0,0,0,0,0,,,,0,0,0,0,0,0,0,,0,0,0,0,0,0,0,,0,0,0,0,0,0,0,0,0,0,0,0
00-0039070,G.Dexter,Gervon Dexter Sr.,DT,DL,"https://static.www.nfl.com/image/private/f_auto,q_auto/league/vj6m4qixxhqmufrr5ilo",2025,14,REG,2025_14_CHI_GB,CHI,GB,0,0,0,0,0,0,0,0,0,0,0,0,,,0,,0,0,0,0,0,0,0,0,0,0,,0,0,0,0,0,0,0,0,0,0,0,0,0,0,,0,0,0,0,0,,0,0,0,0,1,0,1,0,0,0,0,0,0,0,0,0,0,0,0,0,0,0,0,0,0,0,0,0,0,0,0,0,0,0,0,0,0,0,0,0,0,0,0,0,0,,,0,0,0,0,0,0,0,0,0,0,0,0,,,,0,0,0,0,0,0,0,,0,0,0,0,0,0,0,,0,0,0,0,0,0,0,0,0,0,0,0
00-0039074,D.Allen,Davis Allen,TE,TE,"https://static.www.nfl.com/image/upload/f_auto,q_auto/league/iweydtcrfchsl3mt6jtd",2025,14,REG,2025_14_LA_ARI,LA,ARI,0,0,0,0,0,0,0,0,0,0,0,0,,,0,,0,0,0,0,0,0,0,0,0,0,,0,0,0,0,0,2,2,21,0,0,0,1,20,1,1.63949672074523,0,1,0,0,0,21,0.0645161290322581,0.00448430493273543,0.0999132070013019,0,0,0,0,0,0,0,0,0,0,0,0,0,0,0,0,0,0,0,0,0,0,0,0,0,0,0,0,0,0,0,0,0,0,0,0,0,0,0,0,0,0,,,0,0,0,0,0,0,0,0,0,0,0,0,,,,0,0,0,0,0,0,0,,0,0,0,0,0,0,0,,0,0,0,0,0,0,0,0,0,0,2.1,4.1
00-0039075,P.Nacua,Puka Nacua,WR,WR,"https://static.www.nfl.com/image/upload/f_auto,q_auto/league/ipy6qw7hdygdfc8k86ba",2025,14,REG,2025_14_LA_ARI,LA,ARI,0,0,0,0,0,0,0,0,0,0,0,0,,,0,,0,0,0,0,0,0,0,0,0,0,,0,0,0,0,0,7,11,167,2,0,0,146,35,7,11.0753815351345,0,7,6,5,0,1.14383561643836,0.354838709677419,0.654708520179372,0.99055402864169,0,0,0,0,0,0,0,0,0,0,0,0,0,0,0,0,0,0,0,0,0,0,0,0,0,0,0,0,0,0,0,0,0,0,0,0,0,0,0,0,0,0,,,0,0,0,0,0,0,0,0,0,0,0,0,,,,0,0,0,0,0,0,0,,0,0,0,0,0,0,0,,0,0,0,0,0,0,0,0,0,0,28.7,35.7
00-0039108,W.Anderson,Will Anderson Jr.,DE,DL,"https://static.www.nfl.com/image/upload/f_auto,q_auto/league/ar9k2r2btzzb10zc0xja",2025,14,REG,2025_14_HOU_KC,HOU,KC,0,0,0,0,0,0,0,0,0,0,0,0,,,0,,0,0,0,0,0,0,0,0,0,0,,0,0,0,0,0,0,0,0,0,0,0,0,0,0,,0,0,0,0,0,,0,0,0,0,2,0,1,1,10,0,0,0,1,0,0,0,0,0,0,0,0,0,0,0,0,0,0,0,0,0,0,0,0,0,0,0,0,0,0,0,0,0,0,0,0,,,0,0,0,0,0,0,0,0,0,0,0,0,,,,0,0,0,0,0,0,0,,0,0,0,0,0,0,0,,0,0,0,0,0,0,0,0,0,0,0,0
00-0039110,K.Benton,Keeanu Benton,DT,DL,"https://static.www.nfl.com/image/upload/f_auto,q_auto/league/gmc2bdwzpvi0bkklmpjw",2025,14,REG,2025_14_PIT_BAL,PIT,BAL,0,0,0,0,0,0,0,0,0,0,0,0,,,0,,0,0,0,0,0,0,0,0,0,0,,0,0,0,0,0,0,0,0,0,0,0,0,0,0,,0,0,0,0,0,,0,0,0,0,1,0,3,0,0,0,0,0,0,0,0,1,0,0,0,0,0,0,0,0,0,0,0,0,0,0,0,0,0,0,0,0,0,0,0,0,0,0,0,0,0,,,0,0,0,0,0,0,0,0,0,0,0,0,,,,0,0,0,0,0,0,0,,0,0,0,0,0,0,0,,0,0,0,0,0,0,0,0,0,0,0,0
00-0039111,T.Tuipulotu,Tuli Tuipulotu,LB,LB,"https://static.www.nfl.com/image/upload/f_auto,q_auto/league/u2qqrqzzi3yawzxmbrxs",2025,14,REG,2025_14_PHI_LAC,LAC,PHI,0,0,0,0,0,0,0,0,0,0,0,0,,,0,,0,0,0,0,0,0,0,0,0,0,,0,0,0,0,0,0,0,0,0,0,0,0,0,0,,0,0,0,0,0,,0,0,0,0,3,0,0,0,0,0,0,0,1,0,0,0,0,0,0,0,0,0,0,0,0,0,0,0,0,0,0,0,0,0,0,0,0,0,0,0,0,0,0,0,0,,,0,0,0,0,0,0,0,0,0,0,0,0,,,,0,0,0,0,0,0,0,,0,0,0,0,0,0,0,,0,0,0,0,0,0,0,0,0,0,0,0
